[2026-07-22 00:10:17] [INFO] Beledci sistemi modulu yuklendi.
[2026-07-22 00:10:17] [INFO] SQLite yaddas bazasi ugurla yoxlanildi/yaradildi.
[2026-07-22 00:10:17] [INFO] Bazaya yazildi: 'beledci/beledci.log'
[2026-07-22 00:10:19] [INFO] CANLI BELEDCI SERVERI ISLEDIR: http://localhost:8090
[2026-07-22 00:21:08] [INFO] Bazaya yazildi: 'README.md'
[2026-07-22 00:26:52] [INFO] beledci_generator.py yenilendi! Server avtomatik restart olunur...
[2026-07-22 00:26:52] [INFO] Beledci Maksimal AI Analizator Mühərriki başladıldı.
[2026-07-22 00:26:52] [INFO] SQLite file_analysis bazasi ugurla hazirlandi.
[2026-07-22 00:26:52] [INFO] Maksimal AI Analiz Bazaya Yazildi: 'README.md'
[2026-07-22 00:26:52] [INFO] Maksimal AI Analiz Bazaya Yazildi: 'config.json'
[2026-07-22 00:26:52] [INFO] Maksimal AI Analiz Bazaya Yazildi: 'index.html'
[2026-07-22 00:26:52] [INFO] Maksimal AI Analiz Bazaya Yazildi: 'masterdeploy_remote_84.db'
[2026-07-22 00:26:52] [INFO] Maksimal AI Analiz Bazaya Yazildi: 'mezuniyyet-rust-taurisiz-olan.code-workspace'
[2026-07-22 00:26:52] [INFO] Maksimal AI Analiz Bazaya Yazildi: 'test_release.json'
[2026-07-22 00:26:52] [INFO] Maksimal AI Analiz Bazaya Yazildi: 'admin-sistemi/add-defender-exclusion.ps1'
[2026-07-22 00:26:52] [INFO] Maksimal AI Analiz Bazaya Yazildi: 'admin-sistemi/custom_api.txt'
[2026-07-22 00:26:52] [INFO] Maksimal AI Analiz Bazaya Yazildi: 'admin-sistemi/eslint.config.js'
[2026-07-22 00:26:52] [INFO] Maksimal AI Analiz Bazaya Yazildi: 'admin-sistemi/generate_print_designs.cjs'
[2026-07-22 00:26:52] [INFO] Maksimal AI Analiz Bazaya Yazildi: 'admin-sistemi/icon.png'
[2026-07-22 00:26:52] [INFO] Maksimal AI Analiz Bazaya Yazildi: 'admin-sistemi/index.html'
[2026-07-22 00:26:52] [INFO] Maksimal AI Analiz Bazaya Yazildi: 'admin-sistemi/package-lock.json'
[2026-07-22 00:26:52] [INFO] Maksimal AI Analiz Bazaya Yazildi: 'admin-sistemi/package.json'
[2026-07-22 00:26:52] [INFO] Maksimal AI Analiz Bazaya Yazildi: 'admin-sistemi/run_admin.py'
[2026-07-22 00:26:52] [INFO] Maksimal AI Analiz Bazaya Yazildi: 'admin-sistemi/start_dev.bat'
[2026-07-22 00:26:52] [INFO] Maksimal AI Analiz Bazaya Yazildi: 'admin-sistemi/vite.config.js'
[2026-07-22 00:26:52] [INFO] Maksimal AI Analiz Bazaya Yazildi: 'admin-sistemi/src/App.jsx'
[2026-07-22 00:26:52] [INFO] Maksimal AI Analiz Bazaya Yazildi: 'admin-sistemi/src/index.css'
[2026-07-22 00:26:52] [INFO] Maksimal AI Analiz Bazaya Yazildi: 'admin-sistemi/src/main.jsx'
[2026-07-22 00:26:52] [INFO] Maksimal AI Analiz Bazaya Yazildi: 'admin-sistemi/src/components/AnimatedLoader.css'
[2026-07-22 00:26:52] [INFO] Maksimal AI Analiz Bazaya Yazildi: 'admin-sistemi/src/components/AnimatedLoader.css.map'
[2026-07-22 00:26:52] [INFO] Maksimal AI Analiz Bazaya Yazildi: 'admin-sistemi/src/components/AnimatedLoader.jsx'
[2026-07-22 00:26:52] [INFO] Maksimal AI Analiz Bazaya Yazildi: 'admin-sistemi/src/components/CreepyButton.css'
[2026-07-22 00:26:52] [INFO] Maksimal AI Analiz Bazaya Yazildi: 'admin-sistemi/src/components/CreepyButton.jsx'
[2026-07-22 00:26:52] [INFO] Maksimal AI Analiz Bazaya Yazildi: 'admin-sistemi/src/components/DebugConsole.jsx'
[2026-07-22 00:26:52] [INFO] Maksimal AI Analiz Bazaya Yazildi: 'admin-sistemi/src/components/DebugToggleButton.jsx'
[2026-07-22 00:26:52] [INFO] Maksimal AI Analiz Bazaya Yazildi: 'admin-sistemi/src/components/EditEmployeeModal.jsx'
[2026-07-22 00:26:52] [INFO] Maksimal AI Analiz Bazaya Yazildi: 'admin-sistemi/src/components/EmployeeFormDialog.jsx'
[2026-07-22 00:26:52] [INFO] Maksimal AI Analiz Bazaya Yazildi: 'admin-sistemi/src/components/ErrorBoundary.jsx'
[2026-07-22 00:26:53] [INFO] Maksimal AI Analiz Bazaya Yazildi: 'admin-sistemi/src/components/Footer.jsx'
[2026-07-22 00:26:53] [INFO] Maksimal AI Analiz Bazaya Yazildi: 'admin-sistemi/src/components/LeafTransition.jsx'
[2026-07-22 00:26:53] [INFO] Maksimal AI Analiz Bazaya Yazildi: 'admin-sistemi/src/components/ProtectedRoute.jsx'
[2026-07-22 00:26:53] [INFO] Maksimal AI Analiz Bazaya Yazildi: 'admin-sistemi/src/components/RateLimitOverlay.jsx'
[2026-07-22 00:26:53] [INFO] Maksimal AI Analiz Bazaya Yazildi: 'admin-sistemi/src/components/TableToolbar.jsx'
[2026-07-22 00:26:53] [INFO] Maksimal AI Analiz Bazaya Yazildi: 'admin-sistemi/src/components/TopBar.jsx'
[2026-07-22 00:26:53] [INFO] Maksimal AI Analiz Bazaya Yazildi: 'admin-sistemi/src/components/UpdateNotification.jsx'
[2026-07-22 00:26:53] [INFO] Maksimal AI Analiz Bazaya Yazildi: 'admin-sistemi/src/components/VacationCalendar.jsx'
[2026-07-22 00:26:53] [INFO] Maksimal AI Analiz Bazaya Yazildi: 'admin-sistemi/src/components/VacationCalendar_backup.jsx'
[2026-07-22 00:26:53] [INFO] Maksimal AI Analiz Bazaya Yazildi: 'admin-sistemi/src/components/auth/LoginPage.jsx'
[2026-07-22 00:26:53] [INFO] Maksimal AI Analiz Bazaya Yazildi: 'admin-sistemi/src/components/calendar/CalendarPage.jsx'
[2026-07-22 00:26:53] [INFO] Maksimal AI Analiz Bazaya Yazildi: 'admin-sistemi/src/components/common/LoadingOverlay.jsx'
[2026-07-22 00:26:53] [INFO] Maksimal AI Analiz Bazaya Yazildi: 'admin-sistemi/src/components/common/ServerAwakening.jsx'
[2026-07-22 00:26:53] [INFO] Maksimal AI Analiz Bazaya Yazildi: 'admin-sistemi/src/components/common/SplashScreen.jsx'
[2026-07-22 00:26:53] [INFO] Maksimal AI Analiz Bazaya Yazildi: 'admin-sistemi/src/components/dashboard/DashboardPage.jsx'
[2026-07-22 00:26:53] [INFO] Maksimal AI Analiz Bazaya Yazildi: 'admin-sistemi/src/components/employees/EmployeeList.jsx'
[2026-07-22 00:26:53] [INFO] Maksimal AI Analiz Bazaya Yazildi: 'admin-sistemi/src/components/Games/ExternalGameWindow.jsx'
[2026-07-22 00:26:53] [INFO] Maksimal AI Analiz Bazaya Yazildi: 'admin-sistemi/src/components/Games/TicTacToe/Board.jsx'
[2026-07-22 00:26:53] [INFO] Maksimal AI Analiz Bazaya Yazildi: 'admin-sistemi/src/components/Games/TicTacToe/Dice3D.jsx'
[2026-07-22 00:26:53] [INFO] Maksimal AI Analiz Bazaya Yazildi: 'admin-sistemi/src/components/Games/TicTacToe/DiceOverlay.jsx'
[2026-07-22 00:26:53] [INFO] Maksimal AI Analiz Bazaya Yazildi: 'admin-sistemi/src/components/Games/TicTacToe/TicTacToe.jsx'
[2026-07-22 00:26:53] [INFO] Maksimal AI Analiz Bazaya Yazildi: 'admin-sistemi/src/components/layout/AppLayout.jsx'
[2026-07-22 00:26:53] [INFO] Maksimal AI Analiz Bazaya Yazildi: 'admin-sistemi/src/components/settings/SettingsPage.jsx'
[2026-07-22 00:26:53] [INFO] Maksimal AI Analiz Bazaya Yazildi: 'admin-sistemi/src/components/Sidebar/EmployeeListSidebar.jsx'
[2026-07-22 00:26:53] [INFO] Maksimal AI Analiz Bazaya Yazildi: 'admin-sistemi/src/components/Sidebar/IconSidebar.jsx'
[2026-07-22 00:26:53] [INFO] Maksimal AI Analiz Bazaya Yazildi: 'admin-sistemi/src/components/ThemeSelector/ThemeSelector.jsx'
[2026-07-22 00:26:53] [INFO] Maksimal AI Analiz Bazaya Yazildi: 'admin-sistemi/src/components/vacations/EditVacationDialog.jsx'
[2026-07-22 00:26:53] [INFO] Maksimal AI Analiz Bazaya Yazildi: 'admin-sistemi/src/components/vacations/VacationList.jsx'
[2026-07-22 00:26:53] [INFO] Maksimal AI Analiz Bazaya Yazildi: 'admin-sistemi/src/context/AuthContext.jsx'
[2026-07-22 00:26:53] [INFO] Maksimal AI Analiz Bazaya Yazildi: 'admin-sistemi/src/context/NotificationContext.jsx'
[2026-07-22 00:26:53] [INFO] Maksimal AI Analiz Bazaya Yazildi: 'admin-sistemi/src/context/SocketContext.jsx'
[2026-07-22 00:26:53] [INFO] Maksimal AI Analiz Bazaya Yazildi: 'admin-sistemi/src/context/SoundAssets.js'
[2026-07-22 00:26:53] [INFO] Maksimal AI Analiz Bazaya Yazildi: 'admin-sistemi/src/context/SoundContext.jsx'
[2026-07-22 00:26:53] [INFO] Maksimal AI Analiz Bazaya Yazildi: 'admin-sistemi/src/context/ThemeContext.jsx'
[2026-07-22 00:26:53] [INFO] Maksimal AI Analiz Bazaya Yazildi: 'admin-sistemi/src/layouts/MainLayout.jsx'
[2026-07-22 00:26:53] [INFO] Maksimal AI Analiz Bazaya Yazildi: 'admin-sistemi/src/pages/AdminDashboard.jsx'
[2026-07-22 00:26:53] [INFO] Maksimal AI Analiz Bazaya Yazildi: 'admin-sistemi/src/pages/AdminErrorLogs.jsx'
[2026-07-22 00:26:53] [INFO] Maksimal AI Analiz Bazaya Yazildi: 'admin-sistemi/src/pages/AnimationShowcase.jsx'
[2026-07-22 00:26:53] [INFO] Maksimal AI Analiz Bazaya Yazildi: 'admin-sistemi/src/pages/ArchivePage.jsx'
[2026-07-22 00:26:53] [INFO] Maksimal AI Analiz Bazaya Yazildi: 'admin-sistemi/src/pages/CalendarPage.jsx'
[2026-07-22 00:26:53] [INFO] Maksimal AI Analiz Bazaya Yazildi: 'admin-sistemi/src/pages/CalendarPage_backup.jsx'
[2026-07-22 00:26:53] [INFO] Maksimal AI Analiz Bazaya Yazildi: 'admin-sistemi/src/pages/ChatPage.jsx'
[2026-07-22 00:26:53] [INFO] Maksimal AI Analiz Bazaya Yazildi: 'admin-sistemi/src/pages/Dashboard.jsx'
[2026-07-22 00:26:53] [INFO] Maksimal AI Analiz Bazaya Yazildi: 'admin-sistemi/src/pages/EmployeeDetails.jsx'
[2026-07-22 00:26:53] [INFO] Maksimal AI Analiz Bazaya Yazildi: 'admin-sistemi/src/pages/Employees.jsx'
[2026-07-22 00:26:53] [INFO] Maksimal AI Analiz Bazaya Yazildi: 'admin-sistemi/src/pages/Home.css'
[2026-07-22 00:26:53] [INFO] Maksimal AI Analiz Bazaya Yazildi: 'admin-sistemi/src/pages/Home.jsx'
[2026-07-22 00:26:53] [INFO] Maksimal AI Analiz Bazaya Yazildi: 'admin-sistemi/src/pages/Login.jsx'
[2026-07-22 00:26:53] [INFO] Maksimal AI Analiz Bazaya Yazildi: 'admin-sistemi/src/pages/ProfilePage.jsx'
[2026-07-22 00:26:53] [INFO] Maksimal AI Analiz Bazaya Yazildi: 'admin-sistemi/src/pages/Register.css'
[2026-07-22 00:26:53] [INFO] Maksimal AI Analiz Bazaya Yazildi: 'admin-sistemi/src/pages/Register.jsx'
[2026-07-22 00:26:53] [INFO] Maksimal AI Analiz Bazaya Yazildi: 'admin-sistemi/src/pages/ReportsPage.jsx'
[2026-07-22 00:26:53] [INFO] Maksimal AI Analiz Bazaya Yazildi: 'admin-sistemi/src/pages/SecurityPage.jsx'
[2026-07-22 00:26:53] [INFO] Maksimal AI Analiz Bazaya Yazildi: 'admin-sistemi/src/pages/SettingsPage.jsx'
[2026-07-22 00:26:53] [INFO] Maksimal AI Analiz Bazaya Yazildi: 'admin-sistemi/src/pages/SetupCompany.jsx'
[2026-07-22 00:26:53] [INFO] Maksimal AI Analiz Bazaya Yazildi: 'admin-sistemi/src/pages/TestCalendarPage.jsx'
[2026-07-22 00:26:53] [INFO] Maksimal AI Analiz Bazaya Yazildi: 'admin-sistemi/src/pages/TestCardDesign.jsx'
[2026-07-22 00:26:53] [INFO] Maksimal AI Analiz Bazaya Yazildi: 'admin-sistemi/src/pages/TestEmployees.jsx'
[2026-07-22 00:26:53] [INFO] Maksimal AI Analiz Bazaya Yazildi: 'admin-sistemi/src/pages/TestLottie.jsx'
[2026-07-22 00:26:53] [INFO] Maksimal AI Analiz Bazaya Yazildi: 'admin-sistemi/src/pages/TestProfilePage.jsx'
[2026-07-22 00:26:53] [INFO] Maksimal AI Analiz Bazaya Yazildi: 'admin-sistemi/src/pages/VacationRequestsPage.jsx'
[2026-07-22 00:26:53] [INFO] Maksimal AI Analiz Bazaya Yazildi: 'admin-sistemi/src/pages/AdminTools/AdminClientLogs.jsx'
[2026-07-22 00:26:53] [INFO] Maksimal AI Analiz Bazaya Yazildi: 'admin-sistemi/src/pages/AdminTools/AdminManagement.jsx'
[2026-07-22 00:26:53] [INFO] Maksimal AI Analiz Bazaya Yazildi: 'admin-sistemi/src/pages/AdminTools/AdminToolsPage.jsx'
[2026-07-22 00:26:53] [INFO] Maksimal AI Analiz Bazaya Yazildi: 'admin-sistemi/src/pages/AdminTools/DictionaryManager.jsx'
[2026-07-22 00:26:53] [INFO] Maksimal AI Analiz Bazaya Yazildi: 'admin-sistemi/src/pages/AdminTools/SystemTestManager.jsx'
[2026-07-22 00:26:53] [INFO] Maksimal AI Analiz Bazaya Yazildi: 'admin-sistemi/src/pages/Notifications/NotificationsPage.jsx'
[2026-07-22 00:26:53] [INFO] Maksimal AI Analiz Bazaya Yazildi: 'admin-sistemi/src/services/adminApi.js'
[2026-07-22 00:26:53] [INFO] Maksimal AI Analiz Bazaya Yazildi: 'admin-sistemi/src/services/api.js'
[2026-07-22 00:26:53] [INFO] Maksimal AI Analiz Bazaya Yazildi: 'admin-sistemi/src/services/errorReporter.js'
[2026-07-22 00:26:53] [INFO] Maksimal AI Analiz Bazaya Yazildi: 'admin-sistemi/src/services/logService.js'
[2026-07-22 00:26:53] [INFO] Maksimal AI Analiz Bazaya Yazildi: 'admin-sistemi/src/services/versionService.js'
[2026-07-22 00:26:53] [INFO] Maksimal AI Analiz Bazaya Yazildi: 'admin-sistemi/src/test/apiService.test.js'
[2026-07-22 00:26:53] [INFO] Maksimal AI Analiz Bazaya Yazildi: 'admin-sistemi/src/test/app_health.test.js'
[2026-07-22 00:26:54] [INFO] Maksimal AI Analiz Bazaya Yazildi: 'admin-sistemi/src/test/login.test.jsx'
[2026-07-22 00:26:54] [INFO] Maksimal AI Analiz Bazaya Yazildi: 'admin-sistemi/src/test/setup.js'
[2026-07-22 00:26:54] [INFO] Maksimal AI Analiz Bazaya Yazildi: 'admin-sistemi/src/theme/design-system.css'
[2026-07-22 00:26:54] [INFO] Maksimal AI Analiz Bazaya Yazildi: 'admin-sistemi/src/theme/theme.js'
[2026-07-22 00:26:54] [INFO] Maksimal AI Analiz Bazaya Yazildi: 'admin-sistemi/src-tauri/Cargo.lock'
[2026-07-22 00:26:54] [INFO] Maksimal AI Analiz Bazaya Yazildi: 'admin-sistemi/src-tauri/Cargo.toml'
[2026-07-22 00:26:54] [INFO] Maksimal AI Analiz Bazaya Yazildi: 'admin-sistemi/src-tauri/build.rs'
[2026-07-22 00:26:54] [INFO] Maksimal AI Analiz Bazaya Yazildi: 'admin-sistemi/src-tauri/build_err.log'
[2026-07-22 00:26:54] [INFO] Maksimal AI Analiz Bazaya Yazildi: 'admin-sistemi/src-tauri/custom_api.txt'
[2026-07-22 00:26:54] [INFO] Maksimal AI Analiz Bazaya Yazildi: 'admin-sistemi/src-tauri/error.log'
[2026-07-22 00:26:54] [INFO] Maksimal AI Analiz Bazaya Yazildi: 'admin-sistemi/src-tauri/error_utf8.log'
[2026-07-22 00:26:54] [INFO] Maksimal AI Analiz Bazaya Yazildi: 'admin-sistemi/src-tauri/extract_keys.py'
[2026-07-22 00:26:54] [INFO] Maksimal AI Analiz Bazaya Yazildi: 'admin-sistemi/src-tauri/private.key'
[2026-07-22 00:26:54] [INFO] Maksimal AI Analiz Bazaya Yazildi: 'admin-sistemi/src-tauri/public.key'
[2026-07-22 00:26:54] [INFO] Maksimal AI Analiz Bazaya Yazildi: 'admin-sistemi/src-tauri/tauri.conf.json'
[2026-07-22 00:26:54] [INFO] Maksimal AI Analiz Bazaya Yazildi: 'admin-sistemi/src-tauri/build/hooks.nsh'
[2026-07-22 00:26:54] [INFO] Maksimal AI Analiz Bazaya Yazildi: 'admin-sistemi/src-tauri/capabilities/default.json'
[2026-07-22 00:26:54] [INFO] Maksimal AI Analiz Bazaya Yazildi: 'admin-sistemi/src-tauri/gen/schemas/acl-manifests.json'
[2026-07-22 00:26:54] [INFO] Maksimal AI Analiz Bazaya Yazildi: 'admin-sistemi/src-tauri/gen/schemas/capabilities.json'
[2026-07-22 00:26:54] [INFO] Maksimal AI Analiz Bazaya Yazildi: 'admin-sistemi/src-tauri/gen/schemas/desktop-schema.json'
[2026-07-22 00:26:54] [INFO] Maksimal AI Analiz Bazaya Yazildi: 'admin-sistemi/src-tauri/gen/schemas/windows-schema.json'
[2026-07-22 00:26:54] [INFO] Maksimal AI Analiz Bazaya Yazildi: 'admin-sistemi/src-tauri/icons/128x128.png'
[2026-07-22 00:26:54] [INFO] Maksimal AI Analiz Bazaya Yazildi: 'admin-sistemi/src-tauri/icons/128x128@2x.png'
[2026-07-22 00:26:54] [INFO] Maksimal AI Analiz Bazaya Yazildi: 'admin-sistemi/src-tauri/icons/32x32.png'
[2026-07-22 00:26:54] [INFO] Maksimal AI Analiz Bazaya Yazildi: 'admin-sistemi/src-tauri/icons/icon.icns'
[2026-07-22 00:26:54] [INFO] Maksimal AI Analiz Bazaya Yazildi: 'admin-sistemi/src-tauri/icons/icon.ico'
[2026-07-22 00:26:54] [INFO] Maksimal AI Analiz Bazaya Yazildi: 'admin-sistemi/src-tauri/icons/icon.png'
[2026-07-22 00:26:54] [INFO] Maksimal AI Analiz Bazaya Yazildi: 'admin-sistemi/src-tauri/icons/icons.icns'
[2026-07-22 00:26:54] [INFO] Maksimal AI Analiz Bazaya Yazildi: 'admin-sistemi/src-tauri/icons/icons.ico'
[2026-07-22 00:26:54] [INFO] Maksimal AI Analiz Bazaya Yazildi: 'admin-sistemi/src-tauri/icons/icons.png'
[2026-07-22 00:26:55] [INFO] Maksimal AI Analiz Bazaya Yazildi: 'admin-sistemi/src-tauri/settings/pre_install.nsh'
[2026-07-22 00:26:55] [INFO] Maksimal AI Analiz Bazaya Yazildi: 'admin-sistemi/src-tauri/src/main.rs'
[2026-07-22 00:26:55] [INFO] Maksimal AI Analiz Bazaya Yazildi: 'beledci/MUNDERICAT.md'
[2026-07-22 00:26:55] [INFO] Maksimal AI Analiz Bazaya Yazildi: 'beledci/README.md'
[2026-07-22 00:26:55] [INFO] Maksimal AI Analiz Bazaya Yazildi: 'beledci/beledci.html'
[2026-07-22 00:26:55] [INFO] Maksimal AI Analiz Bazaya Yazildi: 'beledci/beledci.log'
[2026-07-22 00:26:55] [INFO] Maksimal AI Analiz Bazaya Yazildi: 'beledci/beledci_generator.py'
[2026-07-22 00:26:55] [INFO] Maksimal AI Analiz Bazaya Yazildi: 'beledci/beledci_kb.db'
[2026-07-22 00:26:55] [INFO] Maksimal AI Analiz Bazaya Yazildi: 'beledci/descriptions.json'
[2026-07-22 00:26:55] [INFO] Maksimal AI Analiz Bazaya Yazildi: 'docs/README.md'
[2026-07-22 00:26:55] [INFO] Maksimal AI Analiz Bazaya Yazildi: 'github/repo_gui copy.py'
[2026-07-22 00:26:55] [INFO] Maksimal AI Analiz Bazaya Yazildi: 'github/repo_gui.py'
[2026-07-22 00:26:55] [INFO] Maksimal AI Analiz Bazaya Yazildi: 'github/repo_logs/log_2026-06-22.txt'
[2026-07-22 00:26:55] [INFO] Maksimal AI Analiz Bazaya Yazildi: 'github/repo_logs/log_2026-07-01.txt'
[2026-07-22 00:26:55] [INFO] Maksimal AI Analiz Bazaya Yazildi: 'github/repo_logs/log_2026-07-05.txt'
[2026-07-22 00:26:55] [INFO] Maksimal AI Analiz Bazaya Yazildi: 'github/repo_logs/log_2026-07-06.txt'
[2026-07-22 00:26:55] [INFO] Maksimal AI Analiz Bazaya Yazildi: 'github/repo_logs/log_2026-07-07.txt'
[2026-07-22 00:26:55] [INFO] Maksimal AI Analiz Bazaya Yazildi: 'github/repo_logs/log_2026-07-08.txt'
[2026-07-22 00:26:55] [INFO] Maksimal AI Analiz Bazaya Yazildi: 'github/repo_logs/log_2026-07-09.txt'
[2026-07-22 00:26:55] [INFO] Maksimal AI Analiz Bazaya Yazildi: 'github/repo_logs/log_2026-07-10.txt'
[2026-07-22 00:26:55] [INFO] Maksimal AI Analiz Bazaya Yazildi: 'github/repo_logs/log_2026-07-11.txt'
[2026-07-22 00:26:55] [INFO] Maksimal AI Analiz Bazaya Yazildi: 'github/repo_logs/log_2026-07-12.txt'
[2026-07-22 00:26:55] [INFO] Maksimal AI Analiz Bazaya Yazildi: 'github/repo_logs/log_2026-07-13.txt'
[2026-07-22 00:26:55] [INFO] Maksimal AI Analiz Bazaya Yazildi: 'github/repo_logs/log_2026-07-14.txt'
[2026-07-22 00:26:55] [INFO] Maksimal AI Analiz Bazaya Yazildi: 'github/repo_logs/log_2026-07-16.txt'
[2026-07-22 00:26:55] [INFO] Maksimal AI Analiz Bazaya Yazildi: 'github/repo_logs/log_2026-07-19.txt'
[2026-07-22 00:26:55] [INFO] Maksimal AI Analiz Bazaya Yazildi: 'github/repo_logs/log_2026-07-20.txt'
[2026-07-22 00:26:55] [INFO] Maksimal AI Analiz Bazaya Yazildi: 'github/repo_logs/log_2026-07-21.txt'
[2026-07-22 00:26:55] [INFO] Maksimal AI Analiz Bazaya Yazildi: 'mezuniyyet/MIGRATION_GUIDE.md'
[2026-07-22 00:26:55] [INFO] Maksimal AI Analiz Bazaya Yazildi: 'mezuniyyet/NEXT_AGENT_INSTRUCTIONS.md'
[2026-07-22 00:26:55] [INFO] Maksimal AI Analiz Bazaya Yazildi: 'mezuniyyet/beledci_mema.md'
[2026-07-22 00:26:55] [INFO] Maksimal AI Analiz Bazaya Yazildi: 'mezuniyyet/build_and_push_app.py'
[2026-07-22 00:26:55] [INFO] Maksimal AI Analiz Bazaya Yazildi: 'mezuniyyet/build_log.md'
[2026-07-22 00:26:55] [INFO] Maksimal AI Analiz Bazaya Yazildi: 'mezuniyyet/custom_api.txt'
[2026-07-22 00:26:55] [INFO] Maksimal AI Analiz Bazaya Yazildi: 'mezuniyyet/gelecek_planlar.md'
[2026-07-22 00:26:55] [INFO] Maksimal AI Analiz Bazaya Yazildi: 'mezuniyyet/history_manager.py'
[2026-07-22 00:26:55] [INFO] Maksimal AI Analiz Bazaya Yazildi: 'mezuniyyet/mema.md'
[2026-07-22 00:26:55] [INFO] Maksimal AI Analiz Bazaya Yazildi: 'mezuniyyet/mezuniyyet-rust-taurisiz-olan.code-workspace'
[2026-07-22 00:26:55] [INFO] Maksimal AI Analiz Bazaya Yazildi: 'mezuniyyet/run_app.py'
[2026-07-22 00:26:55] [INFO] Maksimal AI Analiz Bazaya Yazildi: 'mezuniyyet/tauri_simulator.py'
[2026-07-22 00:26:55] [INFO] Maksimal AI Analiz Bazaya Yazildi: 'mezuniyyet/test_smart_gate.py'
[2026-07-22 00:26:56] [INFO] Maksimal AI Analiz Bazaya Yazildi: 'mezuniyyet/update_debug.py'
[2026-07-22 00:26:56] [INFO] Maksimal AI Analiz Bazaya Yazildi: 'mezuniyyet/cloudflare-gate/wrangler.toml'
[2026-07-22 00:26:56] [INFO] Maksimal AI Analiz Bazaya Yazildi: 'mezuniyyet/cloudflare-gate/src/index.js'
[2026-07-22 00:26:56] [INFO] Maksimal AI Analiz Bazaya Yazildi: 'mezuniyyet/dizayn/index.html'
[2026-07-22 00:26:56] [INFO] Maksimal AI Analiz Bazaya Yazildi: 'mezuniyyet/dizayn/script.js'
[2026-07-22 00:26:56] [INFO] Maksimal AI Analiz Bazaya Yazildi: 'mezuniyyet/dizayn/style.css'
[2026-07-22 00:26:56] [INFO] Maksimal AI Analiz Bazaya Yazildi: 'mezuniyyet/docs/MIGRATION_GUIDE.md'
[2026-07-22 00:26:56] [INFO] Maksimal AI Analiz Bazaya Yazildi: 'mezuniyyet/docs/NEXT_AGENT_INSTRUCTIONS.md'
[2026-07-22 00:26:56] [INFO] Maksimal AI Analiz Bazaya Yazildi: 'mezuniyyet/docs/beledci_mema.md'
[2026-07-22 00:26:56] [INFO] Maksimal AI Analiz Bazaya Yazildi: 'mezuniyyet/docs/build_log.md'
[2026-07-22 00:26:56] [INFO] Maksimal AI Analiz Bazaya Yazildi: 'mezuniyyet/docs/external-games__client__README.md'
[2026-07-22 00:26:56] [INFO] Maksimal AI Analiz Bazaya Yazildi: 'mezuniyyet/docs/gelecek_planlar.md'
[2026-07-22 00:26:56] [INFO] Maksimal AI Analiz Bazaya Yazildi: 'mezuniyyet/docs/mema.md'
[2026-07-22 00:26:56] [INFO] Maksimal AI Analiz Bazaya Yazildi: 'mezuniyyet/docs/tests__README.md'
[2026-07-22 00:26:56] [INFO] Maksimal AI Analiz Bazaya Yazildi: 'mezuniyyet/docs/tests__TEST_BASLAMA_REHBERI.md'
[2026-07-22 00:26:56] [INFO] Maksimal AI Analiz Bazaya Yazildi: 'mezuniyyet/external-games/client/README.md'
[2026-07-22 00:26:56] [INFO] Maksimal AI Analiz Bazaya Yazildi: 'mezuniyyet/external-games/client/eslint.config.js'
[2026-07-22 00:26:56] [INFO] Maksimal AI Analiz Bazaya Yazildi: 'mezuniyyet/external-games/client/index.html'
[2026-07-22 00:26:56] [INFO] Maksimal AI Analiz Bazaya Yazildi: 'mezuniyyet/external-games/client/package-lock.json'
[2026-07-22 00:26:56] [INFO] Maksimal AI Analiz Bazaya Yazildi: 'mezuniyyet/external-games/client/package.json'
[2026-07-22 00:26:56] [INFO] Maksimal AI Analiz Bazaya Yazildi: 'mezuniyyet/external-games/client/vite.config.js'
[2026-07-22 00:26:56] [INFO] Maksimal AI Analiz Bazaya Yazildi: 'mezuniyyet/external-games/client/public/favicon.svg'
[2026-07-22 00:26:56] [INFO] Maksimal AI Analiz Bazaya Yazildi: 'mezuniyyet/external-games/client/public/icons.svg'
[2026-07-22 00:26:56] [INFO] Maksimal AI Analiz Bazaya Yazildi: 'mezuniyyet/external-games/client/src/App.css'
[2026-07-22 00:26:56] [INFO] Maksimal AI Analiz Bazaya Yazildi: 'mezuniyyet/external-games/client/src/App.jsx'
[2026-07-22 00:26:56] [INFO] Maksimal AI Analiz Bazaya Yazildi: 'mezuniyyet/external-games/client/src/SocketContext.jsx'
[2026-07-22 00:26:56] [INFO] Maksimal AI Analiz Bazaya Yazildi: 'mezuniyyet/external-games/client/src/index.css'
[2026-07-22 00:26:56] [INFO] Maksimal AI Analiz Bazaya Yazildi: 'mezuniyyet/external-games/client/src/main.jsx'
[2026-07-22 00:26:56] [INFO] Maksimal AI Analiz Bazaya Yazildi: 'mezuniyyet/external-games/client/src/assets/hero.png'
[2026-07-22 00:26:56] [INFO] Maksimal AI Analiz Bazaya Yazildi: 'mezuniyyet/external-games/client/src/assets/react.svg'
[2026-07-22 00:26:56] [INFO] Maksimal AI Analiz Bazaya Yazildi: 'mezuniyyet/external-games/client/src/assets/vite.svg'
[2026-07-22 00:26:56] [INFO] Maksimal AI Analiz Bazaya Yazildi: 'mezuniyyet/external-games/client/src/components/Games/TicTacToe/Board.jsx'
[2026-07-22 00:26:56] [INFO] Maksimal AI Analiz Bazaya Yazildi: 'mezuniyyet/external-games/client/src/components/Games/TicTacToe/Dice3D.jsx'
[2026-07-22 00:26:56] [INFO] Maksimal AI Analiz Bazaya Yazildi: 'mezuniyyet/external-games/client/src/components/Games/TicTacToe/DiceOverlay.jsx'
[2026-07-22 00:26:56] [INFO] Maksimal AI Analiz Bazaya Yazildi: 'mezuniyyet/external-games/client/src/components/Games/TicTacToe/TicTacToe.jsx'
[2026-07-22 00:26:56] [INFO] Maksimal AI Analiz Bazaya Yazildi: 'mezuniyyet/external-games/server/index.js'
[2026-07-22 00:26:56] [INFO] Maksimal AI Analiz Bazaya Yazildi: 'mezuniyyet/external-games/server/package-lock.json'
[2026-07-22 00:26:56] [INFO] Maksimal AI Analiz Bazaya Yazildi: 'mezuniyyet/external-games/server/package.json'
[2026-07-22 00:26:56] [INFO] Maksimal AI Analiz Bazaya Yazildi: 'mezuniyyet/external-games/server/unban.js'
[2026-07-22 00:26:56] [INFO] Maksimal AI Analiz Bazaya Yazildi: 'mezuniyyet/private key game/ssh-key-2026-06-15 (5).key'
[2026-07-22 00:26:56] [INFO] Maksimal AI Analiz Bazaya Yazildi: 'mezuniyyet/requirements/requirements-dev.txt'
[2026-07-22 00:26:56] [INFO] Maksimal AI Analiz Bazaya Yazildi: 'mezuniyyet/requirements/requirements-lock.txt'
[2026-07-22 00:26:56] [INFO] Maksimal AI Analiz Bazaya Yazildi: 'mezuniyyet/requirements/requirements.txt'
[2026-07-22 00:26:56] [INFO] Maksimal AI Analiz Bazaya Yazildi: 'mezuniyyet/rust-sistemi/add-defender-exclusion.ps1'
[2026-07-22 00:26:56] [INFO] Maksimal AI Analiz Bazaya Yazildi: 'mezuniyyet/rust-sistemi/custom_api.txt'
[2026-07-22 00:26:56] [INFO] Maksimal AI Analiz Bazaya Yazildi: 'mezuniyyet/rust-sistemi/dummy_test.txt.sig'
[2026-07-22 00:26:56] [INFO] Maksimal AI Analiz Bazaya Yazildi: 'mezuniyyet/rust-sistemi/eslint.config.js'
[2026-07-22 00:26:56] [INFO] Maksimal AI Analiz Bazaya Yazildi: 'mezuniyyet/rust-sistemi/generate_print_designs.cjs'
[2026-07-22 00:26:56] [INFO] Maksimal AI Analiz Bazaya Yazildi: 'mezuniyyet/rust-sistemi/icon.png'
[2026-07-22 00:26:56] [INFO] Maksimal AI Analiz Bazaya Yazildi: 'mezuniyyet/rust-sistemi/index.html'
[2026-07-22 00:26:56] [INFO] Maksimal AI Analiz Bazaya Yazildi: 'mezuniyyet/rust-sistemi/package-lock.json'
[2026-07-22 00:26:56] [INFO] Maksimal AI Analiz Bazaya Yazildi: 'mezuniyyet/rust-sistemi/package.json'
[2026-07-22 00:26:56] [INFO] Maksimal AI Analiz Bazaya Yazildi: 'mezuniyyet/rust-sistemi/start_dev.bat'
[2026-07-22 00:26:56] [INFO] Maksimal AI Analiz Bazaya Yazildi: 'mezuniyyet/rust-sistemi/vite.config.js'
[2026-07-22 00:26:56] [INFO] Maksimal AI Analiz Bazaya Yazildi: 'mezuniyyet/rust-sistemi/new-api/Cargo.lock'
[2026-07-22 00:26:56] [INFO] Maksimal AI Analiz Bazaya Yazildi: 'mezuniyyet/rust-sistemi/new-api/Cargo.toml'
[2026-07-22 00:26:56] [INFO] Maksimal AI Analiz Bazaya Yazildi: 'mezuniyyet/rust-sistemi/new-api/Dockerfile'
[2026-07-22 00:26:56] [INFO] Maksimal AI Analiz Bazaya Yazildi: 'mezuniyyet/rust-sistemi/new-api/build_and_deploy_api_local.py'
[2026-07-22 00:26:56] [INFO] Maksimal AI Analiz Bazaya Yazildi: 'mezuniyyet/rust-sistemi/new-api/check2.txt'
[2026-07-22 00:26:56] [INFO] Maksimal AI Analiz Bazaya Yazildi: 'mezuniyyet/rust-sistemi/new-api/check_errors.txt'
[2026-07-22 00:26:56] [INFO] Maksimal AI Analiz Bazaya Yazildi: 'mezuniyyet/rust-sistemi/new-api/check_output.txt'
[2026-07-22 00:26:56] [INFO] Maksimal AI Analiz Bazaya Yazildi: 'mezuniyyet/rust-sistemi/new-api/check_output_utf8.txt'
[2026-07-22 00:26:56] [INFO] Maksimal AI Analiz Bazaya Yazildi: 'mezuniyyet/rust-sistemi/new-api/check_stderr.txt'
[2026-07-22 00:26:56] [INFO] Maksimal AI Analiz Bazaya Yazildi: 'mezuniyyet/rust-sistemi/new-api/check_stdout.txt'
[2026-07-22 00:26:57] [INFO] Maksimal AI Analiz Bazaya Yazildi: 'mezuniyyet/rust-sistemi/new-api/error.log'
[2026-07-22 00:26:57] [INFO] Maksimal AI Analiz Bazaya Yazildi: 'mezuniyyet/rust-sistemi/new-api/error_ansi.txt'
[2026-07-22 00:26:57] [INFO] Maksimal AI Analiz Bazaya Yazildi: 'mezuniyyet/rust-sistemi/new-api/errors.log'
[2026-07-22 00:26:57] [INFO] Maksimal AI Analiz Bazaya Yazildi: 'mezuniyyet/rust-sistemi/new-api/errors.txt'
[2026-07-22 00:26:57] [INFO] Maksimal AI Analiz Bazaya Yazildi: 'mezuniyyet/rust-sistemi/new-api/errors_json.log'
[2026-07-22 00:26:57] [INFO] Maksimal AI Analiz Bazaya Yazildi: 'mezuniyyet/rust-sistemi/new-api/errors_utf8.log'
[2026-07-22 00:26:57] [INFO] Maksimal AI Analiz Bazaya Yazildi: 'mezuniyyet/rust-sistemi/new-api/errors_utf8.txt'
[2026-07-22 00:26:57] [INFO] Maksimal AI Analiz Bazaya Yazildi: 'mezuniyyet/rust-sistemi/new-api/last_test_run.log'
[2026-07-22 00:26:57] [INFO] Maksimal AI Analiz Bazaya Yazildi: 'mezuniyyet/rust-sistemi/new-api/read_log.py'
[2026-07-22 00:26:57] [INFO] Maksimal AI Analiz Bazaya Yazildi: 'mezuniyyet/rust-sistemi/new-api/render.yaml'
[2026-07-22 00:26:57] [INFO] Maksimal AI Analiz Bazaya Yazildi: 'mezuniyyet/rust-sistemi/new-api/test_results.log'
[2026-07-22 00:26:57] [INFO] Maksimal AI Analiz Bazaya Yazildi: 'mezuniyyet/rust-sistemi/new-api/tests_output.log'
[2026-07-22 00:26:57] [INFO] Maksimal AI Analiz Bazaya Yazildi: 'mezuniyyet/rust-sistemi/new-api/logs/client_logs_2026-06-01.jsonl'
[2026-07-22 00:26:57] [INFO] Maksimal AI Analiz Bazaya Yazildi: 'mezuniyyet/rust-sistemi/new-api/logs/client_logs_2026-06-02.jsonl'
[2026-07-22 00:26:57] [INFO] Maksimal AI Analiz Bazaya Yazildi: 'mezuniyyet/rust-sistemi/new-api/logs/client_logs_2026-06-03.jsonl'
[2026-07-22 00:26:57] [INFO] Maksimal AI Analiz Bazaya Yazildi: 'mezuniyyet/rust-sistemi/new-api/logs/client_logs_2026-06-04.jsonl'
[2026-07-22 00:26:57] [INFO] Maksimal AI Analiz Bazaya Yazildi: 'mezuniyyet/rust-sistemi/new-api/logs/client_logs_2026-06-05.jsonl'
[2026-07-22 00:26:57] [INFO] Maksimal AI Analiz Bazaya Yazildi: 'mezuniyyet/rust-sistemi/new-api/logs/client_logs_2026-06-08.jsonl'
[2026-07-22 00:26:57] [INFO] Maksimal AI Analiz Bazaya Yazildi: 'mezuniyyet/rust-sistemi/new-api/logs/client_logs_2026-06-09.jsonl'
[2026-07-22 00:26:57] [INFO] Maksimal AI Analiz Bazaya Yazildi: 'mezuniyyet/rust-sistemi/new-api/logs/client_logs_2026-06-10.jsonl'
[2026-07-22 00:26:57] [INFO] Maksimal AI Analiz Bazaya Yazildi: 'mezuniyyet/rust-sistemi/new-api/logs/client_logs_2026-06-11.jsonl'
[2026-07-22 00:26:57] [INFO] Maksimal AI Analiz Bazaya Yazildi: 'mezuniyyet/rust-sistemi/new-api/logs/client_logs_2026-06-15.jsonl'
[2026-07-22 00:26:57] [INFO] Maksimal AI Analiz Bazaya Yazildi: 'mezuniyyet/rust-sistemi/new-api/logs/client_logs_2026-06-16.jsonl'
[2026-07-22 00:26:57] [INFO] Maksimal AI Analiz Bazaya Yazildi: 'mezuniyyet/rust-sistemi/new-api/logs/client_logs_2026-06-19.jsonl'
[2026-07-22 00:26:57] [INFO] Maksimal AI Analiz Bazaya Yazildi: 'mezuniyyet/rust-sistemi/new-api/logs/client_logs_2026-06-21.jsonl'
[2026-07-22 00:26:57] [INFO] Maksimal AI Analiz Bazaya Yazildi: 'mezuniyyet/rust-sistemi/new-api/logs/client_logs_2026-06-29.jsonl'
[2026-07-22 00:26:57] [INFO] Maksimal AI Analiz Bazaya Yazildi: 'mezuniyyet/rust-sistemi/new-api/logs/client_logs_2026-07-10.jsonl'
[2026-07-22 00:26:58] [INFO] Maksimal AI Analiz Bazaya Yazildi: 'mezuniyyet/rust-sistemi/new-api/logs/client_logs_2026-07-11.jsonl'
[2026-07-22 00:26:58] [INFO] Maksimal AI Analiz Bazaya Yazildi: 'mezuniyyet/rust-sistemi/new-api/logs/client_logs_2026-07-12.jsonl'
[2026-07-22 00:26:58] [INFO] Maksimal AI Analiz Bazaya Yazildi: 'mezuniyyet/rust-sistemi/new-api/logs/client_logs_2026-07-20.jsonl'
[2026-07-22 00:26:58] [INFO] Maksimal AI Analiz Bazaya Yazildi: 'mezuniyyet/rust-sistemi/new-api/logs/client_logs_2026-07-21.jsonl'
[2026-07-22 00:26:58] [INFO] Maksimal AI Analiz Bazaya Yazildi: 'mezuniyyet/rust-sistemi/new-api/migrations/20240101000000_init.sql'
[2026-07-22 00:26:58] [INFO] Maksimal AI Analiz Bazaya Yazildi: 'mezuniyyet/rust-sistemi/new-api/migrations/20260107_expand_chat_schema.sql'
[2026-07-22 00:26:58] [INFO] Maksimal AI Analiz Bazaya Yazildi: 'mezuniyyet/rust-sistemi/new-api/migrations/20260710000000_setup_tokens.sql'
[2026-07-22 00:26:58] [INFO] Maksimal AI Analiz Bazaya Yazildi: 'mezuniyyet/rust-sistemi/new-api/src/db.rs'
[2026-07-22 00:26:58] [INFO] Maksimal AI Analiz Bazaya Yazildi: 'mezuniyyet/rust-sistemi/new-api/src/handlers.rs'
[2026-07-22 00:26:58] [INFO] Maksimal AI Analiz Bazaya Yazildi: 'mezuniyyet/rust-sistemi/new-api/src/main.rs'
[2026-07-22 00:26:58] [INFO] Maksimal AI Analiz Bazaya Yazildi: 'mezuniyyet/rust-sistemi/new-api/src/migrations.rs'
[2026-07-22 00:26:58] [INFO] Maksimal AI Analiz Bazaya Yazildi: 'mezuniyyet/rust-sistemi/new-api/src/models.rs'
[2026-07-22 00:26:58] [INFO] Maksimal AI Analiz Bazaya Yazildi: 'mezuniyyet/rust-sistemi/new-api/src/tests_integration.rs'
[2026-07-22 00:26:58] [INFO] Maksimal AI Analiz Bazaya Yazildi: 'mezuniyyet/rust-sistemi/new-api/src/utils.rs'
[2026-07-22 00:26:58] [INFO] Maksimal AI Analiz Bazaya Yazildi: 'mezuniyyet/rust-sistemi/new-api/src/handlers/admin.rs'
[2026-07-22 00:26:58] [INFO] Maksimal AI Analiz Bazaya Yazildi: 'mezuniyyet/rust-sistemi/new-api/src/handlers/auth.rs'
[2026-07-22 00:26:58] [INFO] Maksimal AI Analiz Bazaya Yazildi: 'mezuniyyet/rust-sistemi/new-api/src/handlers/business.rs'
[2026-07-22 00:26:58] [INFO] Maksimal AI Analiz Bazaya Yazildi: 'mezuniyyet/rust-sistemi/new-api/src/handlers/chat.rs'
[2026-07-22 00:26:58] [INFO] Maksimal AI Analiz Bazaya Yazildi: 'mezuniyyet/rust-sistemi/new-api/src/handlers/client_logs.rs'
[2026-07-22 00:26:58] [INFO] Maksimal AI Analiz Bazaya Yazildi: 'mezuniyyet/rust-sistemi/new-api/src/handlers/dashboard.rs'
[2026-07-22 00:26:58] [INFO] Maksimal AI Analiz Bazaya Yazildi: 'mezuniyyet/rust-sistemi/new-api/src/handlers/employees.rs'
[2026-07-22 00:26:58] [INFO] Maksimal AI Analiz Bazaya Yazildi: 'mezuniyyet/rust-sistemi/new-api/src/handlers/errors.rs'
[2026-07-22 00:26:58] [INFO] Maksimal AI Analiz Bazaya Yazildi: 'mezuniyyet/rust-sistemi/new-api/src/handlers/notification.rs'
[2026-07-22 00:26:58] [INFO] Maksimal AI Analiz Bazaya Yazildi: 'mezuniyyet/rust-sistemi/new-api/src/handlers/notifications.rs'
[2026-07-22 00:26:58] [INFO] Maksimal AI Analiz Bazaya Yazildi: 'mezuniyyet/rust-sistemi/new-api/src/handlers/profile.rs'
[2026-07-22 00:26:58] [INFO] Maksimal AI Analiz Bazaya Yazildi: 'mezuniyyet/rust-sistemi/new-api/src/handlers/super_admin.rs'
[2026-07-22 00:26:58] [INFO] Maksimal AI Analiz Bazaya Yazildi: 'mezuniyyet/rust-sistemi/new-api/src/handlers/tenant.rs'
[2026-07-22 00:26:58] [INFO] Maksimal AI Analiz Bazaya Yazildi: 'mezuniyyet/rust-sistemi/new-api/src/handlers/tenants.rs'
[2026-07-22 00:26:58] [INFO] Maksimal AI Analiz Bazaya Yazildi: 'mezuniyyet/rust-sistemi/new-api/src/handlers/vacations.rs'
[2026-07-22 00:26:58] [INFO] Maksimal AI Analiz Bazaya Yazildi: 'mezuniyyet/rust-sistemi/new-api/src/handlers/version.rs'
[2026-07-22 00:26:58] [INFO] Maksimal AI Analiz Bazaya Yazildi: 'mezuniyyet/rust-sistemi/new-api/src/handlers/websocket.rs'
[2026-07-22 00:26:58] [INFO] Maksimal AI Analiz Bazaya Yazildi: 'mezuniyyet/rust-sistemi/new-api/src/middleware/admin.rs'
[2026-07-22 00:26:58] [INFO] Maksimal AI Analiz Bazaya Yazildi: 'mezuniyyet/rust-sistemi/new-api/src/middleware/auth.rs'
[2026-07-22 00:26:58] [INFO] Maksimal AI Analiz Bazaya Yazildi: 'mezuniyyet/rust-sistemi/new-api/src/middleware/gateway_auth.rs'
[2026-07-22 00:26:58] [INFO] Maksimal AI Analiz Bazaya Yazildi: 'mezuniyyet/rust-sistemi/new-api/src/middleware/ip.rs'
[2026-07-22 00:26:58] [INFO] Maksimal AI Analiz Bazaya Yazildi: 'mezuniyyet/rust-sistemi/new-api/src/middleware/logger.rs'
[2026-07-22 00:26:58] [INFO] Maksimal AI Analiz Bazaya Yazildi: 'mezuniyyet/rust-sistemi/new-api/src/middleware/mod.rs'
[2026-07-22 00:26:58] [INFO] Maksimal AI Analiz Bazaya Yazildi: 'mezuniyyet/rust-sistemi/new-api/src/middleware/rate_limit.rs'
[2026-07-22 00:26:58] [INFO] Maksimal AI Analiz Bazaya Yazildi: 'mezuniyyet/rust-sistemi/new-api/src/middleware/rate_limit_tracker.rs'
[2026-07-22 00:26:58] [INFO] Maksimal AI Analiz Bazaya Yazildi: 'mezuniyyet/rust-sistemi/new-api/src/middleware/server_logger.rs'
[2026-07-22 00:26:58] [INFO] Maksimal AI Analiz Bazaya Yazildi: 'mezuniyyet/rust-sistemi/public/Airplane.json'
[2026-07-22 00:26:58] [INFO] Maksimal AI Analiz Bazaya Yazildi: 'mezuniyyet/rust-sistemi/public/calendar_design.html'
[2026-07-22 00:26:58] [INFO] Maksimal AI Analiz Bazaya Yazildi: 'mezuniyyet/rust-sistemi/public/home_design.html'
[2026-07-22 00:26:58] [INFO] Maksimal AI Analiz Bazaya Yazildi: 'mezuniyyet/rust-sistemi/public/log_designs.html'
[2026-07-22 00:26:58] [INFO] Maksimal AI Analiz Bazaya Yazildi: 'mezuniyyet/rust-sistemi/public/splash.html'
[2026-07-22 00:26:58] [INFO] Maksimal AI Analiz Bazaya Yazildi: 'mezuniyyet/rust-sistemi/public/test_airplane.html'
[2026-07-22 00:26:58] [INFO] Maksimal AI Analiz Bazaya Yazildi: 'mezuniyyet/rust-sistemi/public/test_lottie.html'
[2026-07-22 00:26:58] [INFO] Maksimal AI Analiz Bazaya Yazildi: 'mezuniyyet/rust-sistemi/public/test_print.html'
[2026-07-22 00:26:58] [INFO] Maksimal AI Analiz Bazaya Yazildi: 'mezuniyyet/rust-sistemi/public/splash-animations/lego.html'
[2026-07-22 00:26:58] [INFO] Maksimal AI Analiz Bazaya Yazildi: 'mezuniyyet/rust-sistemi/public/splash-animations/tree.html'
[2026-07-22 00:26:58] [INFO] Maksimal AI Analiz Bazaya Yazildi: 'mezuniyyet/rust-sistemi/src/App.jsx'
[2026-07-22 00:26:58] [INFO] Maksimal AI Analiz Bazaya Yazildi: 'mezuniyyet/rust-sistemi/src/index.css'
[2026-07-22 00:26:58] [INFO] Maksimal AI Analiz Bazaya Yazildi: 'mezuniyyet/rust-sistemi/src/main.jsx'
[2026-07-22 00:26:58] [INFO] Maksimal AI Analiz Bazaya Yazildi: 'mezuniyyet/rust-sistemi/src/components/AnimatedLoader.css'
[2026-07-22 00:26:58] [INFO] Maksimal AI Analiz Bazaya Yazildi: 'mezuniyyet/rust-sistemi/src/components/AnimatedLoader.css.map'
[2026-07-22 00:26:58] [INFO] Maksimal AI Analiz Bazaya Yazildi: 'mezuniyyet/rust-sistemi/src/components/AnimatedLoader.jsx'
[2026-07-22 00:26:58] [INFO] Maksimal AI Analiz Bazaya Yazildi: 'mezuniyyet/rust-sistemi/src/components/CardCustomizerOverlay.jsx'
[2026-07-22 00:26:58] [INFO] Maksimal AI Analiz Bazaya Yazildi: 'mezuniyyet/rust-sistemi/src/components/CreepyButton.css'
[2026-07-22 00:26:58] [INFO] Maksimal AI Analiz Bazaya Yazildi: 'mezuniyyet/rust-sistemi/src/components/CreepyButton.jsx'
[2026-07-22 00:26:58] [INFO] Maksimal AI Analiz Bazaya Yazildi: 'mezuniyyet/rust-sistemi/src/components/DebugConsole.jsx'
[2026-07-22 00:26:58] [INFO] Maksimal AI Analiz Bazaya Yazildi: 'mezuniyyet/rust-sistemi/src/components/DebugToggleButton.jsx'
[2026-07-22 00:26:58] [INFO] Maksimal AI Analiz Bazaya Yazildi: 'mezuniyyet/rust-sistemi/src/components/EditEmployeeModal.jsx'
[2026-07-22 00:26:58] [INFO] Maksimal AI Analiz Bazaya Yazildi: 'mezuniyyet/rust-sistemi/src/components/EmployeeFormDialog.jsx'
[2026-07-22 00:26:58] [INFO] Maksimal AI Analiz Bazaya Yazildi: 'mezuniyyet/rust-sistemi/src/components/ErrorBoundary.jsx'
[2026-07-22 00:26:58] [INFO] Maksimal AI Analiz Bazaya Yazildi: 'mezuniyyet/rust-sistemi/src/components/Footer.jsx'
[2026-07-22 00:26:58] [INFO] Maksimal AI Analiz Bazaya Yazildi: 'mezuniyyet/rust-sistemi/src/components/LeafTransition.jsx'
[2026-07-22 00:26:58] [INFO] Maksimal AI Analiz Bazaya Yazildi: 'mezuniyyet/rust-sistemi/src/components/ProtectedRoute.jsx'
[2026-07-22 00:26:58] [INFO] Maksimal AI Analiz Bazaya Yazildi: 'mezuniyyet/rust-sistemi/src/components/RateLimitOverlay.jsx'
[2026-07-22 00:26:59] [INFO] Maksimal AI Analiz Bazaya Yazildi: 'mezuniyyet/rust-sistemi/src/components/TableToolbar.jsx'
[2026-07-22 00:26:59] [INFO] Maksimal AI Analiz Bazaya Yazildi: 'mezuniyyet/rust-sistemi/src/components/TopBar.jsx'
[2026-07-22 00:26:59] [INFO] Maksimal AI Analiz Bazaya Yazildi: 'mezuniyyet/rust-sistemi/src/components/UpdateNotification.jsx'
[2026-07-22 00:26:59] [INFO] Maksimal AI Analiz Bazaya Yazildi: 'mezuniyyet/rust-sistemi/src/components/VacationCalendar.jsx'
[2026-07-22 00:26:59] [INFO] Maksimal AI Analiz Bazaya Yazildi: 'mezuniyyet/rust-sistemi/src/components/VacationCalendar_backup.jsx'
[2026-07-22 00:26:59] [INFO] Maksimal AI Analiz Bazaya Yazildi: 'mezuniyyet/rust-sistemi/src/components/auth/LoginPage.jsx'
[2026-07-22 00:26:59] [INFO] Maksimal AI Analiz Bazaya Yazildi: 'mezuniyyet/rust-sistemi/src/components/calendar/CalendarPage.jsx'
[2026-07-22 00:26:59] [INFO] Maksimal AI Analiz Bazaya Yazildi: 'mezuniyyet/rust-sistemi/src/components/common/LoadingOverlay.jsx'
[2026-07-22 00:26:59] [INFO] Maksimal AI Analiz Bazaya Yazildi: 'mezuniyyet/rust-sistemi/src/components/common/ServerAwakening.jsx'
[2026-07-22 00:26:59] [INFO] Maksimal AI Analiz Bazaya Yazildi: 'mezuniyyet/rust-sistemi/src/components/common/SplashScreen.jsx'
[2026-07-22 00:26:59] [INFO] Maksimal AI Analiz Bazaya Yazildi: 'mezuniyyet/rust-sistemi/src/components/dashboard/DashboardPage.jsx'
[2026-07-22 00:26:59] [INFO] Maksimal AI Analiz Bazaya Yazildi: 'mezuniyyet/rust-sistemi/src/components/employees/EmployeeList.jsx'
[2026-07-22 00:26:59] [INFO] Maksimal AI Analiz Bazaya Yazildi: 'mezuniyyet/rust-sistemi/src/components/Games/ExternalGameWindow.jsx'
[2026-07-22 00:26:59] [INFO] Maksimal AI Analiz Bazaya Yazildi: 'mezuniyyet/rust-sistemi/src/components/Games/TicTacToe/Board.jsx'
[2026-07-22 00:26:59] [INFO] Maksimal AI Analiz Bazaya Yazildi: 'mezuniyyet/rust-sistemi/src/components/Games/TicTacToe/Dice3D.jsx'
[2026-07-22 00:26:59] [INFO] Maksimal AI Analiz Bazaya Yazildi: 'mezuniyyet/rust-sistemi/src/components/Games/TicTacToe/DiceOverlay.jsx'
[2026-07-22 00:26:59] [INFO] Maksimal AI Analiz Bazaya Yazildi: 'mezuniyyet/rust-sistemi/src/components/Games/TicTacToe/TicTacToe.jsx'
[2026-07-22 00:26:59] [INFO] Maksimal AI Analiz Bazaya Yazildi: 'mezuniyyet/rust-sistemi/src/components/layout/AppLayout.jsx'
[2026-07-22 00:26:59] [INFO] Maksimal AI Analiz Bazaya Yazildi: 'mezuniyyet/rust-sistemi/src/components/settings/SettingsPage.jsx'
[2026-07-22 00:26:59] [INFO] Maksimal AI Analiz Bazaya Yazildi: 'mezuniyyet/rust-sistemi/src/components/Sidebar/EmployeeListSidebar.jsx'
[2026-07-22 00:26:59] [INFO] Maksimal AI Analiz Bazaya Yazildi: 'mezuniyyet/rust-sistemi/src/components/Sidebar/IconSidebar.jsx'
[2026-07-22 00:26:59] [INFO] Maksimal AI Analiz Bazaya Yazildi: 'mezuniyyet/rust-sistemi/src/components/ThemeSelector/ThemeSelector.jsx'
[2026-07-22 00:26:59] [INFO] Maksimal AI Analiz Bazaya Yazildi: 'mezuniyyet/rust-sistemi/src/components/vacations/EditVacationDialog.jsx'
[2026-07-22 00:26:59] [INFO] Maksimal AI Analiz Bazaya Yazildi: 'mezuniyyet/rust-sistemi/src/components/vacations/VacationList.jsx'
[2026-07-22 00:26:59] [INFO] Maksimal AI Analiz Bazaya Yazildi: 'mezuniyyet/rust-sistemi/src/context/AuthContext.jsx'
[2026-07-22 00:26:59] [INFO] Maksimal AI Analiz Bazaya Yazildi: 'mezuniyyet/rust-sistemi/src/context/NotificationContext.jsx'
[2026-07-22 00:26:59] [INFO] Maksimal AI Analiz Bazaya Yazildi: 'mezuniyyet/rust-sistemi/src/context/SocketContext.jsx'
[2026-07-22 00:26:59] [INFO] Maksimal AI Analiz Bazaya Yazildi: 'mezuniyyet/rust-sistemi/src/context/SoundAssets.js'
[2026-07-22 00:26:59] [INFO] Maksimal AI Analiz Bazaya Yazildi: 'mezuniyyet/rust-sistemi/src/context/SoundContext.jsx'
[2026-07-22 00:26:59] [INFO] Maksimal AI Analiz Bazaya Yazildi: 'mezuniyyet/rust-sistemi/src/context/ThemeContext.jsx'
[2026-07-22 00:26:59] [INFO] Maksimal AI Analiz Bazaya Yazildi: 'mezuniyyet/rust-sistemi/src/layouts/MainLayout.jsx'
[2026-07-22 00:26:59] [INFO] Maksimal AI Analiz Bazaya Yazildi: 'mezuniyyet/rust-sistemi/src/pages/AdminErrorLogs.jsx'
[2026-07-22 00:26:59] [INFO] Maksimal AI Analiz Bazaya Yazildi: 'mezuniyyet/rust-sistemi/src/pages/AnimationShowcase.jsx'
[2026-07-22 00:26:59] [INFO] Maksimal AI Analiz Bazaya Yazildi: 'mezuniyyet/rust-sistemi/src/pages/ArchivePage.jsx'
[2026-07-22 00:26:59] [INFO] Maksimal AI Analiz Bazaya Yazildi: 'mezuniyyet/rust-sistemi/src/pages/CalendarPage.jsx'
[2026-07-22 00:26:59] [INFO] Maksimal AI Analiz Bazaya Yazildi: 'mezuniyyet/rust-sistemi/src/pages/CalendarPage_backup.jsx'
[2026-07-22 00:26:59] [INFO] Maksimal AI Analiz Bazaya Yazildi: 'mezuniyyet/rust-sistemi/src/pages/ChatPage.jsx'
[2026-07-22 00:26:59] [INFO] Maksimal AI Analiz Bazaya Yazildi: 'mezuniyyet/rust-sistemi/src/pages/Dashboard.jsx'
[2026-07-22 00:26:59] [INFO] Maksimal AI Analiz Bazaya Yazildi: 'mezuniyyet/rust-sistemi/src/pages/EmployeeDetails.jsx'
[2026-07-22 00:26:59] [INFO] Maksimal AI Analiz Bazaya Yazildi: 'mezuniyyet/rust-sistemi/src/pages/Employees.jsx'
[2026-07-22 00:26:59] [INFO] Maksimal AI Analiz Bazaya Yazildi: 'mezuniyyet/rust-sistemi/src/pages/Home.css'
[2026-07-22 00:26:59] [INFO] Maksimal AI Analiz Bazaya Yazildi: 'mezuniyyet/rust-sistemi/src/pages/Home.jsx'
[2026-07-22 00:26:59] [INFO] Maksimal AI Analiz Bazaya Yazildi: 'mezuniyyet/rust-sistemi/src/pages/Login.jsx'
[2026-07-22 00:26:59] [INFO] Maksimal AI Analiz Bazaya Yazildi: 'mezuniyyet/rust-sistemi/src/pages/ProfilePage.jsx'
[2026-07-22 00:26:59] [INFO] Maksimal AI Analiz Bazaya Yazildi: 'mezuniyyet/rust-sistemi/src/pages/Register.css'
[2026-07-22 00:26:59] [INFO] Maksimal AI Analiz Bazaya Yazildi: 'mezuniyyet/rust-sistemi/src/pages/Register.jsx'
[2026-07-22 00:26:59] [INFO] Maksimal AI Analiz Bazaya Yazildi: 'mezuniyyet/rust-sistemi/src/pages/ReportsPage.jsx'
[2026-07-22 00:26:59] [INFO] Maksimal AI Analiz Bazaya Yazildi: 'mezuniyyet/rust-sistemi/src/pages/SecurityPage.jsx'
[2026-07-22 00:26:59] [INFO] Maksimal AI Analiz Bazaya Yazildi: 'mezuniyyet/rust-sistemi/src/pages/SettingsPage.jsx'
[2026-07-22 00:26:59] [INFO] Maksimal AI Analiz Bazaya Yazildi: 'mezuniyyet/rust-sistemi/src/pages/SetupCompany.jsx'
[2026-07-22 00:26:59] [INFO] Maksimal AI Analiz Bazaya Yazildi: 'mezuniyyet/rust-sistemi/src/pages/TestCalendarPage.jsx'
[2026-07-22 00:26:59] [INFO] Maksimal AI Analiz Bazaya Yazildi: 'mezuniyyet/rust-sistemi/src/pages/TestCardDesign.jsx'
[2026-07-22 00:26:59] [INFO] Maksimal AI Analiz Bazaya Yazildi: 'mezuniyyet/rust-sistemi/src/pages/TestEmployees.jsx'
[2026-07-22 00:26:59] [INFO] Maksimal AI Analiz Bazaya Yazildi: 'mezuniyyet/rust-sistemi/src/pages/TestLottie.jsx'
[2026-07-22 00:26:59] [INFO] Maksimal AI Analiz Bazaya Yazildi: 'mezuniyyet/rust-sistemi/src/pages/TestProfilePage.jsx'
[2026-07-22 00:26:59] [INFO] Maksimal AI Analiz Bazaya Yazildi: 'mezuniyyet/rust-sistemi/src/pages/VacationRequestsPage.jsx'
[2026-07-22 00:26:59] [INFO] Maksimal AI Analiz Bazaya Yazildi: 'mezuniyyet/rust-sistemi/src/pages/AdminTools/AdminClientLogs.jsx'
[2026-07-22 00:26:59] [INFO] Maksimal AI Analiz Bazaya Yazildi: 'mezuniyyet/rust-sistemi/src/pages/AdminTools/AdminManagement.jsx'
[2026-07-22 00:26:59] [INFO] Maksimal AI Analiz Bazaya Yazildi: 'mezuniyyet/rust-sistemi/src/pages/AdminTools/AdminToolsPage.jsx'
[2026-07-22 00:26:59] [INFO] Maksimal AI Analiz Bazaya Yazildi: 'mezuniyyet/rust-sistemi/src/pages/AdminTools/DictionaryManager.jsx'
[2026-07-22 00:26:59] [INFO] Maksimal AI Analiz Bazaya Yazildi: 'mezuniyyet/rust-sistemi/src/pages/AdminTools/SystemTestManager.jsx'
[2026-07-22 00:26:59] [INFO] Maksimal AI Analiz Bazaya Yazildi: 'mezuniyyet/rust-sistemi/src/pages/Notifications/NotificationsPage.jsx'
[2026-07-22 00:26:59] [INFO] Maksimal AI Analiz Bazaya Yazildi: 'mezuniyyet/rust-sistemi/src/services/api.js'
[2026-07-22 00:26:59] [INFO] Maksimal AI Analiz Bazaya Yazildi: 'mezuniyyet/rust-sistemi/src/services/errorReporter.js'
[2026-07-22 00:26:59] [INFO] Maksimal AI Analiz Bazaya Yazildi: 'mezuniyyet/rust-sistemi/src/services/logService.js'
[2026-07-22 00:26:59] [INFO] Maksimal AI Analiz Bazaya Yazildi: 'mezuniyyet/rust-sistemi/src/services/versionService.js'
[2026-07-22 00:26:59] [INFO] Maksimal AI Analiz Bazaya Yazildi: 'mezuniyyet/rust-sistemi/src/test/apiService.test.js'
[2026-07-22 00:26:59] [INFO] Maksimal AI Analiz Bazaya Yazildi: 'mezuniyyet/rust-sistemi/src/test/app_health.test.js'
[2026-07-22 00:26:59] [INFO] Maksimal AI Analiz Bazaya Yazildi: 'mezuniyyet/rust-sistemi/src/test/login.test.jsx'
[2026-07-22 00:26:59] [INFO] Maksimal AI Analiz Bazaya Yazildi: 'mezuniyyet/rust-sistemi/src/test/setup.js'
[2026-07-22 00:26:59] [INFO] Maksimal AI Analiz Bazaya Yazildi: 'mezuniyyet/rust-sistemi/src/theme/design-system.css'
[2026-07-22 00:26:59] [INFO] Maksimal AI Analiz Bazaya Yazildi: 'mezuniyyet/rust-sistemi/src/theme/theme.js'
[2026-07-22 00:26:59] [INFO] Maksimal AI Analiz Bazaya Yazildi: 'mezuniyyet/rust-sistemi/src-tauri/Cargo.lock'
[2026-07-22 00:26:59] [INFO] Maksimal AI Analiz Bazaya Yazildi: 'mezuniyyet/rust-sistemi/src-tauri/Cargo.toml'
[2026-07-22 00:26:59] [INFO] Maksimal AI Analiz Bazaya Yazildi: 'mezuniyyet/rust-sistemi/src-tauri/build.rs'
[2026-07-22 00:26:59] [INFO] Maksimal AI Analiz Bazaya Yazildi: 'mezuniyyet/rust-sistemi/src-tauri/custom_api.txt'
[2026-07-22 00:26:59] [INFO] Maksimal AI Analiz Bazaya Yazildi: 'mezuniyyet/rust-sistemi/src-tauri/extract_keys.py'
[2026-07-22 00:26:59] [INFO] Maksimal AI Analiz Bazaya Yazildi: 'mezuniyyet/rust-sistemi/src-tauri/private.key'
[2026-07-22 00:26:59] [INFO] Maksimal AI Analiz Bazaya Yazildi: 'mezuniyyet/rust-sistemi/src-tauri/public.key'
[2026-07-22 00:26:59] [INFO] Maksimal AI Analiz Bazaya Yazildi: 'mezuniyyet/rust-sistemi/src-tauri/tauri.conf.json'
[2026-07-22 00:26:59] [INFO] Maksimal AI Analiz Bazaya Yazildi: 'mezuniyyet/rust-sistemi/src-tauri/build/hooks.nsh'
[2026-07-22 00:26:59] [INFO] Maksimal AI Analiz Bazaya Yazildi: 'mezuniyyet/rust-sistemi/src-tauri/capabilities/default.json'
[2026-07-22 00:27:00] [INFO] Maksimal AI Analiz Bazaya Yazildi: 'mezuniyyet/rust-sistemi/src-tauri/gen/schemas/acl-manifests.json'
[2026-07-22 00:27:00] [INFO] Maksimal AI Analiz Bazaya Yazildi: 'mezuniyyet/rust-sistemi/src-tauri/gen/schemas/capabilities.json'
[2026-07-22 00:27:00] [INFO] Maksimal AI Analiz Bazaya Yazildi: 'mezuniyyet/rust-sistemi/src-tauri/gen/schemas/desktop-schema.json'
[2026-07-22 00:27:00] [INFO] Maksimal AI Analiz Bazaya Yazildi: 'mezuniyyet/rust-sistemi/src-tauri/gen/schemas/linux-schema.json'
[2026-07-22 00:27:00] [INFO] Maksimal AI Analiz Bazaya Yazildi: 'mezuniyyet/rust-sistemi/src-tauri/gen/schemas/windows-schema.json'
[2026-07-22 00:27:00] [INFO] Maksimal AI Analiz Bazaya Yazildi: 'mezuniyyet/rust-sistemi/src-tauri/icons/128x128.png'
[2026-07-22 00:27:00] [INFO] Maksimal AI Analiz Bazaya Yazildi: 'mezuniyyet/rust-sistemi/src-tauri/icons/128x128@2x.png'
[2026-07-22 00:27:00] [INFO] Maksimal AI Analiz Bazaya Yazildi: 'mezuniyyet/rust-sistemi/src-tauri/icons/32x32.png'
[2026-07-22 00:27:00] [INFO] Maksimal AI Analiz Bazaya Yazildi: 'mezuniyyet/rust-sistemi/src-tauri/icons/icon.icns'
[2026-07-22 00:27:00] [INFO] Maksimal AI Analiz Bazaya Yazildi: 'mezuniyyet/rust-sistemi/src-tauri/icons/icon.ico'
[2026-07-22 00:27:00] [INFO] Maksimal AI Analiz Bazaya Yazildi: 'mezuniyyet/rust-sistemi/src-tauri/icons/icon.png'
[2026-07-22 00:27:00] [INFO] Maksimal AI Analiz Bazaya Yazildi: 'mezuniyyet/rust-sistemi/src-tauri/icons/icons.icns'
[2026-07-22 00:27:00] [INFO] Maksimal AI Analiz Bazaya Yazildi: 'mezuniyyet/rust-sistemi/src-tauri/icons/icons.ico'
[2026-07-22 00:27:00] [INFO] Maksimal AI Analiz Bazaya Yazildi: 'mezuniyyet/rust-sistemi/src-tauri/icons/icons.png'
[2026-07-22 00:27:00] [INFO] Maksimal AI Analiz Bazaya Yazildi: 'mezuniyyet/rust-sistemi/src-tauri/settings/pre_install.nsh'
[2026-07-22 00:27:00] [INFO] Maksimal AI Analiz Bazaya Yazildi: 'mezuniyyet/rust-sistemi/src-tauri/src/main.rs'
[2026-07-22 00:27:00] [INFO] Maksimal AI Analiz Bazaya Yazildi: 'mezuniyyet/tests/README.md'
[2026-07-22 00:27:00] [INFO] Maksimal AI Analiz Bazaya Yazildi: 'mezuniyyet/tests/TEST_BASLAMA_REHBERI.md'
[2026-07-22 00:27:00] [INFO] Maksimal AI Analiz Bazaya Yazildi: 'mezuniyyet/tests/conftest.py'
[2026-07-22 00:27:00] [INFO] Maksimal AI Analiz Bazaya Yazildi: 'mezuniyyet/tests/package-lock.json'
[2026-07-22 00:27:00] [INFO] Maksimal AI Analiz Bazaya Yazildi: 'mezuniyyet/tests/package.json'
[2026-07-22 00:27:00] [INFO] Maksimal AI Analiz Bazaya Yazildi: 'mezuniyyet/tests/playwright.config.js'
[2026-07-22 00:27:00] [INFO] Maksimal AI Analiz Bazaya Yazildi: 'mezuniyyet/tests/pytest.ini'
[2026-07-22 00:27:00] [INFO] Maksimal AI Analiz Bazaya Yazildi: 'mezuniyyet/tests/run_tests.py'
[2026-07-22 00:27:00] [INFO] Maksimal AI Analiz Bazaya Yazildi: 'mezuniyyet/tests/test_backend.py'
[2026-07-22 00:27:00] [INFO] Maksimal AI Analiz Bazaya Yazildi: 'mezuniyyet/tests/diagnostics/check_cols.py'
[2026-07-22 00:27:00] [INFO] Maksimal AI Analiz Bazaya Yazildi: 'mezuniyyet/tests/diagnostics/check_db.py'
[2026-07-22 00:27:00] [INFO] Maksimal AI Analiz Bazaya Yazildi: 'mezuniyyet/tests/diagnostics/check_db_full.py'
[2026-07-22 00:27:00] [INFO] Maksimal AI Analiz Bazaya Yazildi: 'mezuniyyet/tests/diagnostics/diagnose_api.py'
[2026-07-22 00:27:00] [INFO] Maksimal AI Analiz Bazaya Yazildi: 'mezuniyyet/tests/diagnostics/extract_schema.py'
[2026-07-22 00:27:00] [INFO] Maksimal AI Analiz Bazaya Yazildi: 'mezuniyyet/tests/diagnostics/full_schema.sql'
[2026-07-22 00:27:00] [INFO] Maksimal AI Analiz Bazaya Yazildi: 'mezuniyyet/tests/diagnostics/get_tenant_db.py'
[2026-07-22 00:27:00] [INFO] Maksimal AI Analiz Bazaya Yazildi: 'mezuniyyet/tests/diagnostics/launch_multi.py'
[2026-07-22 00:27:00] [INFO] Maksimal AI Analiz Bazaya Yazildi: 'mezuniyyet/tests/diagnostics/list_tenants.py'
[2026-07-22 00:27:00] [INFO] Maksimal AI Analiz Bazaya Yazildi: 'mezuniyyet/tests/diagnostics/setup_build_tools.py'
[2026-07-22 00:27:00] [INFO] Maksimal AI Analiz Bazaya Yazildi: 'mezuniyyet/tests/diagnostics/setup_local_db.py'
[2026-07-22 00:27:00] [INFO] Maksimal AI Analiz Bazaya Yazildi: 'mezuniyyet/tests/diagnostics/test_official_api.py'
[2026-07-22 00:27:00] [INFO] Maksimal AI Analiz Bazaya Yazildi: 'mezuniyyet/tests/e2e/test_auth.spec.js'
[2026-07-22 00:27:00] [INFO] Maksimal AI Analiz Bazaya Yazildi: 'mezuniyyet/tests/e2e/test_dashboard.spec.js'
[2026-07-22 00:27:00] [INFO] Maksimal AI Analiz Bazaya Yazildi: 'mezuniyyet/tests/playwright-report/index.html'
[2026-07-22 00:27:00] [INFO] Maksimal AI Analiz Bazaya Yazildi: 'scratch/check_key.py'
[2026-07-22 00:27:00] [INFO] Maksimal AI Analiz Bazaya Yazildi: 'scratch/cleanup_vm.py'
[2026-07-22 00:27:01] [INFO] Maksimal AI Analiz Bazaya Yazildi: 'scratch/decode_key.py'
[2026-07-22 00:27:01] [INFO] Maksimal AI Analiz Bazaya Yazildi: 'scratch/diagnose_vm.py'
[2026-07-22 00:27:01] [INFO] Maksimal AI Analiz Bazaya Yazildi: 'scratch/increase_swap.py'
[2026-07-22 00:27:01] [INFO] Maksimal AI Analiz Bazaya Yazildi: 'scratch/install_panel_local.py'
[2026-07-22 00:27:01] [INFO] Maksimal AI Analiz Bazaya Yazildi: 'scratch/test_sigs.py'
[2026-07-22 00:27:01] [INFO] Maksimal AI Analiz Bazaya Yazildi: 'scratch/token_check.py'
[2026-07-22 00:27:01] [INFO] Maksimal AI Analiz Bazaya Yazildi: 'server-repo-rust/README.md'
[2026-07-22 00:27:01] [INFO] Maksimal AI Analiz Bazaya Yazildi: 'server-repo-rust/build_and_push_masterdeploy_local.py'
[2026-07-22 00:27:01] [INFO] Maksimal AI Analiz Bazaya Yazildi: 'server-repo-rust/config.json'
[2026-07-22 00:27:01] [INFO] Maksimal AI Analiz Bazaya Yazildi: 'server-repo-rust/gite_gonder_yeni.py'
[2026-07-22 00:27:01] [INFO] Maksimal AI Analiz Bazaya Yazildi: 'server-repo-rust/github_repo_manager.py'
[2026-07-22 00:27:01] [INFO] Maksimal AI Analiz Bazaya Yazildi: 'server-repo-rust/install.ps1'
[2026-07-22 00:27:01] [INFO] Maksimal AI Analiz Bazaya Yazildi: 'server-repo-rust/install.sh'
[2026-07-22 00:27:01] [INFO] Maksimal AI Analiz Bazaya Yazildi: 'server-repo-rust/install_remote.sh'
[2026-07-22 00:27:01] [INFO] Maksimal AI Analiz Bazaya Yazildi: 'server-repo-rust/installer_gui.py'
[2026-07-22 00:27:01] [INFO] Maksimal AI Analiz Bazaya Yazildi: 'server-repo-rust/installer_gui.py.mybackup'
[2026-07-22 00:27:01] [INFO] Maksimal AI Analiz Bazaya Yazildi: 'server-repo-rust/remote_installer.py'
[2026-07-22 00:27:01] [INFO] Maksimal AI Analiz Bazaya Yazildi: 'server-repo-rust/remote_installer.py.mybackup'
[2026-07-22 00:27:01] [INFO] Maksimal AI Analiz Bazaya Yazildi: 'server-repo-rust/run_project.py'
[2026-07-22 00:27:01] [INFO] Maksimal AI Analiz Bazaya Yazildi: 'server-repo-rust/run_test_project.py'
[2026-07-22 00:27:01] [INFO] Maksimal AI Analiz Bazaya Yazildi: 'server-repo-rust/ssh-key-132.key'
[2026-07-22 00:27:01] [INFO] Maksimal AI Analiz Bazaya Yazildi: 'server-repo-rust/ssh-key-84.key'
[2026-07-22 00:27:01] [INFO] Maksimal AI Analiz Bazaya Yazildi: 'server-repo-rust/backup_static/app.js'
[2026-07-22 00:27:01] [INFO] Maksimal AI Analiz Bazaya Yazildi: 'server-repo-rust/backup_static/changelog.json'
[2026-07-22 00:27:01] [INFO] Maksimal AI Analiz Bazaya Yazildi: 'server-repo-rust/backup_static/docs.json'
[2026-07-22 00:27:01] [INFO] Maksimal AI Analiz Bazaya Yazildi: 'server-repo-rust/backup_static/index.html'
[2026-07-22 00:27:01] [INFO] Maksimal AI Analiz Bazaya Yazildi: 'server-repo-rust/backup_static/style.css'
[2026-07-22 00:27:01] [INFO] Maksimal AI Analiz Bazaya Yazildi: 'server-repo-rust/backup_static/sw.js'
[2026-07-22 00:27:01] [INFO] Maksimal AI Analiz Bazaya Yazildi: 'server-repo-rust/docs/README.md'
[2026-07-22 00:27:01] [INFO] Maksimal AI Analiz Bazaya Yazildi: 'server-repo-rust/local_data/masterdeploy.db'
[2026-07-22 00:27:01] [INFO] Maksimal AI Analiz Bazaya Yazildi: 'server-repo-rust/MasterDeploy-rust/Cargo.lock'
[2026-07-22 00:27:01] [INFO] Maksimal AI Analiz Bazaya Yazildi: 'server-repo-rust/MasterDeploy-rust/Cargo.toml'
[2026-07-22 00:27:01] [INFO] Maksimal AI Analiz Bazaya Yazildi: 'server-repo-rust/MasterDeploy-rust/Dockerfile'
[2026-07-22 00:27:02] [INFO] Maksimal AI Analiz Bazaya Yazildi: 'server-repo-rust/MasterDeploy-rust/masterdeploy.db'
[2026-07-22 00:27:02] [INFO] Maksimal AI Analiz Bazaya Yazildi: 'server-repo-rust/MasterDeploy-rust/temp_cmd_key_05a3fde7-98f3-4224-8b2d-954d30573792.key'
[2026-07-22 00:27:02] [INFO] Maksimal AI Analiz Bazaya Yazildi: 'server-repo-rust/MasterDeploy-rust/temp_cmd_key_0ca08041-c84f-411a-ad67-160715bf4b19.key'
[2026-07-22 00:27:02] [INFO] Maksimal AI Analiz Bazaya Yazildi: 'server-repo-rust/MasterDeploy-rust/temp_cmd_key_4aeb72cb-98b7-4e51-a8ed-7a1ee18f555a.key'
[2026-07-22 00:27:02] [INFO] Maksimal AI Analiz Bazaya Yazildi: 'server-repo-rust/MasterDeploy-rust/temp_cmd_key_6eee0be5-20c7-4801-9790-e87b0807b713.key'
[2026-07-22 00:27:02] [INFO] Maksimal AI Analiz Bazaya Yazildi: 'server-repo-rust/MasterDeploy-rust/temp_cmd_key_724a50b3-1a72-48b1-bda1-8a523d1d9c2f.key'
[2026-07-22 00:27:02] [INFO] Maksimal AI Analiz Bazaya Yazildi: 'server-repo-rust/MasterDeploy-rust/temp_cmd_key_7670fabe-eb24-4ed4-8210-da39973e6866.key'
[2026-07-22 00:27:02] [INFO] Maksimal AI Analiz Bazaya Yazildi: 'server-repo-rust/MasterDeploy-rust/temp_cmd_key_8b23d8ed-7c0d-4a26-ab14-dd58c7debdd9.key'
[2026-07-22 00:27:02] [INFO] Maksimal AI Analiz Bazaya Yazildi: 'server-repo-rust/MasterDeploy-rust/temp_cmd_key_99182045-ad07-401c-8ee8-8817652863a8.key'
[2026-07-22 00:27:02] [INFO] Maksimal AI Analiz Bazaya Yazildi: 'server-repo-rust/MasterDeploy-rust/temp_cmd_key_a2bb0531-ab32-4785-ab9f-1bcdebede0cd.key'
[2026-07-22 00:27:02] [INFO] Maksimal AI Analiz Bazaya Yazildi: 'server-repo-rust/MasterDeploy-rust/temp_cmd_key_d86f0f92-858c-4f33-a358-860b37188443.key'
[2026-07-22 00:27:02] [INFO] Maksimal AI Analiz Bazaya Yazildi: 'server-repo-rust/MasterDeploy-rust/temp_deploy_key_a87d4c57-308a-472c-881b-0c9f0993b2d1.key'
[2026-07-22 00:27:02] [INFO] Maksimal AI Analiz Bazaya Yazildi: 'server-repo-rust/MasterDeploy-rust/temp_deploy_key_d1949937-dc24-4279-ba85-1cfb6b1e4066.key'
[2026-07-22 00:27:02] [INFO] Maksimal AI Analiz Bazaya Yazildi: 'server-repo-rust/MasterDeploy-rust/temp_deploy_key_e27136e8-bef4-4fc9-96b4-63198d671e26.key'
[2026-07-22 00:27:02] [INFO] Maksimal AI Analiz Bazaya Yazildi: 'server-repo-rust/MasterDeploy-rust/temp_deploy_key_fdbdecb5-0aed-4bca-8cd1-fceb982ef963.key'
[2026-07-22 00:27:02] [INFO] Maksimal AI Analiz Bazaya Yazildi: 'server-repo-rust/MasterDeploy-rust/temp_key_2105cacd-efb6-4775-b4dd-5cc8f1b544c0.key'
[2026-07-22 00:27:02] [INFO] Maksimal AI Analiz Bazaya Yazildi: 'server-repo-rust/MasterDeploy-rust/temp_logs_key_388df376-123a-46a4-a5df-ded3c7557af2.key'
[2026-07-22 00:27:02] [INFO] Maksimal AI Analiz Bazaya Yazildi: 'server-repo-rust/MasterDeploy-rust/temp_logs_key_aef0ed19-3f3b-48eb-b7fa-c99bcb253e84.key'
[2026-07-22 00:27:02] [INFO] Maksimal AI Analiz Bazaya Yazildi: 'server-repo-rust/MasterDeploy-rust/temp_logs_key_ea6397bb-6e38-42ad-9d5c-7761b7a06761.key'
[2026-07-22 00:27:02] [INFO] Maksimal AI Analiz Bazaya Yazildi: 'server-repo-rust/MasterDeploy-rust/src/db.rs'
[2026-07-22 00:27:02] [INFO] Maksimal AI Analiz Bazaya Yazildi: 'server-repo-rust/MasterDeploy-rust/src/main.rs'
[2026-07-22 00:27:02] [INFO] Maksimal AI Analiz Bazaya Yazildi: 'server-repo-rust/MasterDeploy-rust/src/models.rs'
[2026-07-22 00:27:02] [INFO] Maksimal AI Analiz Bazaya Yazildi: 'server-repo-rust/MasterDeploy-rust/src/bin/check_db.rs'
[2026-07-22 00:27:02] [INFO] Maksimal AI Analiz Bazaya Yazildi: 'server-repo-rust/MasterDeploy-rust/src/plugins/cloudflare.rs'
[2026-07-22 00:27:02] [INFO] Maksimal AI Analiz Bazaya Yazildi: 'server-repo-rust/MasterDeploy-rust/src/plugins/mod.rs'
[2026-07-22 00:27:02] [INFO] Maksimal AI Analiz Bazaya Yazildi: 'server-repo-rust/MasterDeploy-rust/src-tauri/Cargo.lock'
[2026-07-22 00:27:02] [INFO] Maksimal AI Analiz Bazaya Yazildi: 'server-repo-rust/MasterDeploy-rust/src-tauri/Cargo.toml'
[2026-07-22 00:27:02] [INFO] Maksimal AI Analiz Bazaya Yazildi: 'server-repo-rust/MasterDeploy-rust/src-tauri/build.rs'
[2026-07-22 00:27:02] [INFO] Maksimal AI Analiz Bazaya Yazildi: 'server-repo-rust/MasterDeploy-rust/src-tauri/tauri.conf.json'
[2026-07-22 00:27:02] [INFO] Maksimal AI Analiz Bazaya Yazildi: 'server-repo-rust/MasterDeploy-rust/src-tauri/capabilities/default.json'
[2026-07-22 00:27:02] [INFO] Maksimal AI Analiz Bazaya Yazildi: 'server-repo-rust/MasterDeploy-rust/src-tauri/gen/schemas/acl-manifests.json'
[2026-07-22 00:27:02] [INFO] Maksimal AI Analiz Bazaya Yazildi: 'server-repo-rust/MasterDeploy-rust/src-tauri/gen/schemas/capabilities.json'
[2026-07-22 00:27:02] [INFO] Maksimal AI Analiz Bazaya Yazildi: 'server-repo-rust/MasterDeploy-rust/src-tauri/gen/schemas/desktop-schema.json'
[2026-07-22 00:27:02] [INFO] Maksimal AI Analiz Bazaya Yazildi: 'server-repo-rust/MasterDeploy-rust/src-tauri/gen/schemas/windows-schema.json'
[2026-07-22 00:27:02] [INFO] Maksimal AI Analiz Bazaya Yazildi: 'server-repo-rust/MasterDeploy-rust/src-tauri/icons/128x128.png'
[2026-07-22 00:27:02] [INFO] Maksimal AI Analiz Bazaya Yazildi: 'server-repo-rust/MasterDeploy-rust/src-tauri/icons/128x128@2x.png'
[2026-07-22 00:27:02] [INFO] Maksimal AI Analiz Bazaya Yazildi: 'server-repo-rust/MasterDeploy-rust/src-tauri/icons/32x32.png'
[2026-07-22 00:27:02] [INFO] Maksimal AI Analiz Bazaya Yazildi: 'server-repo-rust/MasterDeploy-rust/src-tauri/icons/Square107x107Logo.png'
[2026-07-22 00:27:02] [INFO] Maksimal AI Analiz Bazaya Yazildi: 'server-repo-rust/MasterDeploy-rust/src-tauri/icons/Square142x142Logo.png'
[2026-07-22 00:27:02] [INFO] Maksimal AI Analiz Bazaya Yazildi: 'server-repo-rust/MasterDeploy-rust/src-tauri/icons/Square150x150Logo.png'
[2026-07-22 00:27:02] [INFO] Maksimal AI Analiz Bazaya Yazildi: 'server-repo-rust/MasterDeploy-rust/src-tauri/icons/Square284x284Logo.png'
[2026-07-22 00:27:02] [INFO] Maksimal AI Analiz Bazaya Yazildi: 'server-repo-rust/MasterDeploy-rust/src-tauri/icons/Square30x30Logo.png'
[2026-07-22 00:27:02] [INFO] Maksimal AI Analiz Bazaya Yazildi: 'server-repo-rust/MasterDeploy-rust/src-tauri/icons/Square310x310Logo.png'
[2026-07-22 00:27:02] [INFO] Maksimal AI Analiz Bazaya Yazildi: 'server-repo-rust/MasterDeploy-rust/src-tauri/icons/Square44x44Logo.png'
[2026-07-22 00:27:02] [INFO] Maksimal AI Analiz Bazaya Yazildi: 'server-repo-rust/MasterDeploy-rust/src-tauri/icons/Square71x71Logo.png'
[2026-07-22 00:27:02] [INFO] Maksimal AI Analiz Bazaya Yazildi: 'server-repo-rust/MasterDeploy-rust/src-tauri/icons/Square89x89Logo.png'
[2026-07-22 00:27:02] [INFO] Maksimal AI Analiz Bazaya Yazildi: 'server-repo-rust/MasterDeploy-rust/src-tauri/icons/StoreLogo.png'
[2026-07-22 00:27:03] [INFO] Maksimal AI Analiz Bazaya Yazildi: 'server-repo-rust/MasterDeploy-rust/src-tauri/icons/icon.icns'
[2026-07-22 00:27:03] [INFO] Maksimal AI Analiz Bazaya Yazildi: 'server-repo-rust/MasterDeploy-rust/src-tauri/icons/icon.ico'
[2026-07-22 00:27:03] [INFO] Maksimal AI Analiz Bazaya Yazildi: 'server-repo-rust/MasterDeploy-rust/src-tauri/icons/icon.png'
[2026-07-22 00:27:03] [INFO] Maksimal AI Analiz Bazaya Yazildi: 'server-repo-rust/MasterDeploy-rust/src-tauri/src/lib.rs'
[2026-07-22 00:27:03] [INFO] Maksimal AI Analiz Bazaya Yazildi: 'server-repo-rust/MasterDeploy-rust/src-tauri/src/main.rs'
[2026-07-22 00:27:03] [INFO] Maksimal AI Analiz Bazaya Yazildi: 'server-repo-rust/MasterDeploy-rust/static/app.js'
[2026-07-22 00:27:03] [INFO] Maksimal AI Analiz Bazaya Yazildi: 'server-repo-rust/MasterDeploy-rust/static/changelog.json'
[2026-07-22 00:27:03] [INFO] Maksimal AI Analiz Bazaya Yazildi: 'server-repo-rust/MasterDeploy-rust/static/docs.json'
[2026-07-22 00:27:03] [INFO] Maksimal AI Analiz Bazaya Yazildi: 'server-repo-rust/MasterDeploy-rust/static/favicon.png'
[2026-07-22 00:27:03] [INFO] Maksimal AI Analiz Bazaya Yazildi: 'server-repo-rust/MasterDeploy-rust/static/index.html'
[2026-07-22 00:27:03] [INFO] Maksimal AI Analiz Bazaya Yazildi: 'server-repo-rust/MasterDeploy-rust/static/style.css'
[2026-07-22 00:27:03] [INFO] Maksimal AI Analiz Bazaya Yazildi: 'server-repo-rust/MasterDeploy-rust/static/sw.js'
[2026-07-22 00:27:03] [INFO] Maksimal AI Analiz Bazaya Yazildi: 'server-repo-rust/test-layihe/Dockerfile'
[2026-07-22 00:27:03] [INFO] Maksimal AI Analiz Bazaya Yazildi: 'server-repo-rust/test-layihe/database.db'
[2026-07-22 00:27:03] [INFO] Maksimal AI Analiz Bazaya Yazildi: 'server-repo-rust/test-layihe/index.js'
[2026-07-22 00:27:03] [INFO] Maksimal AI Analiz Bazaya Yazildi: 'server-repo-rust/test-layihe/package-lock.json'
[2026-07-22 00:27:03] [INFO] Maksimal AI Analiz Bazaya Yazildi: 'server-repo-rust/test-layihe/package.json'
[2026-07-22 00:27:03] [INFO] Maksimal AI Analiz Bazaya Yazildi: 'server-repo-rust/test-layihe/public/index.html'
[2026-07-22 00:27:04] [INFO] CANLI BELEDCI SERVERI ISLEDIR: http://localhost:8090
[2026-07-22 00:36:02] [INFO] Maksimal AI Analiz Bazaya Yazildi: 'beledci/YENILIKLER_PLAN.md'
[2026-07-22 00:37:30] [INFO] beledci_generator.py yenilendi! Server avtomatik restart olunur...
[2026-07-22 00:37:30] [INFO] Beledci Maksimal AI Analizator Mühərriki başladıldı.
[2026-07-22 00:37:31] [INFO] SQLite file_analysis bazası yeni sxemlə (Dependency & Git) uğurla hazırlandı.
[2026-07-22 00:37:32] [INFO] CANLI BELEDCI SERVERI ISLEDIR: http://localhost:8090
[2026-07-22 00:37:50] [INFO] beledci_generator.py yenilendi! Server avtomatik restart olunur...
[2026-07-22 00:37:50] [INFO] Beledci Maksimal AI Analizator Mühərriki başladıldı.
[2026-07-22 00:37:50] [INFO] SQLite file_analysis bazası yeni sxemlə (Dependency & Git) uğurla hazırlandı.
[2026-07-22 00:37:51] [INFO] CANLI BELEDCI SERVERI ISLEDIR: http://localhost:8090
[2026-07-22 00:38:21] [INFO] Maksimal AI Analiz Bazaya Yazıldı: 'README.md'
[2026-07-22 00:38:21] [INFO] Maksimal AI Analiz Bazaya Yazıldı: 'config.json'
[2026-07-22 00:38:21] [INFO] Maksimal AI Analiz Bazaya Yazıldı: 'index.html'
[2026-07-22 00:38:21] [INFO] Beledci Maksimal AI Analizator Mühərriki başladıldı.
[2026-07-22 00:38:21] [INFO] SQLite file_analysis bazası yeni sxemlə (Dependency & Git) uğurla hazırlandı.
[2026-07-22 00:38:21] [INFO] Maksimal AI Analiz Bazaya Yazıldı: 'masterdeploy_remote_84.db'
[2026-07-22 00:38:21] [INFO] Maksimal AI Analiz Bazaya Yazıldı: 'masterdeploy_remote_84.db'
[2026-07-22 00:38:21] [INFO] Maksimal AI Analiz Bazaya Yazıldı: 'mezuniyyet-rust-taurisiz-olan.code-workspace'
[2026-07-22 00:38:22] [INFO] Maksimal AI Analiz Bazaya Yazıldı: 'mezuniyyet-rust-taurisiz-olan.code-workspace'
[2026-07-22 00:38:22] [INFO] Maksimal AI Analiz Bazaya Yazıldı: 'test_release.json'
[2026-07-22 00:38:22] [INFO] Maksimal AI Analiz Bazaya Yazıldı: 'test_release.json'
[2026-07-22 00:38:22] [INFO] Maksimal AI Analiz Bazaya Yazıldı: 'admin-sistemi/add-defender-exclusion.ps1'
[2026-07-22 00:38:22] [INFO] Maksimal AI Analiz Bazaya Yazıldı: 'admin-sistemi/add-defender-exclusion.ps1'
[2026-07-22 00:38:22] [INFO] Maksimal AI Analiz Bazaya Yazıldı: 'admin-sistemi/custom_api.txt'
[2026-07-22 00:38:22] [INFO] Maksimal AI Analiz Bazaya Yazıldı: 'admin-sistemi/custom_api.txt'
[2026-07-22 00:38:22] [INFO] Maksimal AI Analiz Bazaya Yazıldı: 'admin-sistemi/eslint.config.js'
[2026-07-22 00:38:22] [INFO] Maksimal AI Analiz Bazaya Yazıldı: 'admin-sistemi/eslint.config.js'
[2026-07-22 00:38:22] [INFO] Maksimal AI Analiz Bazaya Yazıldı: 'admin-sistemi/generate_print_designs.cjs'
[2026-07-22 00:38:22] [INFO] Maksimal AI Analiz Bazaya Yazıldı: 'admin-sistemi/generate_print_designs.cjs'
[2026-07-22 00:38:22] [INFO] Maksimal AI Analiz Bazaya Yazıldı: 'admin-sistemi/icon.png'
[2026-07-22 00:38:22] [INFO] Maksimal AI Analiz Bazaya Yazıldı: 'admin-sistemi/icon.png'
[2026-07-22 00:38:23] [INFO] Maksimal AI Analiz Bazaya Yazıldı: 'admin-sistemi/index.html'
[2026-07-22 00:38:23] [INFO] Maksimal AI Analiz Bazaya Yazıldı: 'admin-sistemi/index.html'
[2026-07-22 00:38:23] [INFO] Maksimal AI Analiz Bazaya Yazıldı: 'admin-sistemi/package-lock.json'
[2026-07-22 00:38:23] [INFO] Maksimal AI Analiz Bazaya Yazıldı: 'admin-sistemi/package-lock.json'
[2026-07-22 00:38:23] [INFO] Maksimal AI Analiz Bazaya Yazıldı: 'admin-sistemi/package.json'
[2026-07-22 00:38:23] [INFO] Maksimal AI Analiz Bazaya Yazıldı: 'admin-sistemi/package.json'
[2026-07-22 00:38:23] [INFO] Maksimal AI Analiz Bazaya Yazıldı: 'admin-sistemi/run_admin.py'
[2026-07-22 00:38:23] [INFO] Maksimal AI Analiz Bazaya Yazıldı: 'admin-sistemi/run_admin.py'
[2026-07-22 00:38:23] [INFO] Maksimal AI Analiz Bazaya Yazıldı: 'admin-sistemi/start_dev.bat'
[2026-07-22 00:38:23] [INFO] Maksimal AI Analiz Bazaya Yazıldı: 'admin-sistemi/start_dev.bat'
[2026-07-22 00:38:23] [INFO] Maksimal AI Analiz Bazaya Yazıldı: 'admin-sistemi/vite.config.js'
[2026-07-22 00:38:23] [INFO] Maksimal AI Analiz Bazaya Yazıldı: 'admin-sistemi/vite.config.js'
[2026-07-22 00:38:23] [INFO] Maksimal AI Analiz Bazaya Yazıldı: 'admin-sistemi/src/App.jsx'
[2026-07-22 00:38:23] [INFO] Maksimal AI Analiz Bazaya Yazıldı: 'admin-sistemi/src/App.jsx'
[2026-07-22 00:38:24] [INFO] Maksimal AI Analiz Bazaya Yazıldı: 'admin-sistemi/src/index.css'
[2026-07-22 00:38:24] [INFO] Maksimal AI Analiz Bazaya Yazıldı: 'admin-sistemi/src/index.css'
[2026-07-22 00:38:24] [INFO] Maksimal AI Analiz Bazaya Yazıldı: 'admin-sistemi/src/main.jsx'
[2026-07-22 00:38:24] [INFO] Maksimal AI Analiz Bazaya Yazıldı: 'admin-sistemi/src/main.jsx'
[2026-07-22 00:38:24] [INFO] Maksimal AI Analiz Bazaya Yazıldı: 'admin-sistemi/src/components/AnimatedLoader.css'
[2026-07-22 00:38:24] [INFO] Maksimal AI Analiz Bazaya Yazıldı: 'admin-sistemi/src/components/AnimatedLoader.css'
[2026-07-22 00:38:24] [INFO] Maksimal AI Analiz Bazaya Yazıldı: 'admin-sistemi/src/components/AnimatedLoader.css.map'
[2026-07-22 00:38:24] [INFO] Maksimal AI Analiz Bazaya Yazıldı: 'admin-sistemi/src/components/AnimatedLoader.css.map'
[2026-07-22 00:38:24] [INFO] Maksimal AI Analiz Bazaya Yazıldı: 'admin-sistemi/src/components/AnimatedLoader.jsx'
[2026-07-22 00:38:24] [INFO] Maksimal AI Analiz Bazaya Yazıldı: 'admin-sistemi/src/components/AnimatedLoader.jsx'
[2026-07-22 00:38:24] [INFO] Maksimal AI Analiz Bazaya Yazıldı: 'admin-sistemi/src/components/CreepyButton.css'
[2026-07-22 00:38:24] [INFO] Maksimal AI Analiz Bazaya Yazıldı: 'admin-sistemi/src/components/CreepyButton.css'
[2026-07-22 00:38:24] [INFO] Maksimal AI Analiz Bazaya Yazıldı: 'admin-sistemi/src/components/CreepyButton.jsx'
[2026-07-22 00:38:24] [INFO] Maksimal AI Analiz Bazaya Yazıldı: 'admin-sistemi/src/components/CreepyButton.jsx'
[2026-07-22 00:38:25] [INFO] Maksimal AI Analiz Bazaya Yazıldı: 'admin-sistemi/src/components/DebugConsole.jsx'
[2026-07-22 00:38:25] [INFO] Maksimal AI Analiz Bazaya Yazıldı: 'admin-sistemi/src/components/DebugConsole.jsx'
[2026-07-22 00:38:25] [INFO] Maksimal AI Analiz Bazaya Yazıldı: 'admin-sistemi/src/components/DebugToggleButton.jsx'
[2026-07-22 00:38:25] [INFO] Maksimal AI Analiz Bazaya Yazıldı: 'admin-sistemi/src/components/DebugToggleButton.jsx'
[2026-07-22 00:38:25] [INFO] Maksimal AI Analiz Bazaya Yazıldı: 'admin-sistemi/src/components/EditEmployeeModal.jsx'
[2026-07-22 00:38:25] [INFO] Maksimal AI Analiz Bazaya Yazıldı: 'admin-sistemi/src/components/EditEmployeeModal.jsx'
[2026-07-22 00:38:25] [INFO] Maksimal AI Analiz Bazaya Yazıldı: 'admin-sistemi/src/components/EmployeeFormDialog.jsx'
[2026-07-22 00:38:25] [INFO] Maksimal AI Analiz Bazaya Yazıldı: 'admin-sistemi/src/components/EmployeeFormDialog.jsx'
[2026-07-22 00:38:25] [INFO] Maksimal AI Analiz Bazaya Yazıldı: 'admin-sistemi/src/components/ErrorBoundary.jsx'
[2026-07-22 00:38:25] [INFO] Maksimal AI Analiz Bazaya Yazıldı: 'admin-sistemi/src/components/ErrorBoundary.jsx'
[2026-07-22 00:38:25] [INFO] Maksimal AI Analiz Bazaya Yazıldı: 'admin-sistemi/src/components/Footer.jsx'
[2026-07-22 00:38:25] [INFO] Maksimal AI Analiz Bazaya Yazıldı: 'admin-sistemi/src/components/Footer.jsx'
[2026-07-22 00:38:25] [INFO] Maksimal AI Analiz Bazaya Yazıldı: 'admin-sistemi/src/components/LeafTransition.jsx'
[2026-07-22 00:38:25] [INFO] Maksimal AI Analiz Bazaya Yazıldı: 'admin-sistemi/src/components/LeafTransition.jsx'
[2026-07-22 00:38:26] [INFO] Maksimal AI Analiz Bazaya Yazıldı: 'admin-sistemi/src/components/ProtectedRoute.jsx'
[2026-07-22 00:38:26] [INFO] Maksimal AI Analiz Bazaya Yazıldı: 'admin-sistemi/src/components/ProtectedRoute.jsx'
[2026-07-22 00:38:26] [INFO] Maksimal AI Analiz Bazaya Yazıldı: 'admin-sistemi/src/components/RateLimitOverlay.jsx'
[2026-07-22 00:38:26] [INFO] Maksimal AI Analiz Bazaya Yazıldı: 'admin-sistemi/src/components/RateLimitOverlay.jsx'
[2026-07-22 00:38:26] [INFO] Maksimal AI Analiz Bazaya Yazıldı: 'admin-sistemi/src/components/TableToolbar.jsx'
[2026-07-22 00:38:26] [INFO] Maksimal AI Analiz Bazaya Yazıldı: 'admin-sistemi/src/components/TableToolbar.jsx'
[2026-07-22 00:38:26] [INFO] Maksimal AI Analiz Bazaya Yazıldı: 'admin-sistemi/src/components/TopBar.jsx'
[2026-07-22 00:38:26] [INFO] Maksimal AI Analiz Bazaya Yazıldı: 'admin-sistemi/src/components/TopBar.jsx'
[2026-07-22 00:38:26] [INFO] Maksimal AI Analiz Bazaya Yazıldı: 'admin-sistemi/src/components/UpdateNotification.jsx'
[2026-07-22 00:38:26] [INFO] Maksimal AI Analiz Bazaya Yazıldı: 'admin-sistemi/src/components/UpdateNotification.jsx'
[2026-07-22 00:38:26] [INFO] Maksimal AI Analiz Bazaya Yazıldı: 'admin-sistemi/src/components/VacationCalendar.jsx'
[2026-07-22 00:38:26] [INFO] Maksimal AI Analiz Bazaya Yazıldı: 'admin-sistemi/src/components/VacationCalendar.jsx'
[2026-07-22 00:38:26] [INFO] Maksimal AI Analiz Bazaya Yazıldı: 'admin-sistemi/src/components/VacationCalendar_backup.jsx'
[2026-07-22 00:38:26] [INFO] Maksimal AI Analiz Bazaya Yazıldı: 'admin-sistemi/src/components/VacationCalendar_backup.jsx'
[2026-07-22 00:38:27] [INFO] Maksimal AI Analiz Bazaya Yazıldı: 'admin-sistemi/src/components/auth/LoginPage.jsx'
[2026-07-22 00:38:27] [INFO] Maksimal AI Analiz Bazaya Yazıldı: 'admin-sistemi/src/components/auth/LoginPage.jsx'
[2026-07-22 00:38:27] [INFO] Maksimal AI Analiz Bazaya Yazıldı: 'admin-sistemi/src/components/calendar/CalendarPage.jsx'
[2026-07-22 00:38:27] [INFO] Maksimal AI Analiz Bazaya Yazıldı: 'admin-sistemi/src/components/calendar/CalendarPage.jsx'
[2026-07-22 00:38:27] [INFO] Maksimal AI Analiz Bazaya Yazıldı: 'admin-sistemi/src/components/common/LoadingOverlay.jsx'
[2026-07-22 00:38:27] [INFO] Maksimal AI Analiz Bazaya Yazıldı: 'admin-sistemi/src/components/common/LoadingOverlay.jsx'
[2026-07-22 00:38:27] [INFO] Maksimal AI Analiz Bazaya Yazıldı: 'admin-sistemi/src/components/common/ServerAwakening.jsx'
[2026-07-22 00:38:27] [INFO] Maksimal AI Analiz Bazaya Yazıldı: 'admin-sistemi/src/components/common/ServerAwakening.jsx'
[2026-07-22 00:38:27] [INFO] Maksimal AI Analiz Bazaya Yazıldı: 'admin-sistemi/src/components/common/SplashScreen.jsx'
[2026-07-22 00:38:27] [INFO] Maksimal AI Analiz Bazaya Yazıldı: 'admin-sistemi/src/components/common/SplashScreen.jsx'
[2026-07-22 00:38:27] [INFO] Maksimal AI Analiz Bazaya Yazıldı: 'admin-sistemi/src/components/dashboard/DashboardPage.jsx'
[2026-07-22 00:38:27] [INFO] Maksimal AI Analiz Bazaya Yazıldı: 'admin-sistemi/src/components/dashboard/DashboardPage.jsx'
[2026-07-22 00:38:27] [INFO] Maksimal AI Analiz Bazaya Yazıldı: 'admin-sistemi/src/components/employees/EmployeeList.jsx'
[2026-07-22 00:38:27] [INFO] Maksimal AI Analiz Bazaya Yazıldı: 'admin-sistemi/src/components/employees/EmployeeList.jsx'
[2026-07-22 00:38:28] [INFO] Maksimal AI Analiz Bazaya Yazıldı: 'admin-sistemi/src/components/Games/ExternalGameWindow.jsx'
[2026-07-22 00:38:28] [INFO] Maksimal AI Analiz Bazaya Yazıldı: 'admin-sistemi/src/components/Games/ExternalGameWindow.jsx'
[2026-07-22 00:38:28] [INFO] Maksimal AI Analiz Bazaya Yazıldı: 'admin-sistemi/src/components/Games/TicTacToe/Board.jsx'
[2026-07-22 00:38:28] [INFO] Maksimal AI Analiz Bazaya Yazıldı: 'admin-sistemi/src/components/Games/TicTacToe/Board.jsx'
[2026-07-22 00:38:28] [INFO] Maksimal AI Analiz Bazaya Yazıldı: 'admin-sistemi/src/components/Games/TicTacToe/Dice3D.jsx'
[2026-07-22 00:38:28] [INFO] Maksimal AI Analiz Bazaya Yazıldı: 'admin-sistemi/src/components/Games/TicTacToe/Dice3D.jsx'
[2026-07-22 00:38:28] [INFO] Maksimal AI Analiz Bazaya Yazıldı: 'admin-sistemi/src/components/Games/TicTacToe/DiceOverlay.jsx'
[2026-07-22 00:38:28] [INFO] Maksimal AI Analiz Bazaya Yazıldı: 'admin-sistemi/src/components/Games/TicTacToe/DiceOverlay.jsx'
[2026-07-22 00:38:28] [INFO] Maksimal AI Analiz Bazaya Yazıldı: 'admin-sistemi/src/components/Games/TicTacToe/TicTacToe.jsx'
[2026-07-22 00:38:28] [INFO] Maksimal AI Analiz Bazaya Yazıldı: 'admin-sistemi/src/components/Games/TicTacToe/TicTacToe.jsx'
[2026-07-22 00:38:28] [INFO] Maksimal AI Analiz Bazaya Yazıldı: 'admin-sistemi/src/components/layout/AppLayout.jsx'
[2026-07-22 00:38:28] [INFO] Maksimal AI Analiz Bazaya Yazıldı: 'admin-sistemi/src/components/layout/AppLayout.jsx'
[2026-07-22 00:38:28] [INFO] Maksimal AI Analiz Bazaya Yazıldı: 'admin-sistemi/src/components/settings/SettingsPage.jsx'
[2026-07-22 00:38:28] [INFO] Maksimal AI Analiz Bazaya Yazıldı: 'admin-sistemi/src/components/settings/SettingsPage.jsx'
[2026-07-22 00:38:29] [INFO] Maksimal AI Analiz Bazaya Yazıldı: 'admin-sistemi/src/components/Sidebar/EmployeeListSidebar.jsx'
[2026-07-22 00:38:29] [INFO] Maksimal AI Analiz Bazaya Yazıldı: 'admin-sistemi/src/components/Sidebar/EmployeeListSidebar.jsx'
[2026-07-22 00:38:29] [INFO] Maksimal AI Analiz Bazaya Yazıldı: 'admin-sistemi/src/components/Sidebar/IconSidebar.jsx'
[2026-07-22 00:38:29] [INFO] Maksimal AI Analiz Bazaya Yazıldı: 'admin-sistemi/src/components/Sidebar/IconSidebar.jsx'
[2026-07-22 00:38:29] [INFO] Maksimal AI Analiz Bazaya Yazıldı: 'admin-sistemi/src/components/ThemeSelector/ThemeSelector.jsx'
[2026-07-22 00:38:29] [INFO] Maksimal AI Analiz Bazaya Yazıldı: 'admin-sistemi/src/components/ThemeSelector/ThemeSelector.jsx'
[2026-07-22 00:38:29] [INFO] Maksimal AI Analiz Bazaya Yazıldı: 'admin-sistemi/src/components/vacations/EditVacationDialog.jsx'
[2026-07-22 00:38:29] [INFO] Maksimal AI Analiz Bazaya Yazıldı: 'admin-sistemi/src/components/vacations/EditVacationDialog.jsx'
[2026-07-22 00:38:29] [INFO] Maksimal AI Analiz Bazaya Yazıldı: 'admin-sistemi/src/components/vacations/VacationList.jsx'
[2026-07-22 00:38:29] [INFO] Maksimal AI Analiz Bazaya Yazıldı: 'admin-sistemi/src/components/vacations/VacationList.jsx'
[2026-07-22 00:38:29] [INFO] Maksimal AI Analiz Bazaya Yazıldı: 'admin-sistemi/src/context/AuthContext.jsx'
[2026-07-22 00:38:29] [INFO] Maksimal AI Analiz Bazaya Yazıldı: 'admin-sistemi/src/context/AuthContext.jsx'
[2026-07-22 00:38:29] [INFO] Maksimal AI Analiz Bazaya Yazıldı: 'admin-sistemi/src/context/NotificationContext.jsx'
[2026-07-22 00:38:29] [INFO] Maksimal AI Analiz Bazaya Yazıldı: 'admin-sistemi/src/context/NotificationContext.jsx'
[2026-07-22 00:38:30] [INFO] Maksimal AI Analiz Bazaya Yazıldı: 'admin-sistemi/src/context/SocketContext.jsx'
[2026-07-22 00:38:30] [INFO] Maksimal AI Analiz Bazaya Yazıldı: 'admin-sistemi/src/context/SocketContext.jsx'
[2026-07-22 00:38:30] [INFO] Maksimal AI Analiz Bazaya Yazıldı: 'admin-sistemi/src/context/SoundAssets.js'
[2026-07-22 00:38:30] [INFO] Maksimal AI Analiz Bazaya Yazıldı: 'admin-sistemi/src/context/SoundAssets.js'
[2026-07-22 00:38:30] [INFO] Maksimal AI Analiz Bazaya Yazıldı: 'admin-sistemi/src/context/SoundContext.jsx'
[2026-07-22 00:38:30] [INFO] Maksimal AI Analiz Bazaya Yazıldı: 'admin-sistemi/src/context/SoundContext.jsx'
[2026-07-22 00:38:30] [INFO] Maksimal AI Analiz Bazaya Yazıldı: 'admin-sistemi/src/context/ThemeContext.jsx'
[2026-07-22 00:38:30] [INFO] Maksimal AI Analiz Bazaya Yazıldı: 'admin-sistemi/src/context/ThemeContext.jsx'
[2026-07-22 00:38:30] [INFO] Maksimal AI Analiz Bazaya Yazıldı: 'admin-sistemi/src/layouts/MainLayout.jsx'
[2026-07-22 00:38:30] [INFO] Maksimal AI Analiz Bazaya Yazıldı: 'admin-sistemi/src/layouts/MainLayout.jsx'
[2026-07-22 00:38:30] [INFO] Maksimal AI Analiz Bazaya Yazıldı: 'admin-sistemi/src/pages/AdminDashboard.jsx'
[2026-07-22 00:38:30] [INFO] Maksimal AI Analiz Bazaya Yazıldı: 'admin-sistemi/src/pages/AdminDashboard.jsx'
[2026-07-22 00:38:30] [INFO] Maksimal AI Analiz Bazaya Yazıldı: 'admin-sistemi/src/pages/AdminErrorLogs.jsx'
[2026-07-22 00:38:31] [INFO] Maksimal AI Analiz Bazaya Yazıldı: 'admin-sistemi/src/pages/AdminErrorLogs.jsx'
[2026-07-22 00:38:31] [INFO] Maksimal AI Analiz Bazaya Yazıldı: 'admin-sistemi/src/pages/AnimationShowcase.jsx'
[2026-07-22 00:38:31] [INFO] Maksimal AI Analiz Bazaya Yazıldı: 'admin-sistemi/src/pages/AnimationShowcase.jsx'
[2026-07-22 00:38:31] [INFO] Maksimal AI Analiz Bazaya Yazıldı: 'admin-sistemi/src/pages/ArchivePage.jsx'
[2026-07-22 00:38:31] [INFO] Maksimal AI Analiz Bazaya Yazıldı: 'admin-sistemi/src/pages/ArchivePage.jsx'
[2026-07-22 00:38:31] [INFO] Maksimal AI Analiz Bazaya Yazıldı: 'admin-sistemi/src/pages/CalendarPage.jsx'
[2026-07-22 00:38:31] [INFO] Maksimal AI Analiz Bazaya Yazıldı: 'admin-sistemi/src/pages/CalendarPage.jsx'
[2026-07-22 00:38:31] [INFO] Maksimal AI Analiz Bazaya Yazıldı: 'admin-sistemi/src/pages/CalendarPage_backup.jsx'
[2026-07-22 00:38:31] [INFO] Maksimal AI Analiz Bazaya Yazıldı: 'admin-sistemi/src/pages/CalendarPage_backup.jsx'
[2026-07-22 00:38:31] [INFO] Maksimal AI Analiz Bazaya Yazıldı: 'admin-sistemi/src/pages/ChatPage.jsx'
[2026-07-22 00:38:31] [INFO] Maksimal AI Analiz Bazaya Yazıldı: 'admin-sistemi/src/pages/ChatPage.jsx'
[2026-07-22 00:38:31] [INFO] Maksimal AI Analiz Bazaya Yazıldı: 'admin-sistemi/src/pages/Dashboard.jsx'
[2026-07-22 00:38:31] [INFO] Maksimal AI Analiz Bazaya Yazıldı: 'admin-sistemi/src/pages/Dashboard.jsx'
[2026-07-22 00:38:31] [INFO] Maksimal AI Analiz Bazaya Yazıldı: 'admin-sistemi/src/pages/EmployeeDetails.jsx'
[2026-07-22 00:38:31] [INFO] Maksimal AI Analiz Bazaya Yazıldı: 'admin-sistemi/src/pages/EmployeeDetails.jsx'
[2026-07-22 00:38:32] [INFO] Maksimal AI Analiz Bazaya Yazıldı: 'admin-sistemi/src/pages/Employees.jsx'
[2026-07-22 00:38:32] [INFO] Maksimal AI Analiz Bazaya Yazıldı: 'admin-sistemi/src/pages/Employees.jsx'
[2026-07-22 00:38:32] [INFO] Maksimal AI Analiz Bazaya Yazıldı: 'admin-sistemi/src/pages/Home.css'
[2026-07-22 00:38:32] [INFO] Maksimal AI Analiz Bazaya Yazıldı: 'admin-sistemi/src/pages/Home.css'
[2026-07-22 00:38:32] [INFO] Maksimal AI Analiz Bazaya Yazıldı: 'admin-sistemi/src/pages/Home.jsx'
[2026-07-22 00:38:32] [INFO] Maksimal AI Analiz Bazaya Yazıldı: 'admin-sistemi/src/pages/Home.jsx'
[2026-07-22 00:38:32] [INFO] Maksimal AI Analiz Bazaya Yazıldı: 'admin-sistemi/src/pages/Login.jsx'
[2026-07-22 00:38:32] [INFO] Maksimal AI Analiz Bazaya Yazıldı: 'admin-sistemi/src/pages/Login.jsx'
[2026-07-22 00:38:32] [INFO] Maksimal AI Analiz Bazaya Yazıldı: 'admin-sistemi/src/pages/ProfilePage.jsx'
[2026-07-22 00:38:32] [INFO] Maksimal AI Analiz Bazaya Yazıldı: 'admin-sistemi/src/pages/ProfilePage.jsx'
[2026-07-22 00:38:32] [INFO] Maksimal AI Analiz Bazaya Yazıldı: 'admin-sistemi/src/pages/Register.css'
[2026-07-22 00:38:32] [INFO] Maksimal AI Analiz Bazaya Yazıldı: 'admin-sistemi/src/pages/Register.css'
[2026-07-22 00:38:33] [INFO] Maksimal AI Analiz Bazaya Yazıldı: 'admin-sistemi/src/pages/Register.jsx'
[2026-07-22 00:38:33] [INFO] Maksimal AI Analiz Bazaya Yazıldı: 'admin-sistemi/src/pages/Register.jsx'
[2026-07-22 00:38:33] [INFO] Maksimal AI Analiz Bazaya Yazıldı: 'admin-sistemi/src/pages/ReportsPage.jsx'
[2026-07-22 00:38:33] [INFO] Maksimal AI Analiz Bazaya Yazıldı: 'admin-sistemi/src/pages/ReportsPage.jsx'
[2026-07-22 00:38:33] [INFO] Maksimal AI Analiz Bazaya Yazıldı: 'admin-sistemi/src/pages/SecurityPage.jsx'
[2026-07-22 00:38:33] [INFO] Maksimal AI Analiz Bazaya Yazıldı: 'admin-sistemi/src/pages/SecurityPage.jsx'
[2026-07-22 00:38:33] [INFO] Maksimal AI Analiz Bazaya Yazıldı: 'admin-sistemi/src/pages/SettingsPage.jsx'
[2026-07-22 00:38:33] [INFO] Maksimal AI Analiz Bazaya Yazıldı: 'admin-sistemi/src/pages/SettingsPage.jsx'
[2026-07-22 00:38:33] [INFO] Maksimal AI Analiz Bazaya Yazıldı: 'admin-sistemi/src/pages/SetupCompany.jsx'
[2026-07-22 00:38:33] [INFO] Maksimal AI Analiz Bazaya Yazıldı: 'admin-sistemi/src/pages/SetupCompany.jsx'
[2026-07-22 00:38:33] [INFO] Maksimal AI Analiz Bazaya Yazıldı: 'admin-sistemi/src/pages/TestCalendarPage.jsx'
[2026-07-22 00:38:33] [INFO] Maksimal AI Analiz Bazaya Yazıldı: 'admin-sistemi/src/pages/TestCalendarPage.jsx'
[2026-07-22 00:38:33] [INFO] Maksimal AI Analiz Bazaya Yazıldı: 'admin-sistemi/src/pages/TestCardDesign.jsx'
[2026-07-22 00:38:33] [INFO] Maksimal AI Analiz Bazaya Yazıldı: 'admin-sistemi/src/pages/TestCardDesign.jsx'
[2026-07-22 00:38:34] [INFO] Maksimal AI Analiz Bazaya Yazıldı: 'admin-sistemi/src/pages/TestEmployees.jsx'
[2026-07-22 00:38:34] [INFO] Maksimal AI Analiz Bazaya Yazıldı: 'admin-sistemi/src/pages/TestEmployees.jsx'
[2026-07-22 00:38:34] [INFO] Maksimal AI Analiz Bazaya Yazıldı: 'admin-sistemi/src/pages/TestLottie.jsx'
[2026-07-22 00:38:34] [INFO] Maksimal AI Analiz Bazaya Yazıldı: 'admin-sistemi/src/pages/TestLottie.jsx'
[2026-07-22 00:38:34] [INFO] Maksimal AI Analiz Bazaya Yazıldı: 'admin-sistemi/src/pages/TestProfilePage.jsx'
[2026-07-22 00:38:34] [INFO] Maksimal AI Analiz Bazaya Yazıldı: 'admin-sistemi/src/pages/TestProfilePage.jsx'
[2026-07-22 00:38:34] [INFO] Maksimal AI Analiz Bazaya Yazıldı: 'admin-sistemi/src/pages/VacationRequestsPage.jsx'
[2026-07-22 00:38:34] [INFO] Maksimal AI Analiz Bazaya Yazıldı: 'admin-sistemi/src/pages/VacationRequestsPage.jsx'
[2026-07-22 00:38:34] [INFO] Maksimal AI Analiz Bazaya Yazıldı: 'admin-sistemi/src/pages/AdminTools/AdminClientLogs.jsx'
[2026-07-22 00:38:34] [INFO] Maksimal AI Analiz Bazaya Yazıldı: 'admin-sistemi/src/pages/AdminTools/AdminClientLogs.jsx'
[2026-07-22 00:38:34] [INFO] Maksimal AI Analiz Bazaya Yazıldı: 'admin-sistemi/src/pages/AdminTools/AdminManagement.jsx'
[2026-07-22 00:38:34] [INFO] Maksimal AI Analiz Bazaya Yazıldı: 'admin-sistemi/src/pages/AdminTools/AdminManagement.jsx'
[2026-07-22 00:38:34] [INFO] Maksimal AI Analiz Bazaya Yazıldı: 'admin-sistemi/src/pages/AdminTools/AdminToolsPage.jsx'
[2026-07-22 00:38:34] [INFO] Maksimal AI Analiz Bazaya Yazıldı: 'admin-sistemi/src/pages/AdminTools/AdminToolsPage.jsx'
[2026-07-22 00:38:34] [INFO] Maksimal AI Analiz Bazaya Yazıldı: 'admin-sistemi/src/pages/AdminTools/DictionaryManager.jsx'
[2026-07-22 00:38:35] [INFO] Maksimal AI Analiz Bazaya Yazıldı: 'admin-sistemi/src/pages/AdminTools/DictionaryManager.jsx'
[2026-07-22 00:38:35] [INFO] Maksimal AI Analiz Bazaya Yazıldı: 'admin-sistemi/src/pages/AdminTools/SystemTestManager.jsx'
[2026-07-22 00:38:35] [INFO] Maksimal AI Analiz Bazaya Yazıldı: 'admin-sistemi/src/pages/AdminTools/SystemTestManager.jsx'
[2026-07-22 00:38:35] [INFO] Maksimal AI Analiz Bazaya Yazıldı: 'admin-sistemi/src/pages/Notifications/NotificationsPage.jsx'
[2026-07-22 00:38:35] [INFO] Maksimal AI Analiz Bazaya Yazıldı: 'admin-sistemi/src/pages/Notifications/NotificationsPage.jsx'
[2026-07-22 00:38:35] [INFO] Maksimal AI Analiz Bazaya Yazıldı: 'admin-sistemi/src/services/adminApi.js'
[2026-07-22 00:38:35] [INFO] Maksimal AI Analiz Bazaya Yazıldı: 'admin-sistemi/src/services/adminApi.js'
[2026-07-22 00:38:35] [INFO] Maksimal AI Analiz Bazaya Yazıldı: 'admin-sistemi/src/services/api.js'
[2026-07-22 00:38:35] [INFO] Maksimal AI Analiz Bazaya Yazıldı: 'admin-sistemi/src/services/api.js'
[2026-07-22 00:38:35] [INFO] Maksimal AI Analiz Bazaya Yazıldı: 'admin-sistemi/src/services/errorReporter.js'
[2026-07-22 00:38:35] [INFO] Maksimal AI Analiz Bazaya Yazıldı: 'admin-sistemi/src/services/errorReporter.js'
[2026-07-22 00:38:35] [INFO] Maksimal AI Analiz Bazaya Yazıldı: 'admin-sistemi/src/services/logService.js'
[2026-07-22 00:38:35] [INFO] Maksimal AI Analiz Bazaya Yazıldı: 'admin-sistemi/src/services/logService.js'
[2026-07-22 00:38:35] [INFO] Maksimal AI Analiz Bazaya Yazıldı: 'admin-sistemi/src/services/versionService.js'
[2026-07-22 00:38:35] [INFO] Maksimal AI Analiz Bazaya Yazıldı: 'admin-sistemi/src/services/versionService.js'
[2026-07-22 00:38:36] [INFO] Maksimal AI Analiz Bazaya Yazıldı: 'admin-sistemi/src/test/apiService.test.js'
[2026-07-22 00:38:36] [INFO] Maksimal AI Analiz Bazaya Yazıldı: 'admin-sistemi/src/test/apiService.test.js'
[2026-07-22 00:38:36] [INFO] Maksimal AI Analiz Bazaya Yazıldı: 'admin-sistemi/src/test/app_health.test.js'
[2026-07-22 00:38:36] [INFO] Maksimal AI Analiz Bazaya Yazıldı: 'admin-sistemi/src/test/app_health.test.js'
[2026-07-22 00:38:36] [INFO] Maksimal AI Analiz Bazaya Yazıldı: 'admin-sistemi/src/test/login.test.jsx'
[2026-07-22 00:38:36] [INFO] Maksimal AI Analiz Bazaya Yazıldı: 'admin-sistemi/src/test/login.test.jsx'
[2026-07-22 00:38:36] [INFO] Maksimal AI Analiz Bazaya Yazıldı: 'admin-sistemi/src/test/setup.js'
[2026-07-22 00:38:36] [INFO] Maksimal AI Analiz Bazaya Yazıldı: 'admin-sistemi/src/test/setup.js'
[2026-07-22 00:38:36] [INFO] Maksimal AI Analiz Bazaya Yazıldı: 'admin-sistemi/src/theme/design-system.css'
[2026-07-22 00:38:36] [INFO] Maksimal AI Analiz Bazaya Yazıldı: 'admin-sistemi/src/theme/design-system.css'
[2026-07-22 00:38:36] [INFO] Maksimal AI Analiz Bazaya Yazıldı: 'admin-sistemi/src/theme/theme.js'
[2026-07-22 00:38:36] [INFO] Maksimal AI Analiz Bazaya Yazıldı: 'admin-sistemi/src/theme/theme.js'
[2026-07-22 00:38:36] [INFO] Maksimal AI Analiz Bazaya Yazıldı: 'admin-sistemi/src-tauri/Cargo.lock'
[2026-07-22 00:38:36] [INFO] Maksimal AI Analiz Bazaya Yazıldı: 'admin-sistemi/src-tauri/Cargo.lock'
[2026-07-22 00:38:37] [INFO] Maksimal AI Analiz Bazaya Yazıldı: 'admin-sistemi/src-tauri/Cargo.toml'
[2026-07-22 00:38:37] [INFO] Maksimal AI Analiz Bazaya Yazıldı: 'admin-sistemi/src-tauri/Cargo.toml'
[2026-07-22 00:38:37] [INFO] Maksimal AI Analiz Bazaya Yazıldı: 'admin-sistemi/src-tauri/build.rs'
[2026-07-22 00:38:37] [INFO] Maksimal AI Analiz Bazaya Yazıldı: 'admin-sistemi/src-tauri/build.rs'
[2026-07-22 00:38:37] [INFO] Maksimal AI Analiz Bazaya Yazıldı: 'admin-sistemi/src-tauri/build_err.log'
[2026-07-22 00:38:37] [INFO] Maksimal AI Analiz Bazaya Yazıldı: 'admin-sistemi/src-tauri/build_err.log'
[2026-07-22 00:38:37] [INFO] Maksimal AI Analiz Bazaya Yazıldı: 'admin-sistemi/src-tauri/custom_api.txt'
[2026-07-22 00:38:37] [INFO] Maksimal AI Analiz Bazaya Yazıldı: 'admin-sistemi/src-tauri/custom_api.txt'
[2026-07-22 00:38:37] [INFO] Maksimal AI Analiz Bazaya Yazıldı: 'admin-sistemi/src-tauri/error.log'
[2026-07-22 00:38:37] [INFO] Maksimal AI Analiz Bazaya Yazıldı: 'admin-sistemi/src-tauri/error.log'
[2026-07-22 00:38:37] [INFO] Maksimal AI Analiz Bazaya Yazıldı: 'admin-sistemi/src-tauri/error_utf8.log'
[2026-07-22 00:38:37] [INFO] Maksimal AI Analiz Bazaya Yazıldı: 'admin-sistemi/src-tauri/error_utf8.log'
[2026-07-22 00:38:37] [INFO] Maksimal AI Analiz Bazaya Yazıldı: 'admin-sistemi/src-tauri/extract_keys.py'
[2026-07-22 00:38:37] [INFO] Maksimal AI Analiz Bazaya Yazıldı: 'admin-sistemi/src-tauri/extract_keys.py'
[2026-07-22 00:38:38] [INFO] Maksimal AI Analiz Bazaya Yazıldı: 'admin-sistemi/src-tauri/private.key'
[2026-07-22 00:38:38] [INFO] Maksimal AI Analiz Bazaya Yazıldı: 'admin-sistemi/src-tauri/private.key'
[2026-07-22 00:38:38] [INFO] Maksimal AI Analiz Bazaya Yazıldı: 'admin-sistemi/src-tauri/public.key'
[2026-07-22 00:38:38] [INFO] Maksimal AI Analiz Bazaya Yazıldı: 'admin-sistemi/src-tauri/public.key'
[2026-07-22 00:38:38] [INFO] Maksimal AI Analiz Bazaya Yazıldı: 'admin-sistemi/src-tauri/tauri.conf.json'
[2026-07-22 00:38:38] [INFO] Maksimal AI Analiz Bazaya Yazıldı: 'admin-sistemi/src-tauri/tauri.conf.json'
[2026-07-22 00:38:38] [INFO] Maksimal AI Analiz Bazaya Yazıldı: 'admin-sistemi/src-tauri/build/hooks.nsh'
[2026-07-22 00:38:38] [INFO] Maksimal AI Analiz Bazaya Yazıldı: 'admin-sistemi/src-tauri/build/hooks.nsh'
[2026-07-22 00:38:38] [INFO] Maksimal AI Analiz Bazaya Yazıldı: 'admin-sistemi/src-tauri/capabilities/default.json'
[2026-07-22 00:38:38] [INFO] Maksimal AI Analiz Bazaya Yazıldı: 'admin-sistemi/src-tauri/capabilities/default.json'
[2026-07-22 00:38:38] [INFO] Maksimal AI Analiz Bazaya Yazıldı: 'admin-sistemi/src-tauri/gen/schemas/acl-manifests.json'
[2026-07-22 00:38:38] [INFO] Maksimal AI Analiz Bazaya Yazıldı: 'admin-sistemi/src-tauri/gen/schemas/acl-manifests.json'
[2026-07-22 00:38:38] [INFO] Maksimal AI Analiz Bazaya Yazıldı: 'admin-sistemi/src-tauri/gen/schemas/capabilities.json'
[2026-07-22 00:38:38] [INFO] Maksimal AI Analiz Bazaya Yazıldı: 'admin-sistemi/src-tauri/gen/schemas/capabilities.json'
[2026-07-22 00:38:39] [INFO] Maksimal AI Analiz Bazaya Yazıldı: 'admin-sistemi/src-tauri/gen/schemas/desktop-schema.json'
[2026-07-22 00:38:39] [INFO] Maksimal AI Analiz Bazaya Yazıldı: 'admin-sistemi/src-tauri/gen/schemas/desktop-schema.json'
[2026-07-22 00:38:39] [INFO] Maksimal AI Analiz Bazaya Yazıldı: 'admin-sistemi/src-tauri/gen/schemas/windows-schema.json'
[2026-07-22 00:38:39] [INFO] Maksimal AI Analiz Bazaya Yazıldı: 'admin-sistemi/src-tauri/gen/schemas/windows-schema.json'
[2026-07-22 00:38:39] [INFO] Maksimal AI Analiz Bazaya Yazıldı: 'admin-sistemi/src-tauri/icons/128x128.png'
[2026-07-22 00:38:39] [INFO] Maksimal AI Analiz Bazaya Yazıldı: 'admin-sistemi/src-tauri/icons/128x128.png'
[2026-07-22 00:38:39] [INFO] Maksimal AI Analiz Bazaya Yazıldı: 'admin-sistemi/src-tauri/icons/128x128@2x.png'
[2026-07-22 00:38:39] [INFO] Maksimal AI Analiz Bazaya Yazıldı: 'admin-sistemi/src-tauri/icons/128x128@2x.png'
[2026-07-22 00:38:39] [INFO] Maksimal AI Analiz Bazaya Yazıldı: 'admin-sistemi/src-tauri/icons/32x32.png'
[2026-07-22 00:38:39] [INFO] Maksimal AI Analiz Bazaya Yazıldı: 'admin-sistemi/src-tauri/icons/32x32.png'
[2026-07-22 00:38:39] [INFO] Maksimal AI Analiz Bazaya Yazıldı: 'admin-sistemi/src-tauri/icons/icon.icns'
[2026-07-22 00:38:40] [INFO] Maksimal AI Analiz Bazaya Yazıldı: 'admin-sistemi/src-tauri/icons/icon.icns'
[2026-07-22 00:38:40] [INFO] Maksimal AI Analiz Bazaya Yazıldı: 'admin-sistemi/src-tauri/icons/icon.ico'
[2026-07-22 00:38:40] [INFO] Maksimal AI Analiz Bazaya Yazıldı: 'admin-sistemi/src-tauri/icons/icon.ico'
[2026-07-22 00:38:40] [INFO] Maksimal AI Analiz Bazaya Yazıldı: 'admin-sistemi/src-tauri/icons/icon.png'
[2026-07-22 00:38:40] [INFO] Maksimal AI Analiz Bazaya Yazıldı: 'admin-sistemi/src-tauri/icons/icon.png'
[2026-07-22 00:38:40] [INFO] Maksimal AI Analiz Bazaya Yazıldı: 'admin-sistemi/src-tauri/icons/icons.icns'
[2026-07-22 00:38:40] [INFO] Maksimal AI Analiz Bazaya Yazıldı: 'admin-sistemi/src-tauri/icons/icons.icns'
[2026-07-22 00:38:40] [INFO] Maksimal AI Analiz Bazaya Yazıldı: 'admin-sistemi/src-tauri/icons/icons.ico'
[2026-07-22 00:38:40] [INFO] Maksimal AI Analiz Bazaya Yazıldı: 'admin-sistemi/src-tauri/icons/icons.ico'
[2026-07-22 00:38:40] [INFO] Maksimal AI Analiz Bazaya Yazıldı: 'admin-sistemi/src-tauri/icons/icons.png'
[2026-07-22 00:38:40] [INFO] Maksimal AI Analiz Bazaya Yazıldı: 'admin-sistemi/src-tauri/icons/icons.png'
[2026-07-22 00:38:41] [INFO] Maksimal AI Analiz Bazaya Yazıldı: 'admin-sistemi/src-tauri/settings/pre_install.nsh'
[2026-07-22 00:38:41] [INFO] Maksimal AI Analiz Bazaya Yazıldı: 'admin-sistemi/src-tauri/settings/pre_install.nsh'
[2026-07-22 00:38:41] [INFO] Maksimal AI Analiz Bazaya Yazıldı: 'admin-sistemi/src-tauri/src/main.rs'
[2026-07-22 00:38:41] [INFO] Maksimal AI Analiz Bazaya Yazıldı: 'admin-sistemi/src-tauri/src/main.rs'
[2026-07-22 00:38:41] [INFO] Maksimal AI Analiz Bazaya Yazıldı: 'beledci/MUNDERICAT.md'
[2026-07-22 00:38:41] [INFO] Maksimal AI Analiz Bazaya Yazıldı: 'beledci/MUNDERICAT.md'
[2026-07-22 00:38:41] [INFO] Maksimal AI Analiz Bazaya Yazıldı: 'beledci/README.md'
[2026-07-22 00:38:41] [INFO] Maksimal AI Analiz Bazaya Yazıldı: 'beledci/README.md'
[2026-07-22 00:38:41] [INFO] Maksimal AI Analiz Bazaya Yazıldı: 'beledci/YENILIKLER_PLAN.md'
[2026-07-22 00:38:41] [INFO] Maksimal AI Analiz Bazaya Yazıldı: 'beledci/YENILIKLER_PLAN.md'
[2026-07-22 00:38:41] [INFO] Maksimal AI Analiz Bazaya Yazıldı: 'beledci/beledci.html'
[2026-07-22 00:38:41] [INFO] Maksimal AI Analiz Bazaya Yazıldı: 'beledci/beledci.html'
[2026-07-22 00:38:42] [INFO] Maksimal AI Analiz Bazaya Yazıldı: 'beledci/beledci.log'
[2026-07-22 00:38:42] [INFO] Maksimal AI Analiz Bazaya Yazıldı: 'beledci/beledci.log'
[2026-07-22 00:38:42] [INFO] Maksimal AI Analiz Bazaya Yazıldı: 'beledci/beledci_generator.py'
[2026-07-22 00:38:42] [INFO] Maksimal AI Analiz Bazaya Yazıldı: 'beledci/beledci_generator.py'
[2026-07-22 00:38:42] [INFO] Maksimal AI Analiz Bazaya Yazıldı: 'beledci/beledci_kb.db'
[2026-07-22 00:38:42] [INFO] Maksimal AI Analiz Bazaya Yazıldı: 'beledci/beledci_kb.db'
[2026-07-22 00:38:42] [INFO] Maksimal AI Analiz Bazaya Yazıldı: 'beledci/descriptions.json'
[2026-07-22 00:38:42] [INFO] Maksimal AI Analiz Bazaya Yazıldı: 'beledci/descriptions.json'
[2026-07-22 00:38:42] [INFO] Maksimal AI Analiz Bazaya Yazıldı: 'docs/README.md'
[2026-07-22 00:38:42] [INFO] Maksimal AI Analiz Bazaya Yazıldı: 'docs/README.md'
[2026-07-22 00:38:42] [INFO] Maksimal AI Analiz Bazaya Yazıldı: 'github/repo_gui copy.py'
[2026-07-22 00:38:42] [INFO] Maksimal AI Analiz Bazaya Yazıldı: 'github/repo_gui copy.py'
[2026-07-22 00:38:42] [INFO] Maksimal AI Analiz Bazaya Yazıldı: 'github/repo_gui.py'
[2026-07-22 00:38:42] [INFO] Maksimal AI Analiz Bazaya Yazıldı: 'github/repo_gui.py'
[2026-07-22 00:38:43] [INFO] Maksimal AI Analiz Bazaya Yazıldı: 'github/repo_logs/log_2026-06-22.txt'
[2026-07-22 00:38:43] [INFO] Maksimal AI Analiz Bazaya Yazıldı: 'github/repo_logs/log_2026-06-22.txt'
[2026-07-22 00:38:43] [INFO] Maksimal AI Analiz Bazaya Yazıldı: 'github/repo_logs/log_2026-07-01.txt'
[2026-07-22 00:38:43] [INFO] Maksimal AI Analiz Bazaya Yazıldı: 'github/repo_logs/log_2026-07-01.txt'
[2026-07-22 00:38:43] [INFO] Maksimal AI Analiz Bazaya Yazıldı: 'github/repo_logs/log_2026-07-05.txt'
[2026-07-22 00:38:43] [INFO] Maksimal AI Analiz Bazaya Yazıldı: 'github/repo_logs/log_2026-07-05.txt'
[2026-07-22 00:38:43] [INFO] Maksimal AI Analiz Bazaya Yazıldı: 'github/repo_logs/log_2026-07-06.txt'
[2026-07-22 00:38:43] [INFO] Maksimal AI Analiz Bazaya Yazıldı: 'github/repo_logs/log_2026-07-06.txt'
[2026-07-22 00:38:43] [INFO] Maksimal AI Analiz Bazaya Yazıldı: 'github/repo_logs/log_2026-07-07.txt'
[2026-07-22 00:38:43] [INFO] Maksimal AI Analiz Bazaya Yazıldı: 'github/repo_logs/log_2026-07-07.txt'
[2026-07-22 00:38:43] [INFO] Maksimal AI Analiz Bazaya Yazıldı: 'github/repo_logs/log_2026-07-08.txt'
[2026-07-22 00:38:43] [INFO] Maksimal AI Analiz Bazaya Yazıldı: 'github/repo_logs/log_2026-07-08.txt'
[2026-07-22 00:38:43] [INFO] Maksimal AI Analiz Bazaya Yazıldı: 'github/repo_logs/log_2026-07-09.txt'
[2026-07-22 00:38:43] [INFO] Maksimal AI Analiz Bazaya Yazıldı: 'github/repo_logs/log_2026-07-09.txt'
[2026-07-22 00:38:44] [INFO] Maksimal AI Analiz Bazaya Yazıldı: 'github/repo_logs/log_2026-07-10.txt'
[2026-07-22 00:38:44] [INFO] Maksimal AI Analiz Bazaya Yazıldı: 'github/repo_logs/log_2026-07-10.txt'
[2026-07-22 00:38:44] [INFO] Maksimal AI Analiz Bazaya Yazıldı: 'github/repo_logs/log_2026-07-11.txt'
[2026-07-22 00:38:44] [INFO] Maksimal AI Analiz Bazaya Yazıldı: 'github/repo_logs/log_2026-07-11.txt'
[2026-07-22 00:38:44] [INFO] Maksimal AI Analiz Bazaya Yazıldı: 'github/repo_logs/log_2026-07-12.txt'
[2026-07-22 00:38:44] [INFO] Maksimal AI Analiz Bazaya Yazıldı: 'github/repo_logs/log_2026-07-12.txt'
[2026-07-22 00:38:44] [INFO] Maksimal AI Analiz Bazaya Yazıldı: 'github/repo_logs/log_2026-07-13.txt'
[2026-07-22 00:38:44] [INFO] Maksimal AI Analiz Bazaya Yazıldı: 'github/repo_logs/log_2026-07-13.txt'
[2026-07-22 00:38:44] [INFO] Maksimal AI Analiz Bazaya Yazıldı: 'github/repo_logs/log_2026-07-14.txt'
[2026-07-22 00:38:44] [INFO] Maksimal AI Analiz Bazaya Yazıldı: 'github/repo_logs/log_2026-07-14.txt'
[2026-07-22 00:38:45] [INFO] Maksimal AI Analiz Bazaya Yazıldı: 'github/repo_logs/log_2026-07-16.txt'
[2026-07-22 00:38:45] [INFO] Maksimal AI Analiz Bazaya Yazıldı: 'github/repo_logs/log_2026-07-16.txt'
[2026-07-22 00:38:45] [INFO] Maksimal AI Analiz Bazaya Yazıldı: 'github/repo_logs/log_2026-07-19.txt'
[2026-07-22 00:38:45] [INFO] Maksimal AI Analiz Bazaya Yazıldı: 'github/repo_logs/log_2026-07-19.txt'
[2026-07-22 00:38:45] [INFO] Maksimal AI Analiz Bazaya Yazıldı: 'github/repo_logs/log_2026-07-20.txt'
[2026-07-22 00:38:45] [INFO] Maksimal AI Analiz Bazaya Yazıldı: 'github/repo_logs/log_2026-07-20.txt'
[2026-07-22 00:38:45] [INFO] Maksimal AI Analiz Bazaya Yazıldı: 'github/repo_logs/log_2026-07-21.txt'
[2026-07-22 00:38:45] [INFO] Maksimal AI Analiz Bazaya Yazıldı: 'github/repo_logs/log_2026-07-21.txt'
[2026-07-22 00:38:45] [INFO] Maksimal AI Analiz Bazaya Yazıldı: 'mezuniyyet/MIGRATION_GUIDE.md'
[2026-07-22 00:38:45] [INFO] Maksimal AI Analiz Bazaya Yazıldı: 'mezuniyyet/MIGRATION_GUIDE.md'
[2026-07-22 00:38:45] [INFO] Maksimal AI Analiz Bazaya Yazıldı: 'mezuniyyet/NEXT_AGENT_INSTRUCTIONS.md'
[2026-07-22 00:38:45] [INFO] Maksimal AI Analiz Bazaya Yazıldı: 'mezuniyyet/NEXT_AGENT_INSTRUCTIONS.md'
[2026-07-22 00:38:45] [INFO] Maksimal AI Analiz Bazaya Yazıldı: 'mezuniyyet/beledci_mema.md'
[2026-07-22 00:38:45] [INFO] Maksimal AI Analiz Bazaya Yazıldı: 'mezuniyyet/beledci_mema.md'
[2026-07-22 00:38:46] [INFO] Maksimal AI Analiz Bazaya Yazıldı: 'mezuniyyet/build_and_push_app.py'
[2026-07-22 00:38:46] [INFO] Maksimal AI Analiz Bazaya Yazıldı: 'mezuniyyet/build_and_push_app.py'
[2026-07-22 00:38:46] [INFO] Maksimal AI Analiz Bazaya Yazıldı: 'mezuniyyet/build_log.md'
[2026-07-22 00:38:46] [INFO] Maksimal AI Analiz Bazaya Yazıldı: 'mezuniyyet/build_log.md'
[2026-07-22 00:38:46] [INFO] Maksimal AI Analiz Bazaya Yazıldı: 'mezuniyyet/custom_api.txt'
[2026-07-22 00:38:46] [INFO] Maksimal AI Analiz Bazaya Yazıldı: 'mezuniyyet/custom_api.txt'
[2026-07-22 00:38:46] [INFO] Maksimal AI Analiz Bazaya Yazıldı: 'mezuniyyet/gelecek_planlar.md'
[2026-07-22 00:38:46] [INFO] Maksimal AI Analiz Bazaya Yazıldı: 'mezuniyyet/gelecek_planlar.md'
[2026-07-22 00:38:46] [INFO] Maksimal AI Analiz Bazaya Yazıldı: 'mezuniyyet/history_manager.py'
[2026-07-22 00:38:46] [INFO] Maksimal AI Analiz Bazaya Yazıldı: 'mezuniyyet/history_manager.py'
[2026-07-22 00:38:46] [INFO] Maksimal AI Analiz Bazaya Yazıldı: 'mezuniyyet/mema.md'
[2026-07-22 00:38:46] [INFO] Maksimal AI Analiz Bazaya Yazıldı: 'mezuniyyet/mema.md'
[2026-07-22 00:38:46] [INFO] Maksimal AI Analiz Bazaya Yazıldı: 'mezuniyyet/mezuniyyet-rust-taurisiz-olan.code-workspace'
[2026-07-22 00:38:46] [INFO] Maksimal AI Analiz Bazaya Yazıldı: 'mezuniyyet/mezuniyyet-rust-taurisiz-olan.code-workspace'
[2026-07-22 00:38:47] [INFO] Maksimal AI Analiz Bazaya Yazıldı: 'mezuniyyet/run_app.py'
[2026-07-22 00:38:47] [INFO] Maksimal AI Analiz Bazaya Yazıldı: 'mezuniyyet/run_app.py'
[2026-07-22 00:38:47] [INFO] Maksimal AI Analiz Bazaya Yazıldı: 'mezuniyyet/tauri_simulator.py'
[2026-07-22 00:38:47] [INFO] Maksimal AI Analiz Bazaya Yazıldı: 'mezuniyyet/tauri_simulator.py'
[2026-07-22 00:38:47] [INFO] Maksimal AI Analiz Bazaya Yazıldı: 'mezuniyyet/test_smart_gate.py'
[2026-07-22 00:38:47] [INFO] Maksimal AI Analiz Bazaya Yazıldı: 'mezuniyyet/test_smart_gate.py'
[2026-07-22 00:38:47] [INFO] Maksimal AI Analiz Bazaya Yazıldı: 'mezuniyyet/update_debug.py'
[2026-07-22 00:38:47] [INFO] Maksimal AI Analiz Bazaya Yazıldı: 'mezuniyyet/update_debug.py'
[2026-07-22 00:38:47] [INFO] Maksimal AI Analiz Bazaya Yazıldı: 'mezuniyyet/cloudflare-gate/wrangler.toml'
[2026-07-22 00:38:47] [INFO] Maksimal AI Analiz Bazaya Yazıldı: 'mezuniyyet/cloudflare-gate/wrangler.toml'
[2026-07-22 00:38:47] [INFO] Maksimal AI Analiz Bazaya Yazıldı: 'mezuniyyet/cloudflare-gate/src/index.js'
[2026-07-22 00:38:47] [INFO] Maksimal AI Analiz Bazaya Yazıldı: 'mezuniyyet/cloudflare-gate/src/index.js'
[2026-07-22 00:38:47] [INFO] Maksimal AI Analiz Bazaya Yazıldı: 'mezuniyyet/dizayn/index.html'
[2026-07-22 00:38:48] [INFO] Maksimal AI Analiz Bazaya Yazıldı: 'mezuniyyet/dizayn/index.html'
[2026-07-22 00:38:48] [INFO] Maksimal AI Analiz Bazaya Yazıldı: 'mezuniyyet/dizayn/script.js'
[2026-07-22 00:38:48] [INFO] Maksimal AI Analiz Bazaya Yazıldı: 'mezuniyyet/dizayn/script.js'
[2026-07-22 00:38:48] [INFO] Maksimal AI Analiz Bazaya Yazıldı: 'mezuniyyet/dizayn/style.css'
[2026-07-22 00:38:48] [INFO] Maksimal AI Analiz Bazaya Yazıldı: 'mezuniyyet/dizayn/style.css'
[2026-07-22 00:38:48] [INFO] Maksimal AI Analiz Bazaya Yazıldı: 'mezuniyyet/docs/MIGRATION_GUIDE.md'
[2026-07-22 00:38:48] [INFO] Maksimal AI Analiz Bazaya Yazıldı: 'mezuniyyet/docs/MIGRATION_GUIDE.md'
[2026-07-22 00:38:48] [INFO] Maksimal AI Analiz Bazaya Yazıldı: 'mezuniyyet/docs/NEXT_AGENT_INSTRUCTIONS.md'
[2026-07-22 00:38:48] [INFO] Maksimal AI Analiz Bazaya Yazıldı: 'mezuniyyet/docs/NEXT_AGENT_INSTRUCTIONS.md'
[2026-07-22 00:38:48] [INFO] Maksimal AI Analiz Bazaya Yazıldı: 'mezuniyyet/docs/beledci_mema.md'
[2026-07-22 00:38:48] [INFO] Maksimal AI Analiz Bazaya Yazıldı: 'mezuniyyet/docs/beledci_mema.md'
[2026-07-22 00:38:48] [INFO] Maksimal AI Analiz Bazaya Yazıldı: 'mezuniyyet/docs/build_log.md'
[2026-07-22 00:38:48] [INFO] Maksimal AI Analiz Bazaya Yazıldı: 'mezuniyyet/docs/build_log.md'
[2026-07-22 00:38:48] [INFO] Maksimal AI Analiz Bazaya Yazıldı: 'mezuniyyet/docs/external-games__client__README.md'
[2026-07-22 00:38:48] [INFO] Maksimal AI Analiz Bazaya Yazıldı: 'mezuniyyet/docs/external-games__client__README.md'
[2026-07-22 00:38:49] [INFO] Maksimal AI Analiz Bazaya Yazıldı: 'mezuniyyet/docs/gelecek_planlar.md'
[2026-07-22 00:38:49] [INFO] Maksimal AI Analiz Bazaya Yazıldı: 'mezuniyyet/docs/gelecek_planlar.md'
[2026-07-22 00:38:49] [INFO] Maksimal AI Analiz Bazaya Yazıldı: 'mezuniyyet/docs/mema.md'
[2026-07-22 00:38:49] [INFO] Maksimal AI Analiz Bazaya Yazıldı: 'mezuniyyet/docs/mema.md'
[2026-07-22 00:38:49] [INFO] Maksimal AI Analiz Bazaya Yazıldı: 'mezuniyyet/docs/tests__README.md'
[2026-07-22 00:38:49] [INFO] Maksimal AI Analiz Bazaya Yazıldı: 'mezuniyyet/docs/tests__README.md'
[2026-07-22 00:38:49] [INFO] Maksimal AI Analiz Bazaya Yazıldı: 'mezuniyyet/docs/tests__TEST_BASLAMA_REHBERI.md'
[2026-07-22 00:38:49] [INFO] Maksimal AI Analiz Bazaya Yazıldı: 'mezuniyyet/docs/tests__TEST_BASLAMA_REHBERI.md'
[2026-07-22 00:38:49] [INFO] Maksimal AI Analiz Bazaya Yazıldı: 'mezuniyyet/external-games/client/README.md'
[2026-07-22 00:38:49] [INFO] Maksimal AI Analiz Bazaya Yazıldı: 'mezuniyyet/external-games/client/README.md'
[2026-07-22 00:38:49] [INFO] Maksimal AI Analiz Bazaya Yazıldı: 'mezuniyyet/external-games/client/eslint.config.js'
[2026-07-22 00:38:49] [INFO] Maksimal AI Analiz Bazaya Yazıldı: 'mezuniyyet/external-games/client/eslint.config.js'
[2026-07-22 00:38:49] [INFO] Maksimal AI Analiz Bazaya Yazıldı: 'mezuniyyet/external-games/client/index.html'
[2026-07-22 00:38:49] [INFO] Maksimal AI Analiz Bazaya Yazıldı: 'mezuniyyet/external-games/client/index.html'
[2026-07-22 00:38:50] [INFO] Maksimal AI Analiz Bazaya Yazıldı: 'mezuniyyet/external-games/client/package-lock.json'
[2026-07-22 00:38:50] [INFO] Maksimal AI Analiz Bazaya Yazıldı: 'mezuniyyet/external-games/client/package-lock.json'
[2026-07-22 00:38:50] [INFO] Maksimal AI Analiz Bazaya Yazıldı: 'mezuniyyet/external-games/client/package.json'
[2026-07-22 00:38:50] [INFO] Maksimal AI Analiz Bazaya Yazıldı: 'mezuniyyet/external-games/client/package.json'
[2026-07-22 00:38:50] [INFO] Maksimal AI Analiz Bazaya Yazıldı: 'mezuniyyet/external-games/client/vite.config.js'
[2026-07-22 00:38:50] [INFO] Maksimal AI Analiz Bazaya Yazıldı: 'mezuniyyet/external-games/client/vite.config.js'
[2026-07-22 00:38:50] [INFO] Maksimal AI Analiz Bazaya Yazıldı: 'mezuniyyet/external-games/client/public/favicon.svg'
[2026-07-22 00:38:50] [INFO] Maksimal AI Analiz Bazaya Yazıldı: 'mezuniyyet/external-games/client/public/favicon.svg'
[2026-07-22 00:38:50] [INFO] Maksimal AI Analiz Bazaya Yazıldı: 'mezuniyyet/external-games/client/public/icons.svg'
[2026-07-22 00:38:50] [INFO] Maksimal AI Analiz Bazaya Yazıldı: 'mezuniyyet/external-games/client/public/icons.svg'
[2026-07-22 00:38:50] [INFO] Maksimal AI Analiz Bazaya Yazıldı: 'mezuniyyet/external-games/client/src/App.css'
[2026-07-22 00:38:50] [INFO] Maksimal AI Analiz Bazaya Yazıldı: 'mezuniyyet/external-games/client/src/App.css'
[2026-07-22 00:38:50] [INFO] Maksimal AI Analiz Bazaya Yazıldı: 'mezuniyyet/external-games/client/src/App.jsx'
[2026-07-22 00:38:50] [INFO] Maksimal AI Analiz Bazaya Yazıldı: 'mezuniyyet/external-games/client/src/App.jsx'
[2026-07-22 00:38:51] [INFO] Maksimal AI Analiz Bazaya Yazıldı: 'mezuniyyet/external-games/client/src/SocketContext.jsx'
[2026-07-22 00:38:51] [INFO] Maksimal AI Analiz Bazaya Yazıldı: 'mezuniyyet/external-games/client/src/SocketContext.jsx'
[2026-07-22 00:38:51] [INFO] Maksimal AI Analiz Bazaya Yazıldı: 'mezuniyyet/external-games/client/src/index.css'
[2026-07-22 00:38:51] [INFO] Maksimal AI Analiz Bazaya Yazıldı: 'mezuniyyet/external-games/client/src/index.css'
[2026-07-22 00:38:51] [INFO] Maksimal AI Analiz Bazaya Yazıldı: 'mezuniyyet/external-games/client/src/main.jsx'
[2026-07-22 00:38:51] [INFO] Maksimal AI Analiz Bazaya Yazıldı: 'mezuniyyet/external-games/client/src/main.jsx'
[2026-07-22 00:38:51] [INFO] Maksimal AI Analiz Bazaya Yazıldı: 'mezuniyyet/external-games/client/src/assets/hero.png'
[2026-07-22 00:38:51] [INFO] Maksimal AI Analiz Bazaya Yazıldı: 'mezuniyyet/external-games/client/src/assets/hero.png'
[2026-07-22 00:38:51] [INFO] Maksimal AI Analiz Bazaya Yazıldı: 'mezuniyyet/external-games/client/src/assets/react.svg'
[2026-07-22 00:38:51] [INFO] Maksimal AI Analiz Bazaya Yazıldı: 'mezuniyyet/external-games/client/src/assets/react.svg'
[2026-07-22 00:38:51] [INFO] Maksimal AI Analiz Bazaya Yazıldı: 'mezuniyyet/external-games/client/src/assets/vite.svg'
[2026-07-22 00:38:51] [INFO] Maksimal AI Analiz Bazaya Yazıldı: 'mezuniyyet/external-games/client/src/assets/vite.svg'
[2026-07-22 00:38:51] [INFO] Maksimal AI Analiz Bazaya Yazıldı: 'mezuniyyet/external-games/client/src/components/Games/TicTacToe/Board.jsx'
[2026-07-22 00:38:51] [INFO] Maksimal AI Analiz Bazaya Yazıldı: 'mezuniyyet/external-games/client/src/components/Games/TicTacToe/Board.jsx'
[2026-07-22 00:38:52] [INFO] Maksimal AI Analiz Bazaya Yazıldı: 'mezuniyyet/external-games/client/src/components/Games/TicTacToe/Dice3D.jsx'
[2026-07-22 00:38:52] [INFO] Maksimal AI Analiz Bazaya Yazıldı: 'mezuniyyet/external-games/client/src/components/Games/TicTacToe/Dice3D.jsx'
[2026-07-22 00:38:52] [INFO] Maksimal AI Analiz Bazaya Yazıldı: 'mezuniyyet/external-games/client/src/components/Games/TicTacToe/DiceOverlay.jsx'
[2026-07-22 00:38:52] [INFO] Maksimal AI Analiz Bazaya Yazıldı: 'mezuniyyet/external-games/client/src/components/Games/TicTacToe/DiceOverlay.jsx'
[2026-07-22 00:38:52] [INFO] Maksimal AI Analiz Bazaya Yazıldı: 'mezuniyyet/external-games/client/src/components/Games/TicTacToe/TicTacToe.jsx'
[2026-07-22 00:38:52] [INFO] Maksimal AI Analiz Bazaya Yazıldı: 'mezuniyyet/external-games/client/src/components/Games/TicTacToe/TicTacToe.jsx'
[2026-07-22 00:38:52] [INFO] Maksimal AI Analiz Bazaya Yazıldı: 'mezuniyyet/external-games/server/index.js'
[2026-07-22 00:38:52] [INFO] Maksimal AI Analiz Bazaya Yazıldı: 'mezuniyyet/external-games/server/index.js'
[2026-07-22 00:38:52] [INFO] Maksimal AI Analiz Bazaya Yazıldı: 'mezuniyyet/external-games/server/package-lock.json'
[2026-07-22 00:38:52] [INFO] Maksimal AI Analiz Bazaya Yazıldı: 'mezuniyyet/external-games/server/package-lock.json'
[2026-07-22 00:38:52] [INFO] Maksimal AI Analiz Bazaya Yazıldı: 'mezuniyyet/external-games/server/package.json'
[2026-07-22 00:38:52] [INFO] Maksimal AI Analiz Bazaya Yazıldı: 'mezuniyyet/external-games/server/package.json'
[2026-07-22 00:38:52] [INFO] Maksimal AI Analiz Bazaya Yazıldı: 'mezuniyyet/external-games/server/unban.js'
[2026-07-22 00:38:52] [INFO] Maksimal AI Analiz Bazaya Yazıldı: 'mezuniyyet/external-games/server/unban.js'
[2026-07-22 00:38:52] [INFO] Maksimal AI Analiz Bazaya Yazıldı: 'mezuniyyet/private key game/ssh-key-2026-06-15 (5).key'
[2026-07-22 00:38:52] [INFO] Maksimal AI Analiz Bazaya Yazıldı: 'mezuniyyet/private key game/ssh-key-2026-06-15 (5).key'
[2026-07-22 00:38:53] [INFO] Maksimal AI Analiz Bazaya Yazıldı: 'mezuniyyet/requirements/requirements-dev.txt'
[2026-07-22 00:38:53] [INFO] Maksimal AI Analiz Bazaya Yazıldı: 'mezuniyyet/requirements/requirements-dev.txt'
[2026-07-22 00:38:53] [INFO] Maksimal AI Analiz Bazaya Yazıldı: 'mezuniyyet/requirements/requirements-lock.txt'
[2026-07-22 00:38:53] [INFO] Maksimal AI Analiz Bazaya Yazıldı: 'mezuniyyet/requirements/requirements-lock.txt'
[2026-07-22 00:38:53] [INFO] Maksimal AI Analiz Bazaya Yazıldı: 'mezuniyyet/requirements/requirements.txt'
[2026-07-22 00:38:53] [INFO] Maksimal AI Analiz Bazaya Yazıldı: 'mezuniyyet/requirements/requirements.txt'
[2026-07-22 00:38:53] [INFO] Maksimal AI Analiz Bazaya Yazıldı: 'mezuniyyet/rust-sistemi/add-defender-exclusion.ps1'
[2026-07-22 00:38:53] [INFO] Maksimal AI Analiz Bazaya Yazıldı: 'mezuniyyet/rust-sistemi/add-defender-exclusion.ps1'
[2026-07-22 00:38:53] [INFO] Maksimal AI Analiz Bazaya Yazıldı: 'mezuniyyet/rust-sistemi/custom_api.txt'
[2026-07-22 00:38:53] [INFO] Maksimal AI Analiz Bazaya Yazıldı: 'mezuniyyet/rust-sistemi/custom_api.txt'
[2026-07-22 00:38:53] [INFO] Maksimal AI Analiz Bazaya Yazıldı: 'mezuniyyet/rust-sistemi/dummy_test.txt.sig'
[2026-07-22 00:38:53] [INFO] Maksimal AI Analiz Bazaya Yazıldı: 'mezuniyyet/rust-sistemi/dummy_test.txt.sig'
[2026-07-22 00:38:54] [INFO] Maksimal AI Analiz Bazaya Yazıldı: 'mezuniyyet/rust-sistemi/eslint.config.js'
[2026-07-22 00:38:54] [INFO] Maksimal AI Analiz Bazaya Yazıldı: 'mezuniyyet/rust-sistemi/eslint.config.js'
[2026-07-22 00:38:54] [INFO] Maksimal AI Analiz Bazaya Yazıldı: 'mezuniyyet/rust-sistemi/generate_print_designs.cjs'
[2026-07-22 00:38:54] [INFO] Maksimal AI Analiz Bazaya Yazıldı: 'mezuniyyet/rust-sistemi/generate_print_designs.cjs'
[2026-07-22 00:38:54] [INFO] Maksimal AI Analiz Bazaya Yazıldı: 'mezuniyyet/rust-sistemi/icon.png'
[2026-07-22 00:38:54] [INFO] Maksimal AI Analiz Bazaya Yazıldı: 'mezuniyyet/rust-sistemi/icon.png'
[2026-07-22 00:38:54] [INFO] Maksimal AI Analiz Bazaya Yazıldı: 'mezuniyyet/rust-sistemi/index.html'
[2026-07-22 00:38:54] [INFO] Maksimal AI Analiz Bazaya Yazıldı: 'mezuniyyet/rust-sistemi/index.html'
[2026-07-22 00:38:54] [INFO] Maksimal AI Analiz Bazaya Yazıldı: 'mezuniyyet/rust-sistemi/package-lock.json'
[2026-07-22 00:38:54] [INFO] Maksimal AI Analiz Bazaya Yazıldı: 'mezuniyyet/rust-sistemi/package-lock.json'
[2026-07-22 00:38:54] [INFO] Maksimal AI Analiz Bazaya Yazıldı: 'mezuniyyet/rust-sistemi/package.json'
[2026-07-22 00:38:54] [INFO] Maksimal AI Analiz Bazaya Yazıldı: 'mezuniyyet/rust-sistemi/package.json'
[2026-07-22 00:38:55] [INFO] Maksimal AI Analiz Bazaya Yazıldı: 'mezuniyyet/rust-sistemi/start_dev.bat'
[2026-07-22 00:38:55] [INFO] Maksimal AI Analiz Bazaya Yazıldı: 'mezuniyyet/rust-sistemi/start_dev.bat'
[2026-07-22 00:38:55] [INFO] Maksimal AI Analiz Bazaya Yazıldı: 'mezuniyyet/rust-sistemi/vite.config.js'
[2026-07-22 00:38:55] [INFO] Maksimal AI Analiz Bazaya Yazıldı: 'mezuniyyet/rust-sistemi/vite.config.js'
[2026-07-22 00:38:55] [INFO] Maksimal AI Analiz Bazaya Yazıldı: 'mezuniyyet/rust-sistemi/new-api/Cargo.lock'
[2026-07-22 00:38:55] [INFO] Maksimal AI Analiz Bazaya Yazıldı: 'mezuniyyet/rust-sistemi/new-api/Cargo.lock'
[2026-07-22 00:38:55] [INFO] Maksimal AI Analiz Bazaya Yazıldı: 'mezuniyyet/rust-sistemi/new-api/Cargo.toml'
[2026-07-22 00:38:55] [INFO] Maksimal AI Analiz Bazaya Yazıldı: 'mezuniyyet/rust-sistemi/new-api/Cargo.toml'
[2026-07-22 00:38:55] [INFO] Maksimal AI Analiz Bazaya Yazıldı: 'mezuniyyet/rust-sistemi/new-api/Dockerfile'
[2026-07-22 00:38:55] [INFO] Maksimal AI Analiz Bazaya Yazıldı: 'mezuniyyet/rust-sistemi/new-api/Dockerfile'
[2026-07-22 00:38:55] [INFO] Maksimal AI Analiz Bazaya Yazıldı: 'mezuniyyet/rust-sistemi/new-api/build_and_deploy_api_local.py'
[2026-07-22 00:38:55] [INFO] Maksimal AI Analiz Bazaya Yazıldı: 'mezuniyyet/rust-sistemi/new-api/build_and_deploy_api_local.py'
[2026-07-22 00:38:55] [INFO] Maksimal AI Analiz Bazaya Yazıldı: 'mezuniyyet/rust-sistemi/new-api/check2.txt'
[2026-07-22 00:38:55] [INFO] Maksimal AI Analiz Bazaya Yazıldı: 'mezuniyyet/rust-sistemi/new-api/check2.txt'
[2026-07-22 00:38:55] [INFO] Maksimal AI Analiz Bazaya Yazıldı: 'mezuniyyet/rust-sistemi/new-api/check_errors.txt'
[2026-07-22 00:38:55] [INFO] Maksimal AI Analiz Bazaya Yazıldı: 'mezuniyyet/rust-sistemi/new-api/check_errors.txt'
[2026-07-22 00:38:56] [INFO] Maksimal AI Analiz Bazaya Yazıldı: 'mezuniyyet/rust-sistemi/new-api/check_output.txt'
[2026-07-22 00:38:56] [INFO] Maksimal AI Analiz Bazaya Yazıldı: 'mezuniyyet/rust-sistemi/new-api/check_output.txt'
[2026-07-22 00:38:56] [INFO] Maksimal AI Analiz Bazaya Yazıldı: 'mezuniyyet/rust-sistemi/new-api/check_output_utf8.txt'
[2026-07-22 00:38:56] [INFO] Maksimal AI Analiz Bazaya Yazıldı: 'mezuniyyet/rust-sistemi/new-api/check_output_utf8.txt'
[2026-07-22 00:38:56] [INFO] Maksimal AI Analiz Bazaya Yazıldı: 'mezuniyyet/rust-sistemi/new-api/check_stderr.txt'
[2026-07-22 00:38:56] [INFO] Maksimal AI Analiz Bazaya Yazıldı: 'mezuniyyet/rust-sistemi/new-api/check_stderr.txt'
[2026-07-22 00:38:56] [INFO] Maksimal AI Analiz Bazaya Yazıldı: 'mezuniyyet/rust-sistemi/new-api/check_stdout.txt'
[2026-07-22 00:38:56] [INFO] Maksimal AI Analiz Bazaya Yazıldı: 'mezuniyyet/rust-sistemi/new-api/check_stdout.txt'
[2026-07-22 00:38:56] [INFO] Maksimal AI Analiz Bazaya Yazıldı: 'mezuniyyet/rust-sistemi/new-api/error.log'
[2026-07-22 00:38:56] [INFO] Maksimal AI Analiz Bazaya Yazıldı: 'mezuniyyet/rust-sistemi/new-api/error.log'
[2026-07-22 00:38:56] [INFO] Maksimal AI Analiz Bazaya Yazıldı: 'mezuniyyet/rust-sistemi/new-api/error_ansi.txt'
[2026-07-22 00:38:56] [INFO] Maksimal AI Analiz Bazaya Yazıldı: 'mezuniyyet/rust-sistemi/new-api/error_ansi.txt'
[2026-07-22 00:38:56] [INFO] Maksimal AI Analiz Bazaya Yazıldı: 'mezuniyyet/rust-sistemi/new-api/errors.log'
[2026-07-22 00:38:56] [INFO] Maksimal AI Analiz Bazaya Yazıldı: 'mezuniyyet/rust-sistemi/new-api/errors.log'
[2026-07-22 00:38:57] [INFO] Maksimal AI Analiz Bazaya Yazıldı: 'mezuniyyet/rust-sistemi/new-api/errors.txt'
[2026-07-22 00:38:57] [INFO] Maksimal AI Analiz Bazaya Yazıldı: 'mezuniyyet/rust-sistemi/new-api/errors.txt'
[2026-07-22 00:38:57] [INFO] Maksimal AI Analiz Bazaya Yazıldı: 'mezuniyyet/rust-sistemi/new-api/errors_json.log'
[2026-07-22 00:38:57] [INFO] Maksimal AI Analiz Bazaya Yazıldı: 'mezuniyyet/rust-sistemi/new-api/errors_json.log'
[2026-07-22 00:38:57] [INFO] Maksimal AI Analiz Bazaya Yazıldı: 'mezuniyyet/rust-sistemi/new-api/errors_utf8.log'
[2026-07-22 00:38:57] [INFO] Maksimal AI Analiz Bazaya Yazıldı: 'mezuniyyet/rust-sistemi/new-api/errors_utf8.log'
[2026-07-22 00:38:57] [INFO] Maksimal AI Analiz Bazaya Yazıldı: 'mezuniyyet/rust-sistemi/new-api/errors_utf8.txt'
[2026-07-22 00:38:57] [INFO] Maksimal AI Analiz Bazaya Yazıldı: 'mezuniyyet/rust-sistemi/new-api/errors_utf8.txt'
[2026-07-22 00:38:57] [INFO] Maksimal AI Analiz Bazaya Yazıldı: 'mezuniyyet/rust-sistemi/new-api/last_test_run.log'
[2026-07-22 00:38:57] [INFO] Maksimal AI Analiz Bazaya Yazıldı: 'mezuniyyet/rust-sistemi/new-api/last_test_run.log'
[2026-07-22 00:38:57] [INFO] Maksimal AI Analiz Bazaya Yazıldı: 'mezuniyyet/rust-sistemi/new-api/read_log.py'
[2026-07-22 00:38:57] [INFO] Maksimal AI Analiz Bazaya Yazıldı: 'mezuniyyet/rust-sistemi/new-api/read_log.py'
[2026-07-22 00:38:57] [INFO] Maksimal AI Analiz Bazaya Yazıldı: 'mezuniyyet/rust-sistemi/new-api/render.yaml'
[2026-07-22 00:38:57] [INFO] Maksimal AI Analiz Bazaya Yazıldı: 'mezuniyyet/rust-sistemi/new-api/render.yaml'
[2026-07-22 00:38:57] [INFO] Maksimal AI Analiz Bazaya Yazıldı: 'mezuniyyet/rust-sistemi/new-api/test_results.log'
[2026-07-22 00:38:57] [INFO] Maksimal AI Analiz Bazaya Yazıldı: 'mezuniyyet/rust-sistemi/new-api/test_results.log'
[2026-07-22 00:38:58] [INFO] Maksimal AI Analiz Bazaya Yazıldı: 'mezuniyyet/rust-sistemi/new-api/tests_output.log'
[2026-07-22 00:38:58] [INFO] Maksimal AI Analiz Bazaya Yazıldı: 'mezuniyyet/rust-sistemi/new-api/tests_output.log'
[2026-07-22 00:38:58] [INFO] Maksimal AI Analiz Bazaya Yazıldı: 'mezuniyyet/rust-sistemi/new-api/logs/client_logs_2026-06-01.jsonl'
[2026-07-22 00:38:58] [INFO] Maksimal AI Analiz Bazaya Yazıldı: 'mezuniyyet/rust-sistemi/new-api/logs/client_logs_2026-06-01.jsonl'
[2026-07-22 00:38:58] [INFO] Maksimal AI Analiz Bazaya Yazıldı: 'mezuniyyet/rust-sistemi/new-api/logs/client_logs_2026-06-02.jsonl'
[2026-07-22 00:38:58] [INFO] Maksimal AI Analiz Bazaya Yazıldı: 'mezuniyyet/rust-sistemi/new-api/logs/client_logs_2026-06-02.jsonl'
[2026-07-22 00:38:58] [INFO] Maksimal AI Analiz Bazaya Yazıldı: 'mezuniyyet/rust-sistemi/new-api/logs/client_logs_2026-06-03.jsonl'
[2026-07-22 00:38:58] [INFO] Maksimal AI Analiz Bazaya Yazıldı: 'mezuniyyet/rust-sistemi/new-api/logs/client_logs_2026-06-03.jsonl'
[2026-07-22 00:38:58] [INFO] Maksimal AI Analiz Bazaya Yazıldı: 'mezuniyyet/rust-sistemi/new-api/logs/client_logs_2026-06-04.jsonl'
[2026-07-22 00:38:58] [INFO] Maksimal AI Analiz Bazaya Yazıldı: 'mezuniyyet/rust-sistemi/new-api/logs/client_logs_2026-06-04.jsonl'
[2026-07-22 00:38:58] [INFO] Maksimal AI Analiz Bazaya Yazıldı: 'mezuniyyet/rust-sistemi/new-api/logs/client_logs_2026-06-05.jsonl'
[2026-07-22 00:38:58] [INFO] Maksimal AI Analiz Bazaya Yazıldı: 'mezuniyyet/rust-sistemi/new-api/logs/client_logs_2026-06-05.jsonl'
[2026-07-22 00:38:59] [INFO] Maksimal AI Analiz Bazaya Yazıldı: 'mezuniyyet/rust-sistemi/new-api/logs/client_logs_2026-06-08.jsonl'
[2026-07-22 00:38:59] [INFO] Maksimal AI Analiz Bazaya Yazıldı: 'mezuniyyet/rust-sistemi/new-api/logs/client_logs_2026-06-08.jsonl'
[2026-07-22 00:38:59] [INFO] Maksimal AI Analiz Bazaya Yazıldı: 'mezuniyyet/rust-sistemi/new-api/logs/client_logs_2026-06-09.jsonl'
[2026-07-22 00:38:59] [INFO] Maksimal AI Analiz Bazaya Yazıldı: 'mezuniyyet/rust-sistemi/new-api/logs/client_logs_2026-06-09.jsonl'
[2026-07-22 00:38:59] [INFO] Maksimal AI Analiz Bazaya Yazıldı: 'mezuniyyet/rust-sistemi/new-api/logs/client_logs_2026-06-10.jsonl'
[2026-07-22 00:38:59] [INFO] Maksimal AI Analiz Bazaya Yazıldı: 'mezuniyyet/rust-sistemi/new-api/logs/client_logs_2026-06-10.jsonl'
[2026-07-22 00:38:59] [INFO] Maksimal AI Analiz Bazaya Yazıldı: 'mezuniyyet/rust-sistemi/new-api/logs/client_logs_2026-06-11.jsonl'
[2026-07-22 00:38:59] [INFO] Maksimal AI Analiz Bazaya Yazıldı: 'mezuniyyet/rust-sistemi/new-api/logs/client_logs_2026-06-11.jsonl'
[2026-07-22 00:38:59] [INFO] Maksimal AI Analiz Bazaya Yazıldı: 'mezuniyyet/rust-sistemi/new-api/logs/client_logs_2026-06-15.jsonl'
[2026-07-22 00:38:59] [INFO] Maksimal AI Analiz Bazaya Yazıldı: 'mezuniyyet/rust-sistemi/new-api/logs/client_logs_2026-06-15.jsonl'
[2026-07-22 00:38:59] [INFO] Maksimal AI Analiz Bazaya Yazıldı: 'mezuniyyet/rust-sistemi/new-api/logs/client_logs_2026-06-16.jsonl'
[2026-07-22 00:38:59] [INFO] Maksimal AI Analiz Bazaya Yazıldı: 'mezuniyyet/rust-sistemi/new-api/logs/client_logs_2026-06-16.jsonl'
[2026-07-22 00:39:00] [INFO] Maksimal AI Analiz Bazaya Yazıldı: 'mezuniyyet/rust-sistemi/new-api/logs/client_logs_2026-06-19.jsonl'
[2026-07-22 00:39:00] [INFO] Maksimal AI Analiz Bazaya Yazıldı: 'mezuniyyet/rust-sistemi/new-api/logs/client_logs_2026-06-19.jsonl'
[2026-07-22 00:39:00] [INFO] Maksimal AI Analiz Bazaya Yazıldı: 'mezuniyyet/rust-sistemi/new-api/logs/client_logs_2026-06-21.jsonl'
[2026-07-22 00:39:00] [INFO] Maksimal AI Analiz Bazaya Yazıldı: 'mezuniyyet/rust-sistemi/new-api/logs/client_logs_2026-06-21.jsonl'
[2026-07-22 00:39:00] [INFO] Maksimal AI Analiz Bazaya Yazıldı: 'mezuniyyet/rust-sistemi/new-api/logs/client_logs_2026-06-29.jsonl'
[2026-07-22 00:39:00] [INFO] Maksimal AI Analiz Bazaya Yazıldı: 'mezuniyyet/rust-sistemi/new-api/logs/client_logs_2026-06-29.jsonl'
[2026-07-22 00:39:00] [INFO] Maksimal AI Analiz Bazaya Yazıldı: 'mezuniyyet/rust-sistemi/new-api/logs/client_logs_2026-07-10.jsonl'
[2026-07-22 00:39:00] [INFO] Maksimal AI Analiz Bazaya Yazıldı: 'mezuniyyet/rust-sistemi/new-api/logs/client_logs_2026-07-10.jsonl'
[2026-07-22 00:39:00] [INFO] Maksimal AI Analiz Bazaya Yazıldı: 'mezuniyyet/rust-sistemi/new-api/logs/client_logs_2026-07-11.jsonl'
[2026-07-22 00:39:00] [INFO] Maksimal AI Analiz Bazaya Yazıldı: 'mezuniyyet/rust-sistemi/new-api/logs/client_logs_2026-07-11.jsonl'
[2026-07-22 00:39:00] [INFO] Maksimal AI Analiz Bazaya Yazıldı: 'mezuniyyet/rust-sistemi/new-api/logs/client_logs_2026-07-12.jsonl'
[2026-07-22 00:39:00] [INFO] Maksimal AI Analiz Bazaya Yazıldı: 'mezuniyyet/rust-sistemi/new-api/logs/client_logs_2026-07-12.jsonl'
[2026-07-22 00:39:01] [INFO] Maksimal AI Analiz Bazaya Yazıldı: 'mezuniyyet/rust-sistemi/new-api/logs/client_logs_2026-07-20.jsonl'
[2026-07-22 00:39:01] [INFO] Maksimal AI Analiz Bazaya Yazıldı: 'mezuniyyet/rust-sistemi/new-api/logs/client_logs_2026-07-20.jsonl'
[2026-07-22 00:39:01] [INFO] Maksimal AI Analiz Bazaya Yazıldı: 'mezuniyyet/rust-sistemi/new-api/logs/client_logs_2026-07-21.jsonl'
[2026-07-22 00:39:01] [INFO] Maksimal AI Analiz Bazaya Yazıldı: 'mezuniyyet/rust-sistemi/new-api/logs/client_logs_2026-07-21.jsonl'
[2026-07-22 00:39:01] [INFO] Maksimal AI Analiz Bazaya Yazıldı: 'mezuniyyet/rust-sistemi/new-api/migrations/20240101000000_init.sql'
[2026-07-22 00:39:01] [INFO] Maksimal AI Analiz Bazaya Yazıldı: 'mezuniyyet/rust-sistemi/new-api/migrations/20240101000000_init.sql'
[2026-07-22 00:39:01] [INFO] Maksimal AI Analiz Bazaya Yazıldı: 'mezuniyyet/rust-sistemi/new-api/migrations/20260107_expand_chat_schema.sql'
[2026-07-22 00:39:01] [INFO] Maksimal AI Analiz Bazaya Yazıldı: 'mezuniyyet/rust-sistemi/new-api/migrations/20260107_expand_chat_schema.sql'
[2026-07-22 00:39:01] [INFO] Maksimal AI Analiz Bazaya Yazıldı: 'mezuniyyet/rust-sistemi/new-api/migrations/20260710000000_setup_tokens.sql'
[2026-07-22 00:39:01] [INFO] Maksimal AI Analiz Bazaya Yazıldı: 'mezuniyyet/rust-sistemi/new-api/migrations/20260710000000_setup_tokens.sql'
[2026-07-22 00:39:01] [INFO] Maksimal AI Analiz Bazaya Yazıldı: 'mezuniyyet/rust-sistemi/new-api/src/db.rs'
[2026-07-22 00:39:01] [INFO] Maksimal AI Analiz Bazaya Yazıldı: 'mezuniyyet/rust-sistemi/new-api/src/db.rs'
[2026-07-22 00:39:01] [INFO] Maksimal AI Analiz Bazaya Yazıldı: 'mezuniyyet/rust-sistemi/new-api/src/handlers.rs'
[2026-07-22 00:39:01] [INFO] Maksimal AI Analiz Bazaya Yazıldı: 'mezuniyyet/rust-sistemi/new-api/src/handlers.rs'
[2026-07-22 00:39:01] [INFO] Maksimal AI Analiz Bazaya Yazıldı: 'mezuniyyet/rust-sistemi/new-api/src/main.rs'
[2026-07-22 00:39:01] [INFO] Maksimal AI Analiz Bazaya Yazıldı: 'mezuniyyet/rust-sistemi/new-api/src/main.rs'
[2026-07-22 00:39:02] [INFO] Maksimal AI Analiz Bazaya Yazıldı: 'mezuniyyet/rust-sistemi/new-api/src/migrations.rs'
[2026-07-22 00:39:02] [INFO] Maksimal AI Analiz Bazaya Yazıldı: 'mezuniyyet/rust-sistemi/new-api/src/migrations.rs'
[2026-07-22 00:39:02] [INFO] Maksimal AI Analiz Bazaya Yazıldı: 'mezuniyyet/rust-sistemi/new-api/src/models.rs'
[2026-07-22 00:39:02] [INFO] Maksimal AI Analiz Bazaya Yazıldı: 'mezuniyyet/rust-sistemi/new-api/src/models.rs'
[2026-07-22 00:39:02] [INFO] Maksimal AI Analiz Bazaya Yazıldı: 'mezuniyyet/rust-sistemi/new-api/src/tests_integration.rs'
[2026-07-22 00:39:02] [INFO] Maksimal AI Analiz Bazaya Yazıldı: 'mezuniyyet/rust-sistemi/new-api/src/tests_integration.rs'
[2026-07-22 00:39:02] [INFO] Maksimal AI Analiz Bazaya Yazıldı: 'mezuniyyet/rust-sistemi/new-api/src/utils.rs'
[2026-07-22 00:39:02] [INFO] Maksimal AI Analiz Bazaya Yazıldı: 'mezuniyyet/rust-sistemi/new-api/src/utils.rs'
[2026-07-22 00:39:02] [INFO] Maksimal AI Analiz Bazaya Yazıldı: 'mezuniyyet/rust-sistemi/new-api/src/handlers/admin.rs'
[2026-07-22 00:39:02] [INFO] Maksimal AI Analiz Bazaya Yazıldı: 'mezuniyyet/rust-sistemi/new-api/src/handlers/admin.rs'
[2026-07-22 00:39:02] [INFO] Maksimal AI Analiz Bazaya Yazıldı: 'mezuniyyet/rust-sistemi/new-api/src/handlers/auth.rs'
[2026-07-22 00:39:02] [INFO] Maksimal AI Analiz Bazaya Yazıldı: 'mezuniyyet/rust-sistemi/new-api/src/handlers/auth.rs'
[2026-07-22 00:39:02] [INFO] Maksimal AI Analiz Bazaya Yazıldı: 'mezuniyyet/rust-sistemi/new-api/src/handlers/business.rs'
[2026-07-22 00:39:02] [INFO] Maksimal AI Analiz Bazaya Yazıldı: 'mezuniyyet/rust-sistemi/new-api/src/handlers/business.rs'
[2026-07-22 00:39:02] [INFO] Maksimal AI Analiz Bazaya Yazıldı: 'mezuniyyet/rust-sistemi/new-api/src/handlers/chat.rs'
[2026-07-22 00:39:02] [INFO] Maksimal AI Analiz Bazaya Yazıldı: 'mezuniyyet/rust-sistemi/new-api/src/handlers/chat.rs'
[2026-07-22 00:39:03] [INFO] Maksimal AI Analiz Bazaya Yazıldı: 'mezuniyyet/rust-sistemi/new-api/src/handlers/client_logs.rs'
[2026-07-22 00:39:03] [INFO] Maksimal AI Analiz Bazaya Yazıldı: 'mezuniyyet/rust-sistemi/new-api/src/handlers/client_logs.rs'
[2026-07-22 00:39:03] [INFO] Maksimal AI Analiz Bazaya Yazıldı: 'mezuniyyet/rust-sistemi/new-api/src/handlers/dashboard.rs'
[2026-07-22 00:39:03] [INFO] Maksimal AI Analiz Bazaya Yazıldı: 'mezuniyyet/rust-sistemi/new-api/src/handlers/dashboard.rs'
[2026-07-22 00:39:03] [INFO] Maksimal AI Analiz Bazaya Yazıldı: 'mezuniyyet/rust-sistemi/new-api/src/handlers/employees.rs'
[2026-07-22 00:39:03] [INFO] Maksimal AI Analiz Bazaya Yazıldı: 'mezuniyyet/rust-sistemi/new-api/src/handlers/employees.rs'
[2026-07-22 00:39:03] [INFO] Maksimal AI Analiz Bazaya Yazıldı: 'mezuniyyet/rust-sistemi/new-api/src/handlers/errors.rs'
[2026-07-22 00:39:03] [INFO] Maksimal AI Analiz Bazaya Yazıldı: 'mezuniyyet/rust-sistemi/new-api/src/handlers/errors.rs'
[2026-07-22 00:39:03] [INFO] Maksimal AI Analiz Bazaya Yazıldı: 'mezuniyyet/rust-sistemi/new-api/src/handlers/notification.rs'
[2026-07-22 00:39:03] [INFO] Maksimal AI Analiz Bazaya Yazıldı: 'mezuniyyet/rust-sistemi/new-api/src/handlers/notification.rs'
[2026-07-22 00:39:03] [INFO] Maksimal AI Analiz Bazaya Yazıldı: 'mezuniyyet/rust-sistemi/new-api/src/handlers/notifications.rs'
[2026-07-22 00:39:03] [INFO] Maksimal AI Analiz Bazaya Yazıldı: 'mezuniyyet/rust-sistemi/new-api/src/handlers/notifications.rs'
[2026-07-22 00:39:03] [INFO] Maksimal AI Analiz Bazaya Yazıldı: 'mezuniyyet/rust-sistemi/new-api/src/handlers/profile.rs'
[2026-07-22 00:39:03] [INFO] Maksimal AI Analiz Bazaya Yazıldı: 'mezuniyyet/rust-sistemi/new-api/src/handlers/profile.rs'
[2026-07-22 00:39:03] [INFO] Maksimal AI Analiz Bazaya Yazıldı: 'mezuniyyet/rust-sistemi/new-api/src/handlers/super_admin.rs'
[2026-07-22 00:39:03] [INFO] Maksimal AI Analiz Bazaya Yazıldı: 'mezuniyyet/rust-sistemi/new-api/src/handlers/super_admin.rs'
[2026-07-22 00:39:04] [INFO] Maksimal AI Analiz Bazaya Yazıldı: 'mezuniyyet/rust-sistemi/new-api/src/handlers/tenant.rs'
[2026-07-22 00:39:04] [INFO] Maksimal AI Analiz Bazaya Yazıldı: 'mezuniyyet/rust-sistemi/new-api/src/handlers/tenant.rs'
[2026-07-22 00:39:04] [INFO] Maksimal AI Analiz Bazaya Yazıldı: 'mezuniyyet/rust-sistemi/new-api/src/handlers/tenants.rs'
[2026-07-22 00:39:04] [INFO] Maksimal AI Analiz Bazaya Yazıldı: 'mezuniyyet/rust-sistemi/new-api/src/handlers/tenants.rs'
[2026-07-22 00:39:04] [INFO] Maksimal AI Analiz Bazaya Yazıldı: 'mezuniyyet/rust-sistemi/new-api/src/handlers/vacations.rs'
[2026-07-22 00:39:04] [INFO] Maksimal AI Analiz Bazaya Yazıldı: 'mezuniyyet/rust-sistemi/new-api/src/handlers/vacations.rs'
[2026-07-22 00:39:04] [INFO] Maksimal AI Analiz Bazaya Yazıldı: 'mezuniyyet/rust-sistemi/new-api/src/handlers/version.rs'
[2026-07-22 00:39:04] [INFO] Maksimal AI Analiz Bazaya Yazıldı: 'mezuniyyet/rust-sistemi/new-api/src/handlers/version.rs'
[2026-07-22 00:39:04] [INFO] Maksimal AI Analiz Bazaya Yazıldı: 'mezuniyyet/rust-sistemi/new-api/src/handlers/websocket.rs'
[2026-07-22 00:39:04] [INFO] Maksimal AI Analiz Bazaya Yazıldı: 'mezuniyyet/rust-sistemi/new-api/src/handlers/websocket.rs'
[2026-07-22 00:39:04] [INFO] Maksimal AI Analiz Bazaya Yazıldı: 'mezuniyyet/rust-sistemi/new-api/src/middleware/admin.rs'
[2026-07-22 00:39:04] [INFO] Maksimal AI Analiz Bazaya Yazıldı: 'mezuniyyet/rust-sistemi/new-api/src/middleware/admin.rs'
[2026-07-22 00:39:04] [INFO] Maksimal AI Analiz Bazaya Yazıldı: 'mezuniyyet/rust-sistemi/new-api/src/middleware/auth.rs'
[2026-07-22 00:39:04] [INFO] Maksimal AI Analiz Bazaya Yazıldı: 'mezuniyyet/rust-sistemi/new-api/src/middleware/auth.rs'
[2026-07-22 00:39:04] [INFO] Maksimal AI Analiz Bazaya Yazıldı: 'mezuniyyet/rust-sistemi/new-api/src/middleware/gateway_auth.rs'
[2026-07-22 00:39:04] [INFO] Maksimal AI Analiz Bazaya Yazıldı: 'mezuniyyet/rust-sistemi/new-api/src/middleware/gateway_auth.rs'
[2026-07-22 00:39:05] [INFO] Maksimal AI Analiz Bazaya Yazıldı: 'mezuniyyet/rust-sistemi/new-api/src/middleware/ip.rs'
[2026-07-22 00:39:05] [INFO] Maksimal AI Analiz Bazaya Yazıldı: 'mezuniyyet/rust-sistemi/new-api/src/middleware/ip.rs'
[2026-07-22 00:39:05] [INFO] Maksimal AI Analiz Bazaya Yazıldı: 'mezuniyyet/rust-sistemi/new-api/src/middleware/logger.rs'
[2026-07-22 00:39:05] [INFO] Maksimal AI Analiz Bazaya Yazıldı: 'mezuniyyet/rust-sistemi/new-api/src/middleware/logger.rs'
[2026-07-22 00:39:05] [INFO] Maksimal AI Analiz Bazaya Yazıldı: 'mezuniyyet/rust-sistemi/new-api/src/middleware/mod.rs'
[2026-07-22 00:39:05] [INFO] Maksimal AI Analiz Bazaya Yazıldı: 'mezuniyyet/rust-sistemi/new-api/src/middleware/mod.rs'
[2026-07-22 00:39:05] [INFO] Maksimal AI Analiz Bazaya Yazıldı: 'mezuniyyet/rust-sistemi/new-api/src/middleware/rate_limit.rs'
[2026-07-22 00:39:05] [INFO] Maksimal AI Analiz Bazaya Yazıldı: 'mezuniyyet/rust-sistemi/new-api/src/middleware/rate_limit.rs'
[2026-07-22 00:39:05] [INFO] Maksimal AI Analiz Bazaya Yazıldı: 'mezuniyyet/rust-sistemi/new-api/src/middleware/rate_limit_tracker.rs'
[2026-07-22 00:39:05] [INFO] Maksimal AI Analiz Bazaya Yazıldı: 'mezuniyyet/rust-sistemi/new-api/src/middleware/rate_limit_tracker.rs'
[2026-07-22 00:39:05] [INFO] Maksimal AI Analiz Bazaya Yazıldı: 'mezuniyyet/rust-sistemi/new-api/src/middleware/server_logger.rs'
[2026-07-22 00:39:05] [INFO] Maksimal AI Analiz Bazaya Yazıldı: 'mezuniyyet/rust-sistemi/new-api/src/middleware/server_logger.rs'
[2026-07-22 00:39:05] [INFO] Maksimal AI Analiz Bazaya Yazıldı: 'mezuniyyet/rust-sistemi/public/Airplane.json'
[2026-07-22 00:39:05] [INFO] Maksimal AI Analiz Bazaya Yazıldı: 'mezuniyyet/rust-sistemi/public/Airplane.json'
[2026-07-22 00:39:05] [INFO] Maksimal AI Analiz Bazaya Yazıldı: 'mezuniyyet/rust-sistemi/public/calendar_design.html'
[2026-07-22 00:39:05] [INFO] Maksimal AI Analiz Bazaya Yazıldı: 'mezuniyyet/rust-sistemi/public/calendar_design.html'
[2026-07-22 00:39:06] [INFO] Maksimal AI Analiz Bazaya Yazıldı: 'mezuniyyet/rust-sistemi/public/home_design.html'
[2026-07-22 00:39:06] [INFO] Maksimal AI Analiz Bazaya Yazıldı: 'mezuniyyet/rust-sistemi/public/home_design.html'
[2026-07-22 00:39:06] [INFO] Maksimal AI Analiz Bazaya Yazıldı: 'mezuniyyet/rust-sistemi/public/log_designs.html'
[2026-07-22 00:39:06] [INFO] Maksimal AI Analiz Bazaya Yazıldı: 'mezuniyyet/rust-sistemi/public/log_designs.html'
[2026-07-22 00:39:06] [INFO] Maksimal AI Analiz Bazaya Yazıldı: 'mezuniyyet/rust-sistemi/public/splash.html'
[2026-07-22 00:39:06] [INFO] Maksimal AI Analiz Bazaya Yazıldı: 'mezuniyyet/rust-sistemi/public/splash.html'
[2026-07-22 00:39:06] [INFO] Maksimal AI Analiz Bazaya Yazıldı: 'mezuniyyet/rust-sistemi/public/test_airplane.html'
[2026-07-22 00:39:06] [INFO] Maksimal AI Analiz Bazaya Yazıldı: 'mezuniyyet/rust-sistemi/public/test_airplane.html'
[2026-07-22 00:39:06] [INFO] Maksimal AI Analiz Bazaya Yazıldı: 'mezuniyyet/rust-sistemi/public/test_lottie.html'
[2026-07-22 00:39:06] [INFO] Maksimal AI Analiz Bazaya Yazıldı: 'mezuniyyet/rust-sistemi/public/test_lottie.html'
[2026-07-22 00:39:06] [INFO] Maksimal AI Analiz Bazaya Yazıldı: 'mezuniyyet/rust-sistemi/public/test_print.html'
[2026-07-22 00:39:06] [INFO] Maksimal AI Analiz Bazaya Yazıldı: 'mezuniyyet/rust-sistemi/public/test_print.html'
[2026-07-22 00:39:07] [INFO] Maksimal AI Analiz Bazaya Yazıldı: 'mezuniyyet/rust-sistemi/public/splash-animations/lego.html'
[2026-07-22 00:39:07] [INFO] Maksimal AI Analiz Bazaya Yazıldı: 'mezuniyyet/rust-sistemi/public/splash-animations/lego.html'
[2026-07-22 00:39:07] [INFO] Maksimal AI Analiz Bazaya Yazıldı: 'mezuniyyet/rust-sistemi/public/splash-animations/tree.html'
[2026-07-22 00:39:07] [INFO] Maksimal AI Analiz Bazaya Yazıldı: 'mezuniyyet/rust-sistemi/public/splash-animations/tree.html'
[2026-07-22 00:39:07] [INFO] Maksimal AI Analiz Bazaya Yazıldı: 'mezuniyyet/rust-sistemi/src/App.jsx'
[2026-07-22 00:39:07] [INFO] Maksimal AI Analiz Bazaya Yazıldı: 'mezuniyyet/rust-sistemi/src/App.jsx'
[2026-07-22 00:39:07] [INFO] Maksimal AI Analiz Bazaya Yazıldı: 'mezuniyyet/rust-sistemi/src/index.css'
[2026-07-22 00:39:07] [INFO] Maksimal AI Analiz Bazaya Yazıldı: 'mezuniyyet/rust-sistemi/src/index.css'
[2026-07-22 00:39:07] [INFO] Maksimal AI Analiz Bazaya Yazıldı: 'mezuniyyet/rust-sistemi/src/main.jsx'
[2026-07-22 00:39:07] [INFO] Maksimal AI Analiz Bazaya Yazıldı: 'mezuniyyet/rust-sistemi/src/main.jsx'
[2026-07-22 00:39:07] [INFO] Maksimal AI Analiz Bazaya Yazıldı: 'mezuniyyet/rust-sistemi/src/components/AnimatedLoader.css'
[2026-07-22 00:39:07] [INFO] Maksimal AI Analiz Bazaya Yazıldı: 'mezuniyyet/rust-sistemi/src/components/AnimatedLoader.css'
[2026-07-22 00:39:07] [INFO] Maksimal AI Analiz Bazaya Yazıldı: 'mezuniyyet/rust-sistemi/src/components/AnimatedLoader.css.map'
[2026-07-22 00:39:07] [INFO] Maksimal AI Analiz Bazaya Yazıldı: 'mezuniyyet/rust-sistemi/src/components/AnimatedLoader.css.map'
[2026-07-22 00:39:08] [INFO] Maksimal AI Analiz Bazaya Yazıldı: 'mezuniyyet/rust-sistemi/src/components/AnimatedLoader.jsx'
[2026-07-22 00:39:08] [INFO] Maksimal AI Analiz Bazaya Yazıldı: 'mezuniyyet/rust-sistemi/src/components/AnimatedLoader.jsx'
[2026-07-22 00:39:08] [INFO] Maksimal AI Analiz Bazaya Yazıldı: 'mezuniyyet/rust-sistemi/src/components/CardCustomizerOverlay.jsx'
[2026-07-22 00:39:08] [INFO] Maksimal AI Analiz Bazaya Yazıldı: 'mezuniyyet/rust-sistemi/src/components/CardCustomizerOverlay.jsx'
[2026-07-22 00:39:08] [INFO] Maksimal AI Analiz Bazaya Yazıldı: 'mezuniyyet/rust-sistemi/src/components/CreepyButton.css'
[2026-07-22 00:39:08] [INFO] Maksimal AI Analiz Bazaya Yazıldı: 'mezuniyyet/rust-sistemi/src/components/CreepyButton.css'
[2026-07-22 00:39:08] [INFO] Maksimal AI Analiz Bazaya Yazıldı: 'mezuniyyet/rust-sistemi/src/components/CreepyButton.jsx'
[2026-07-22 00:39:08] [INFO] Maksimal AI Analiz Bazaya Yazıldı: 'mezuniyyet/rust-sistemi/src/components/CreepyButton.jsx'
[2026-07-22 00:39:08] [INFO] Maksimal AI Analiz Bazaya Yazıldı: 'mezuniyyet/rust-sistemi/src/components/DebugConsole.jsx'
[2026-07-22 00:39:08] [INFO] Maksimal AI Analiz Bazaya Yazıldı: 'mezuniyyet/rust-sistemi/src/components/DebugConsole.jsx'
[2026-07-22 00:39:08] [INFO] Maksimal AI Analiz Bazaya Yazıldı: 'mezuniyyet/rust-sistemi/src/components/DebugToggleButton.jsx'
[2026-07-22 00:39:08] [INFO] Maksimal AI Analiz Bazaya Yazıldı: 'mezuniyyet/rust-sistemi/src/components/DebugToggleButton.jsx'
[2026-07-22 00:39:08] [INFO] Maksimal AI Analiz Bazaya Yazıldı: 'mezuniyyet/rust-sistemi/src/components/EditEmployeeModal.jsx'
[2026-07-22 00:39:08] [INFO] Maksimal AI Analiz Bazaya Yazıldı: 'mezuniyyet/rust-sistemi/src/components/EditEmployeeModal.jsx'
[2026-07-22 00:39:09] [INFO] Maksimal AI Analiz Bazaya Yazıldı: 'mezuniyyet/rust-sistemi/src/components/EmployeeFormDialog.jsx'
[2026-07-22 00:39:09] [INFO] Maksimal AI Analiz Bazaya Yazıldı: 'mezuniyyet/rust-sistemi/src/components/EmployeeFormDialog.jsx'
[2026-07-22 00:39:09] [INFO] Maksimal AI Analiz Bazaya Yazıldı: 'mezuniyyet/rust-sistemi/src/components/ErrorBoundary.jsx'
[2026-07-22 00:39:09] [INFO] Maksimal AI Analiz Bazaya Yazıldı: 'mezuniyyet/rust-sistemi/src/components/ErrorBoundary.jsx'
[2026-07-22 00:39:09] [INFO] Maksimal AI Analiz Bazaya Yazıldı: 'mezuniyyet/rust-sistemi/src/components/Footer.jsx'
[2026-07-22 00:39:09] [INFO] Maksimal AI Analiz Bazaya Yazıldı: 'mezuniyyet/rust-sistemi/src/components/Footer.jsx'
[2026-07-22 00:39:09] [INFO] Maksimal AI Analiz Bazaya Yazıldı: 'mezuniyyet/rust-sistemi/src/components/LeafTransition.jsx'
[2026-07-22 00:39:09] [INFO] Maksimal AI Analiz Bazaya Yazıldı: 'mezuniyyet/rust-sistemi/src/components/LeafTransition.jsx'
[2026-07-22 00:39:09] [INFO] Maksimal AI Analiz Bazaya Yazıldı: 'mezuniyyet/rust-sistemi/src/components/ProtectedRoute.jsx'
[2026-07-22 00:39:09] [INFO] Maksimal AI Analiz Bazaya Yazıldı: 'mezuniyyet/rust-sistemi/src/components/ProtectedRoute.jsx'
[2026-07-22 00:39:09] [INFO] Maksimal AI Analiz Bazaya Yazıldı: 'mezuniyyet/rust-sistemi/src/components/RateLimitOverlay.jsx'
[2026-07-22 00:39:09] [INFO] Maksimal AI Analiz Bazaya Yazıldı: 'mezuniyyet/rust-sistemi/src/components/RateLimitOverlay.jsx'
[2026-07-22 00:39:09] [INFO] Maksimal AI Analiz Bazaya Yazıldı: 'mezuniyyet/rust-sistemi/src/components/TableToolbar.jsx'
[2026-07-22 00:39:09] [INFO] Maksimal AI Analiz Bazaya Yazıldı: 'mezuniyyet/rust-sistemi/src/components/TableToolbar.jsx'
[2026-07-22 00:39:09] [INFO] Maksimal AI Analiz Bazaya Yazıldı: 'mezuniyyet/rust-sistemi/src/components/TopBar.jsx'
[2026-07-22 00:39:09] [INFO] Maksimal AI Analiz Bazaya Yazıldı: 'mezuniyyet/rust-sistemi/src/components/TopBar.jsx'
[2026-07-22 00:39:10] [INFO] Maksimal AI Analiz Bazaya Yazıldı: 'mezuniyyet/rust-sistemi/src/components/UpdateNotification.jsx'
[2026-07-22 00:39:10] [INFO] Maksimal AI Analiz Bazaya Yazıldı: 'mezuniyyet/rust-sistemi/src/components/UpdateNotification.jsx'
[2026-07-22 00:39:10] [INFO] Maksimal AI Analiz Bazaya Yazıldı: 'mezuniyyet/rust-sistemi/src/components/VacationCalendar.jsx'
[2026-07-22 00:39:10] [INFO] Maksimal AI Analiz Bazaya Yazıldı: 'mezuniyyet/rust-sistemi/src/components/VacationCalendar.jsx'
[2026-07-22 00:39:10] [INFO] Maksimal AI Analiz Bazaya Yazıldı: 'mezuniyyet/rust-sistemi/src/components/VacationCalendar_backup.jsx'
[2026-07-22 00:39:10] [INFO] Maksimal AI Analiz Bazaya Yazıldı: 'mezuniyyet/rust-sistemi/src/components/VacationCalendar_backup.jsx'
[2026-07-22 00:39:10] [INFO] Maksimal AI Analiz Bazaya Yazıldı: 'mezuniyyet/rust-sistemi/src/components/auth/LoginPage.jsx'
[2026-07-22 00:39:10] [INFO] Maksimal AI Analiz Bazaya Yazıldı: 'mezuniyyet/rust-sistemi/src/components/auth/LoginPage.jsx'
[2026-07-22 00:39:10] [INFO] Maksimal AI Analiz Bazaya Yazıldı: 'mezuniyyet/rust-sistemi/src/components/calendar/CalendarPage.jsx'
[2026-07-22 00:39:10] [INFO] Maksimal AI Analiz Bazaya Yazıldı: 'mezuniyyet/rust-sistemi/src/components/calendar/CalendarPage.jsx'
[2026-07-22 00:39:10] [INFO] Maksimal AI Analiz Bazaya Yazıldı: 'mezuniyyet/rust-sistemi/src/components/common/LoadingOverlay.jsx'
[2026-07-22 00:39:10] [INFO] Maksimal AI Analiz Bazaya Yazıldı: 'mezuniyyet/rust-sistemi/src/components/common/LoadingOverlay.jsx'
[2026-07-22 00:39:10] [INFO] Maksimal AI Analiz Bazaya Yazıldı: 'mezuniyyet/rust-sistemi/src/components/common/ServerAwakening.jsx'
[2026-07-22 00:39:10] [INFO] Maksimal AI Analiz Bazaya Yazıldı: 'mezuniyyet/rust-sistemi/src/components/common/ServerAwakening.jsx'
[2026-07-22 00:39:10] [INFO] Maksimal AI Analiz Bazaya Yazıldı: 'mezuniyyet/rust-sistemi/src/components/common/SplashScreen.jsx'
[2026-07-22 00:39:10] [INFO] Maksimal AI Analiz Bazaya Yazıldı: 'mezuniyyet/rust-sistemi/src/components/common/SplashScreen.jsx'
[2026-07-22 00:39:11] [INFO] Maksimal AI Analiz Bazaya Yazıldı: 'mezuniyyet/rust-sistemi/src/components/dashboard/DashboardPage.jsx'
[2026-07-22 00:39:11] [INFO] Maksimal AI Analiz Bazaya Yazıldı: 'mezuniyyet/rust-sistemi/src/components/dashboard/DashboardPage.jsx'
[2026-07-22 00:39:11] [INFO] Maksimal AI Analiz Bazaya Yazıldı: 'mezuniyyet/rust-sistemi/src/components/employees/EmployeeList.jsx'
[2026-07-22 00:39:11] [INFO] Maksimal AI Analiz Bazaya Yazıldı: 'mezuniyyet/rust-sistemi/src/components/employees/EmployeeList.jsx'
[2026-07-22 00:39:11] [INFO] Maksimal AI Analiz Bazaya Yazıldı: 'mezuniyyet/rust-sistemi/src/components/Games/ExternalGameWindow.jsx'
[2026-07-22 00:39:11] [INFO] Maksimal AI Analiz Bazaya Yazıldı: 'mezuniyyet/rust-sistemi/src/components/Games/ExternalGameWindow.jsx'
[2026-07-22 00:39:11] [INFO] Maksimal AI Analiz Bazaya Yazıldı: 'mezuniyyet/rust-sistemi/src/components/Games/TicTacToe/Board.jsx'
[2026-07-22 00:39:11] [INFO] Maksimal AI Analiz Bazaya Yazıldı: 'mezuniyyet/rust-sistemi/src/components/Games/TicTacToe/Board.jsx'
[2026-07-22 00:39:11] [INFO] Maksimal AI Analiz Bazaya Yazıldı: 'mezuniyyet/rust-sistemi/src/components/Games/TicTacToe/Board.jsx'
[2026-07-22 00:39:11] [INFO] Maksimal AI Analiz Bazaya Yazıldı: 'mezuniyyet/rust-sistemi/src/components/Games/TicTacToe/Dice3D.jsx'
[2026-07-22 00:39:11] [INFO] Maksimal AI Analiz Bazaya Yazıldı: 'mezuniyyet/rust-sistemi/src/components/Games/TicTacToe/Dice3D.jsx'
[2026-07-22 00:39:11] [INFO] Maksimal AI Analiz Bazaya Yazıldı: 'mezuniyyet/rust-sistemi/src/components/Games/TicTacToe/Dice3D.jsx'
[2026-07-22 00:39:11] [INFO] Maksimal AI Analiz Bazaya Yazıldı: 'mezuniyyet/rust-sistemi/src/components/Games/TicTacToe/DiceOverlay.jsx'
[2026-07-22 00:39:11] [INFO] Maksimal AI Analiz Bazaya Yazıldı: 'mezuniyyet/rust-sistemi/src/components/Games/TicTacToe/DiceOverlay.jsx'
[2026-07-22 00:39:11] [INFO] Maksimal AI Analiz Bazaya Yazıldı: 'mezuniyyet/rust-sistemi/src/components/Games/TicTacToe/DiceOverlay.jsx'
[2026-07-22 00:39:11] [INFO] Maksimal AI Analiz Bazaya Yazıldı: 'mezuniyyet/rust-sistemi/src/components/Games/TicTacToe/TicTacToe.jsx'
[2026-07-22 00:39:11] [INFO] Maksimal AI Analiz Bazaya Yazıldı: 'mezuniyyet/rust-sistemi/src/components/Games/TicTacToe/TicTacToe.jsx'
[2026-07-22 00:39:11] [INFO] Maksimal AI Analiz Bazaya Yazıldı: 'mezuniyyet/rust-sistemi/src/components/Games/TicTacToe/TicTacToe.jsx'
[2026-07-22 00:39:12] [INFO] Maksimal AI Analiz Bazaya Yazıldı: 'mezuniyyet/rust-sistemi/src/components/layout/AppLayout.jsx'
[2026-07-22 00:39:12] [INFO] Maksimal AI Analiz Bazaya Yazıldı: 'mezuniyyet/rust-sistemi/src/components/layout/AppLayout.jsx'
[2026-07-22 00:39:12] [INFO] Maksimal AI Analiz Bazaya Yazıldı: 'mezuniyyet/rust-sistemi/src/components/layout/AppLayout.jsx'
[2026-07-22 00:39:12] [INFO] Maksimal AI Analiz Bazaya Yazıldı: 'mezuniyyet/rust-sistemi/src/components/settings/SettingsPage.jsx'
[2026-07-22 00:39:12] [INFO] Maksimal AI Analiz Bazaya Yazıldı: 'mezuniyyet/rust-sistemi/src/components/settings/SettingsPage.jsx'
[2026-07-22 00:39:12] [INFO] Maksimal AI Analiz Bazaya Yazıldı: 'mezuniyyet/rust-sistemi/src/components/settings/SettingsPage.jsx'
[2026-07-22 00:39:12] [INFO] Maksimal AI Analiz Bazaya Yazıldı: 'mezuniyyet/rust-sistemi/src/components/Sidebar/EmployeeListSidebar.jsx'
[2026-07-22 00:39:12] [INFO] Maksimal AI Analiz Bazaya Yazıldı: 'mezuniyyet/rust-sistemi/src/components/Sidebar/EmployeeListSidebar.jsx'
[2026-07-22 00:39:12] [INFO] Maksimal AI Analiz Bazaya Yazıldı: 'mezuniyyet/rust-sistemi/src/components/Sidebar/EmployeeListSidebar.jsx'
[2026-07-22 00:39:12] [INFO] Maksimal AI Analiz Bazaya Yazıldı: 'mezuniyyet/rust-sistemi/src/components/Sidebar/IconSidebar.jsx'
[2026-07-22 00:39:12] [INFO] Maksimal AI Analiz Bazaya Yazıldı: 'mezuniyyet/rust-sistemi/src/components/Sidebar/IconSidebar.jsx'
[2026-07-22 00:39:12] [INFO] Maksimal AI Analiz Bazaya Yazıldı: 'mezuniyyet/rust-sistemi/src/components/Sidebar/IconSidebar.jsx'
[2026-07-22 00:39:12] [INFO] Maksimal AI Analiz Bazaya Yazıldı: 'mezuniyyet/rust-sistemi/src/components/ThemeSelector/ThemeSelector.jsx'
[2026-07-22 00:39:12] [INFO] Maksimal AI Analiz Bazaya Yazıldı: 'mezuniyyet/rust-sistemi/src/components/ThemeSelector/ThemeSelector.jsx'
[2026-07-22 00:39:12] [INFO] Maksimal AI Analiz Bazaya Yazıldı: 'mezuniyyet/rust-sistemi/src/components/ThemeSelector/ThemeSelector.jsx'
[2026-07-22 00:39:12] [INFO] Maksimal AI Analiz Bazaya Yazıldı: 'mezuniyyet/rust-sistemi/src/components/vacations/EditVacationDialog.jsx'
[2026-07-22 00:39:12] [INFO] Maksimal AI Analiz Bazaya Yazıldı: 'mezuniyyet/rust-sistemi/src/components/vacations/EditVacationDialog.jsx'
[2026-07-22 00:39:12] [INFO] Maksimal AI Analiz Bazaya Yazıldı: 'mezuniyyet/rust-sistemi/src/components/vacations/EditVacationDialog.jsx'
[2026-07-22 00:39:12] [INFO] Maksimal AI Analiz Bazaya Yazıldı: 'mezuniyyet/rust-sistemi/src/components/vacations/VacationList.jsx'
[2026-07-22 00:39:12] [INFO] Maksimal AI Analiz Bazaya Yazıldı: 'mezuniyyet/rust-sistemi/src/components/vacations/VacationList.jsx'
[2026-07-22 00:39:12] [INFO] Maksimal AI Analiz Bazaya Yazıldı: 'mezuniyyet/rust-sistemi/src/components/vacations/VacationList.jsx'
[2026-07-22 00:39:12] [INFO] Maksimal AI Analiz Bazaya Yazıldı: 'mezuniyyet/rust-sistemi/src/context/AuthContext.jsx'
[2026-07-22 00:39:12] [INFO] Maksimal AI Analiz Bazaya Yazıldı: 'mezuniyyet/rust-sistemi/src/context/AuthContext.jsx'
[2026-07-22 00:39:13] [INFO] Maksimal AI Analiz Bazaya Yazıldı: 'mezuniyyet/rust-sistemi/src/context/AuthContext.jsx'
[2026-07-22 00:39:13] [INFO] Maksimal AI Analiz Bazaya Yazıldı: 'mezuniyyet/rust-sistemi/src/context/NotificationContext.jsx'
[2026-07-22 00:39:13] [INFO] Maksimal AI Analiz Bazaya Yazıldı: 'mezuniyyet/rust-sistemi/src/context/NotificationContext.jsx'
[2026-07-22 00:39:13] [INFO] Maksimal AI Analiz Bazaya Yazıldı: 'mezuniyyet/rust-sistemi/src/context/NotificationContext.jsx'
[2026-07-22 00:39:13] [INFO] Maksimal AI Analiz Bazaya Yazıldı: 'mezuniyyet/rust-sistemi/src/context/SocketContext.jsx'
[2026-07-22 00:39:13] [INFO] Maksimal AI Analiz Bazaya Yazıldı: 'mezuniyyet/rust-sistemi/src/context/SocketContext.jsx'
[2026-07-22 00:39:13] [INFO] Maksimal AI Analiz Bazaya Yazıldı: 'mezuniyyet/rust-sistemi/src/context/SocketContext.jsx'
[2026-07-22 00:39:13] [INFO] Maksimal AI Analiz Bazaya Yazıldı: 'mezuniyyet/rust-sistemi/src/context/SoundAssets.js'
[2026-07-22 00:39:13] [INFO] Maksimal AI Analiz Bazaya Yazıldı: 'mezuniyyet/rust-sistemi/src/context/SoundAssets.js'
[2026-07-22 00:39:13] [INFO] Maksimal AI Analiz Bazaya Yazıldı: 'mezuniyyet/rust-sistemi/src/context/SoundAssets.js'
[2026-07-22 00:39:13] [INFO] Maksimal AI Analiz Bazaya Yazıldı: 'mezuniyyet/rust-sistemi/src/context/SoundContext.jsx'
[2026-07-22 00:39:13] [INFO] Maksimal AI Analiz Bazaya Yazıldı: 'mezuniyyet/rust-sistemi/src/context/SoundContext.jsx'
[2026-07-22 00:39:13] [INFO] Maksimal AI Analiz Bazaya Yazıldı: 'mezuniyyet/rust-sistemi/src/context/SoundContext.jsx'
[2026-07-22 00:39:13] [INFO] Maksimal AI Analiz Bazaya Yazıldı: 'mezuniyyet/rust-sistemi/src/context/ThemeContext.jsx'
[2026-07-22 00:39:13] [INFO] Maksimal AI Analiz Bazaya Yazıldı: 'mezuniyyet/rust-sistemi/src/context/ThemeContext.jsx'
[2026-07-22 00:39:13] [INFO] Maksimal AI Analiz Bazaya Yazıldı: 'mezuniyyet/rust-sistemi/src/context/ThemeContext.jsx'
[2026-07-22 00:39:13] [INFO] Maksimal AI Analiz Bazaya Yazıldı: 'mezuniyyet/rust-sistemi/src/layouts/MainLayout.jsx'
[2026-07-22 00:39:13] [INFO] Maksimal AI Analiz Bazaya Yazıldı: 'mezuniyyet/rust-sistemi/src/layouts/MainLayout.jsx'
[2026-07-22 00:39:13] [INFO] Maksimal AI Analiz Bazaya Yazıldı: 'mezuniyyet/rust-sistemi/src/layouts/MainLayout.jsx'
[2026-07-22 00:39:13] [INFO] Maksimal AI Analiz Bazaya Yazıldı: 'mezuniyyet/rust-sistemi/src/pages/AdminErrorLogs.jsx'
[2026-07-22 00:39:13] [INFO] Maksimal AI Analiz Bazaya Yazıldı: 'mezuniyyet/rust-sistemi/src/pages/AdminErrorLogs.jsx'
[2026-07-22 00:39:13] [INFO] Maksimal AI Analiz Bazaya Yazıldı: 'mezuniyyet/rust-sistemi/src/pages/AdminErrorLogs.jsx'
[2026-07-22 00:39:13] [INFO] Maksimal AI Analiz Bazaya Yazıldı: 'mezuniyyet/rust-sistemi/src/pages/AnimationShowcase.jsx'
[2026-07-22 00:39:14] [INFO] Maksimal AI Analiz Bazaya Yazıldı: 'mezuniyyet/rust-sistemi/src/pages/AnimationShowcase.jsx'
[2026-07-22 00:39:14] [INFO] Maksimal AI Analiz Bazaya Yazıldı: 'mezuniyyet/rust-sistemi/src/pages/AnimationShowcase.jsx'
[2026-07-22 00:39:14] [INFO] Maksimal AI Analiz Bazaya Yazıldı: 'mezuniyyet/rust-sistemi/src/pages/ArchivePage.jsx'
[2026-07-22 00:39:14] [INFO] Maksimal AI Analiz Bazaya Yazıldı: 'mezuniyyet/rust-sistemi/src/pages/ArchivePage.jsx'
[2026-07-22 00:39:14] [INFO] Maksimal AI Analiz Bazaya Yazıldı: 'mezuniyyet/rust-sistemi/src/pages/ArchivePage.jsx'
[2026-07-22 00:39:14] [INFO] Maksimal AI Analiz Bazaya Yazıldı: 'mezuniyyet/rust-sistemi/src/pages/CalendarPage.jsx'
[2026-07-22 00:39:14] [INFO] Maksimal AI Analiz Bazaya Yazıldı: 'mezuniyyet/rust-sistemi/src/pages/CalendarPage.jsx'
[2026-07-22 00:39:14] [INFO] Maksimal AI Analiz Bazaya Yazıldı: 'mezuniyyet/rust-sistemi/src/pages/CalendarPage.jsx'
[2026-07-22 00:39:14] [INFO] Maksimal AI Analiz Bazaya Yazıldı: 'mezuniyyet/rust-sistemi/src/pages/CalendarPage_backup.jsx'
[2026-07-22 00:39:14] [INFO] Maksimal AI Analiz Bazaya Yazıldı: 'mezuniyyet/rust-sistemi/src/pages/CalendarPage_backup.jsx'
[2026-07-22 00:39:14] [INFO] Maksimal AI Analiz Bazaya Yazıldı: 'mezuniyyet/rust-sistemi/src/pages/CalendarPage_backup.jsx'
[2026-07-22 00:39:14] [INFO] Maksimal AI Analiz Bazaya Yazıldı: 'mezuniyyet/rust-sistemi/src/pages/ChatPage.jsx'
[2026-07-22 00:39:14] [INFO] Maksimal AI Analiz Bazaya Yazıldı: 'mezuniyyet/rust-sistemi/src/pages/ChatPage.jsx'
[2026-07-22 00:39:14] [INFO] Maksimal AI Analiz Bazaya Yazıldı: 'mezuniyyet/rust-sistemi/src/pages/ChatPage.jsx'
[2026-07-22 00:39:14] [INFO] Maksimal AI Analiz Bazaya Yazıldı: 'mezuniyyet/rust-sistemi/src/pages/Dashboard.jsx'
[2026-07-22 00:39:14] [INFO] Maksimal AI Analiz Bazaya Yazıldı: 'mezuniyyet/rust-sistemi/src/pages/Dashboard.jsx'
[2026-07-22 00:39:14] [INFO] Maksimal AI Analiz Bazaya Yazıldı: 'mezuniyyet/rust-sistemi/src/pages/Dashboard.jsx'
[2026-07-22 00:39:14] [INFO] Maksimal AI Analiz Bazaya Yazıldı: 'mezuniyyet/rust-sistemi/src/pages/EmployeeDetails.jsx'
[2026-07-22 00:39:14] [INFO] Maksimal AI Analiz Bazaya Yazıldı: 'mezuniyyet/rust-sistemi/src/pages/EmployeeDetails.jsx'
[2026-07-22 00:39:14] [INFO] Maksimal AI Analiz Bazaya Yazıldı: 'mezuniyyet/rust-sistemi/src/pages/EmployeeDetails.jsx'
[2026-07-22 00:39:14] [INFO] Maksimal AI Analiz Bazaya Yazıldı: 'mezuniyyet/rust-sistemi/src/pages/Employees.jsx'
[2026-07-22 00:39:14] [INFO] Maksimal AI Analiz Bazaya Yazıldı: 'mezuniyyet/rust-sistemi/src/pages/Employees.jsx'
[2026-07-22 00:39:14] [INFO] Maksimal AI Analiz Bazaya Yazıldı: 'mezuniyyet/rust-sistemi/src/pages/Employees.jsx'
[2026-07-22 00:39:15] [INFO] Maksimal AI Analiz Bazaya Yazıldı: 'mezuniyyet/rust-sistemi/src/pages/Home.css'
[2026-07-22 00:39:15] [INFO] Maksimal AI Analiz Bazaya Yazıldı: 'mezuniyyet/rust-sistemi/src/pages/Home.css'
[2026-07-22 00:39:15] [INFO] Maksimal AI Analiz Bazaya Yazıldı: 'mezuniyyet/rust-sistemi/src/pages/Home.css'
[2026-07-22 00:39:15] [INFO] Maksimal AI Analiz Bazaya Yazıldı: 'mezuniyyet/rust-sistemi/src/pages/Home.jsx'
[2026-07-22 00:39:15] [INFO] Maksimal AI Analiz Bazaya Yazıldı: 'mezuniyyet/rust-sistemi/src/pages/Home.jsx'
[2026-07-22 00:39:15] [INFO] Maksimal AI Analiz Bazaya Yazıldı: 'mezuniyyet/rust-sistemi/src/pages/Home.jsx'
[2026-07-22 00:39:15] [INFO] Maksimal AI Analiz Bazaya Yazıldı: 'mezuniyyet/rust-sistemi/src/pages/Login.jsx'
[2026-07-22 00:39:15] [INFO] Maksimal AI Analiz Bazaya Yazıldı: 'mezuniyyet/rust-sistemi/src/pages/Login.jsx'
[2026-07-22 00:39:15] [INFO] Maksimal AI Analiz Bazaya Yazıldı: 'mezuniyyet/rust-sistemi/src/pages/Login.jsx'
[2026-07-22 00:39:15] [INFO] Maksimal AI Analiz Bazaya Yazıldı: 'mezuniyyet/rust-sistemi/src/pages/ProfilePage.jsx'
[2026-07-22 00:39:15] [INFO] Maksimal AI Analiz Bazaya Yazıldı: 'mezuniyyet/rust-sistemi/src/pages/ProfilePage.jsx'
[2026-07-22 00:39:15] [INFO] Maksimal AI Analiz Bazaya Yazıldı: 'mezuniyyet/rust-sistemi/src/pages/ProfilePage.jsx'
[2026-07-22 00:39:15] [INFO] Maksimal AI Analiz Bazaya Yazıldı: 'mezuniyyet/rust-sistemi/src/pages/Register.css'
[2026-07-22 00:39:15] [INFO] Maksimal AI Analiz Bazaya Yazıldı: 'mezuniyyet/rust-sistemi/src/pages/Register.css'
[2026-07-22 00:39:15] [INFO] Maksimal AI Analiz Bazaya Yazıldı: 'mezuniyyet/rust-sistemi/src/pages/Register.css'
[2026-07-22 00:39:15] [INFO] Maksimal AI Analiz Bazaya Yazıldı: 'mezuniyyet/rust-sistemi/src/pages/Register.jsx'
[2026-07-22 00:39:15] [INFO] Maksimal AI Analiz Bazaya Yazıldı: 'mezuniyyet/rust-sistemi/src/pages/Register.jsx'
[2026-07-22 00:39:15] [INFO] Maksimal AI Analiz Bazaya Yazıldı: 'mezuniyyet/rust-sistemi/src/pages/Register.jsx'
[2026-07-22 00:39:15] [INFO] Maksimal AI Analiz Bazaya Yazıldı: 'mezuniyyet/rust-sistemi/src/pages/ReportsPage.jsx'
[2026-07-22 00:39:15] [INFO] Maksimal AI Analiz Bazaya Yazıldı: 'mezuniyyet/rust-sistemi/src/pages/ReportsPage.jsx'
[2026-07-22 00:39:15] [INFO] Maksimal AI Analiz Bazaya Yazıldı: 'mezuniyyet/rust-sistemi/src/pages/ReportsPage.jsx'
[2026-07-22 00:39:16] [INFO] Maksimal AI Analiz Bazaya Yazıldı: 'mezuniyyet/rust-sistemi/src/pages/SecurityPage.jsx'
[2026-07-22 00:39:16] [INFO] Maksimal AI Analiz Bazaya Yazıldı: 'mezuniyyet/rust-sistemi/src/pages/SecurityPage.jsx'
[2026-07-22 00:39:16] [INFO] Maksimal AI Analiz Bazaya Yazıldı: 'mezuniyyet/rust-sistemi/src/pages/SecurityPage.jsx'
[2026-07-22 00:39:16] [INFO] Maksimal AI Analiz Bazaya Yazıldı: 'mezuniyyet/rust-sistemi/src/pages/SettingsPage.jsx'
[2026-07-22 00:39:16] [INFO] Maksimal AI Analiz Bazaya Yazıldı: 'mezuniyyet/rust-sistemi/src/pages/SettingsPage.jsx'
[2026-07-22 00:39:16] [INFO] Maksimal AI Analiz Bazaya Yazıldı: 'mezuniyyet/rust-sistemi/src/pages/SettingsPage.jsx'
[2026-07-22 00:39:16] [INFO] Maksimal AI Analiz Bazaya Yazıldı: 'mezuniyyet/rust-sistemi/src/pages/SetupCompany.jsx'
[2026-07-22 00:39:16] [INFO] Maksimal AI Analiz Bazaya Yazıldı: 'mezuniyyet/rust-sistemi/src/pages/SetupCompany.jsx'
[2026-07-22 00:39:16] [INFO] Maksimal AI Analiz Bazaya Yazıldı: 'mezuniyyet/rust-sistemi/src/pages/SetupCompany.jsx'
[2026-07-22 00:39:16] [INFO] Maksimal AI Analiz Bazaya Yazıldı: 'mezuniyyet/rust-sistemi/src/pages/TestCalendarPage.jsx'
[2026-07-22 00:39:16] [INFO] Maksimal AI Analiz Bazaya Yazıldı: 'mezuniyyet/rust-sistemi/src/pages/TestCalendarPage.jsx'
[2026-07-22 00:39:16] [INFO] Maksimal AI Analiz Bazaya Yazıldı: 'mezuniyyet/rust-sistemi/src/pages/TestCalendarPage.jsx'
[2026-07-22 00:39:16] [INFO] Maksimal AI Analiz Bazaya Yazıldı: 'mezuniyyet/rust-sistemi/src/pages/TestCardDesign.jsx'
[2026-07-22 00:39:16] [INFO] Maksimal AI Analiz Bazaya Yazıldı: 'mezuniyyet/rust-sistemi/src/pages/TestCardDesign.jsx'
[2026-07-22 00:39:16] [INFO] Maksimal AI Analiz Bazaya Yazıldı: 'mezuniyyet/rust-sistemi/src/pages/TestCardDesign.jsx'
[2026-07-22 00:39:16] [INFO] Maksimal AI Analiz Bazaya Yazıldı: 'mezuniyyet/rust-sistemi/src/pages/TestEmployees.jsx'
[2026-07-22 00:39:16] [INFO] Maksimal AI Analiz Bazaya Yazıldı: 'mezuniyyet/rust-sistemi/src/pages/TestEmployees.jsx'
[2026-07-22 00:39:16] [INFO] Maksimal AI Analiz Bazaya Yazıldı: 'mezuniyyet/rust-sistemi/src/pages/TestEmployees.jsx'
[2026-07-22 00:39:16] [INFO] Maksimal AI Analiz Bazaya Yazıldı: 'mezuniyyet/rust-sistemi/src/pages/TestLottie.jsx'
[2026-07-22 00:39:16] [INFO] Maksimal AI Analiz Bazaya Yazıldı: 'mezuniyyet/rust-sistemi/src/pages/TestLottie.jsx'
[2026-07-22 00:39:16] [INFO] Maksimal AI Analiz Bazaya Yazıldı: 'mezuniyyet/rust-sistemi/src/pages/TestLottie.jsx'
[2026-07-22 00:39:16] [INFO] Maksimal AI Analiz Bazaya Yazıldı: 'mezuniyyet/rust-sistemi/src/pages/TestProfilePage.jsx'
[2026-07-22 00:39:16] [INFO] Maksimal AI Analiz Bazaya Yazıldı: 'mezuniyyet/rust-sistemi/src/pages/TestProfilePage.jsx'
[2026-07-22 00:39:16] [INFO] Maksimal AI Analiz Bazaya Yazıldı: 'mezuniyyet/rust-sistemi/src/pages/TestProfilePage.jsx'
[2026-07-22 00:39:17] [INFO] Maksimal AI Analiz Bazaya Yazıldı: 'mezuniyyet/rust-sistemi/src/pages/VacationRequestsPage.jsx'
[2026-07-22 00:39:17] [INFO] Maksimal AI Analiz Bazaya Yazıldı: 'mezuniyyet/rust-sistemi/src/pages/VacationRequestsPage.jsx'
[2026-07-22 00:39:17] [INFO] Maksimal AI Analiz Bazaya Yazıldı: 'mezuniyyet/rust-sistemi/src/pages/VacationRequestsPage.jsx'
[2026-07-22 00:39:17] [INFO] Maksimal AI Analiz Bazaya Yazıldı: 'mezuniyyet/rust-sistemi/src/pages/AdminTools/AdminClientLogs.jsx'
[2026-07-22 00:39:17] [INFO] Maksimal AI Analiz Bazaya Yazıldı: 'mezuniyyet/rust-sistemi/src/pages/AdminTools/AdminClientLogs.jsx'
[2026-07-22 00:39:17] [INFO] Maksimal AI Analiz Bazaya Yazıldı: 'mezuniyyet/rust-sistemi/src/pages/AdminTools/AdminClientLogs.jsx'
[2026-07-22 00:39:17] [INFO] Maksimal AI Analiz Bazaya Yazıldı: 'mezuniyyet/rust-sistemi/src/pages/AdminTools/AdminManagement.jsx'
[2026-07-22 00:39:17] [INFO] Maksimal AI Analiz Bazaya Yazıldı: 'mezuniyyet/rust-sistemi/src/pages/AdminTools/AdminManagement.jsx'
[2026-07-22 00:39:17] [INFO] Maksimal AI Analiz Bazaya Yazıldı: 'mezuniyyet/rust-sistemi/src/pages/AdminTools/AdminManagement.jsx'
[2026-07-22 00:39:17] [INFO] Maksimal AI Analiz Bazaya Yazıldı: 'mezuniyyet/rust-sistemi/src/pages/AdminTools/AdminToolsPage.jsx'
[2026-07-22 00:39:17] [INFO] Maksimal AI Analiz Bazaya Yazıldı: 'mezuniyyet/rust-sistemi/src/pages/AdminTools/AdminToolsPage.jsx'
[2026-07-22 00:39:17] [INFO] Maksimal AI Analiz Bazaya Yazıldı: 'mezuniyyet/rust-sistemi/src/pages/AdminTools/AdminToolsPage.jsx'
[2026-07-22 00:39:17] [INFO] Maksimal AI Analiz Bazaya Yazıldı: 'mezuniyyet/rust-sistemi/src/pages/AdminTools/DictionaryManager.jsx'
[2026-07-22 00:39:17] [INFO] Maksimal AI Analiz Bazaya Yazıldı: 'mezuniyyet/rust-sistemi/src/pages/AdminTools/DictionaryManager.jsx'
[2026-07-22 00:39:17] [INFO] Maksimal AI Analiz Bazaya Yazıldı: 'mezuniyyet/rust-sistemi/src/pages/AdminTools/DictionaryManager.jsx'
[2026-07-22 00:39:17] [INFO] Maksimal AI Analiz Bazaya Yazıldı: 'mezuniyyet/rust-sistemi/src/pages/AdminTools/SystemTestManager.jsx'
[2026-07-22 00:39:17] [INFO] Maksimal AI Analiz Bazaya Yazıldı: 'mezuniyyet/rust-sistemi/src/pages/AdminTools/SystemTestManager.jsx'
[2026-07-22 00:39:17] [INFO] Maksimal AI Analiz Bazaya Yazıldı: 'mezuniyyet/rust-sistemi/src/pages/AdminTools/SystemTestManager.jsx'
[2026-07-22 00:39:17] [INFO] Maksimal AI Analiz Bazaya Yazıldı: 'mezuniyyet/rust-sistemi/src/pages/Notifications/NotificationsPage.jsx'
[2026-07-22 00:39:17] [INFO] Maksimal AI Analiz Bazaya Yazıldı: 'mezuniyyet/rust-sistemi/src/pages/Notifications/NotificationsPage.jsx'
[2026-07-22 00:39:17] [INFO] Maksimal AI Analiz Bazaya Yazıldı: 'mezuniyyet/rust-sistemi/src/pages/Notifications/NotificationsPage.jsx'
[2026-07-22 00:39:18] [INFO] Maksimal AI Analiz Bazaya Yazıldı: 'mezuniyyet/rust-sistemi/src/services/api.js'
[2026-07-22 00:39:18] [INFO] Maksimal AI Analiz Bazaya Yazıldı: 'mezuniyyet/rust-sistemi/src/services/api.js'
[2026-07-22 00:39:18] [INFO] Maksimal AI Analiz Bazaya Yazıldı: 'mezuniyyet/rust-sistemi/src/services/api.js'
[2026-07-22 00:39:18] [INFO] Maksimal AI Analiz Bazaya Yazıldı: 'mezuniyyet/rust-sistemi/src/services/errorReporter.js'
[2026-07-22 00:39:18] [INFO] Maksimal AI Analiz Bazaya Yazıldı: 'mezuniyyet/rust-sistemi/src/services/errorReporter.js'
[2026-07-22 00:39:18] [INFO] Maksimal AI Analiz Bazaya Yazıldı: 'mezuniyyet/rust-sistemi/src/services/errorReporter.js'
[2026-07-22 00:39:18] [INFO] Maksimal AI Analiz Bazaya Yazıldı: 'mezuniyyet/rust-sistemi/src/services/logService.js'
[2026-07-22 00:39:18] [INFO] Maksimal AI Analiz Bazaya Yazıldı: 'mezuniyyet/rust-sistemi/src/services/logService.js'
[2026-07-22 00:39:18] [INFO] Maksimal AI Analiz Bazaya Yazıldı: 'mezuniyyet/rust-sistemi/src/services/logService.js'
[2026-07-22 00:39:18] [INFO] Maksimal AI Analiz Bazaya Yazıldı: 'mezuniyyet/rust-sistemi/src/services/versionService.js'
[2026-07-22 00:39:18] [INFO] Maksimal AI Analiz Bazaya Yazıldı: 'mezuniyyet/rust-sistemi/src/services/versionService.js'
[2026-07-22 00:39:18] [INFO] Maksimal AI Analiz Bazaya Yazıldı: 'mezuniyyet/rust-sistemi/src/services/versionService.js'
[2026-07-22 00:39:18] [INFO] Maksimal AI Analiz Bazaya Yazıldı: 'mezuniyyet/rust-sistemi/src/test/apiService.test.js'
[2026-07-22 00:39:18] [INFO] Maksimal AI Analiz Bazaya Yazıldı: 'mezuniyyet/rust-sistemi/src/test/apiService.test.js'
[2026-07-22 00:39:18] [INFO] Maksimal AI Analiz Bazaya Yazıldı: 'mezuniyyet/rust-sistemi/src/test/apiService.test.js'
[2026-07-22 00:39:18] [INFO] Maksimal AI Analiz Bazaya Yazıldı: 'mezuniyyet/rust-sistemi/src/test/app_health.test.js'
[2026-07-22 00:39:18] [INFO] Maksimal AI Analiz Bazaya Yazıldı: 'mezuniyyet/rust-sistemi/src/test/app_health.test.js'
[2026-07-22 00:39:18] [INFO] Maksimal AI Analiz Bazaya Yazıldı: 'mezuniyyet/rust-sistemi/src/test/app_health.test.js'
[2026-07-22 00:39:18] [INFO] Maksimal AI Analiz Bazaya Yazıldı: 'mezuniyyet/rust-sistemi/src/test/login.test.jsx'
[2026-07-22 00:39:18] [INFO] Maksimal AI Analiz Bazaya Yazıldı: 'mezuniyyet/rust-sistemi/src/test/login.test.jsx'
[2026-07-22 00:39:18] [INFO] Maksimal AI Analiz Bazaya Yazıldı: 'mezuniyyet/rust-sistemi/src/test/login.test.jsx'
[2026-07-22 00:39:18] [INFO] Maksimal AI Analiz Bazaya Yazıldı: 'mezuniyyet/rust-sistemi/src/test/setup.js'
[2026-07-22 00:39:18] [INFO] Maksimal AI Analiz Bazaya Yazıldı: 'mezuniyyet/rust-sistemi/src/test/setup.js'
[2026-07-22 00:39:18] [INFO] Maksimal AI Analiz Bazaya Yazıldı: 'mezuniyyet/rust-sistemi/src/test/setup.js'
[2026-07-22 00:39:19] [INFO] Maksimal AI Analiz Bazaya Yazıldı: 'mezuniyyet/rust-sistemi/src/theme/design-system.css'
[2026-07-22 00:39:19] [INFO] Maksimal AI Analiz Bazaya Yazıldı: 'mezuniyyet/rust-sistemi/src/theme/design-system.css'
[2026-07-22 00:39:19] [INFO] Maksimal AI Analiz Bazaya Yazıldı: 'mezuniyyet/rust-sistemi/src/theme/design-system.css'
[2026-07-22 00:39:19] [INFO] Maksimal AI Analiz Bazaya Yazıldı: 'mezuniyyet/rust-sistemi/src/theme/theme.js'
[2026-07-22 00:39:19] [INFO] Maksimal AI Analiz Bazaya Yazıldı: 'mezuniyyet/rust-sistemi/src/theme/theme.js'
[2026-07-22 00:39:19] [INFO] Maksimal AI Analiz Bazaya Yazıldı: 'mezuniyyet/rust-sistemi/src/theme/theme.js'
[2026-07-22 00:39:19] [INFO] Maksimal AI Analiz Bazaya Yazıldı: 'mezuniyyet/rust-sistemi/src-tauri/Cargo.lock'
[2026-07-22 00:39:19] [INFO] Maksimal AI Analiz Bazaya Yazıldı: 'mezuniyyet/rust-sistemi/src-tauri/Cargo.lock'
[2026-07-22 00:39:19] [INFO] Maksimal AI Analiz Bazaya Yazıldı: 'mezuniyyet/rust-sistemi/src-tauri/Cargo.lock'
[2026-07-22 00:39:19] [INFO] Maksimal AI Analiz Bazaya Yazıldı: 'mezuniyyet/rust-sistemi/src-tauri/Cargo.toml'
[2026-07-22 00:39:19] [INFO] Maksimal AI Analiz Bazaya Yazıldı: 'mezuniyyet/rust-sistemi/src-tauri/Cargo.toml'
[2026-07-22 00:39:19] [INFO] Maksimal AI Analiz Bazaya Yazıldı: 'mezuniyyet/rust-sistemi/src-tauri/Cargo.toml'
[2026-07-22 00:39:19] [INFO] Maksimal AI Analiz Bazaya Yazıldı: 'mezuniyyet/rust-sistemi/src-tauri/build.rs'
[2026-07-22 00:39:19] [INFO] Maksimal AI Analiz Bazaya Yazıldı: 'mezuniyyet/rust-sistemi/src-tauri/build.rs'
[2026-07-22 00:39:19] [INFO] Maksimal AI Analiz Bazaya Yazıldı: 'mezuniyyet/rust-sistemi/src-tauri/build.rs'
[2026-07-22 00:39:19] [INFO] Maksimal AI Analiz Bazaya Yazıldı: 'mezuniyyet/rust-sistemi/src-tauri/custom_api.txt'
[2026-07-22 00:39:19] [INFO] Maksimal AI Analiz Bazaya Yazıldı: 'mezuniyyet/rust-sistemi/src-tauri/custom_api.txt'
[2026-07-22 00:39:19] [INFO] Maksimal AI Analiz Bazaya Yazıldı: 'mezuniyyet/rust-sistemi/src-tauri/custom_api.txt'
[2026-07-22 00:39:19] [INFO] Maksimal AI Analiz Bazaya Yazıldı: 'mezuniyyet/rust-sistemi/src-tauri/extract_keys.py'
[2026-07-22 00:39:19] [INFO] Maksimal AI Analiz Bazaya Yazıldı: 'mezuniyyet/rust-sistemi/src-tauri/extract_keys.py'
[2026-07-22 00:39:19] [INFO] Maksimal AI Analiz Bazaya Yazıldı: 'mezuniyyet/rust-sistemi/src-tauri/extract_keys.py'
[2026-07-22 00:39:19] [INFO] Maksimal AI Analiz Bazaya Yazıldı: 'mezuniyyet/rust-sistemi/src-tauri/private.key'
[2026-07-22 00:39:19] [INFO] Maksimal AI Analiz Bazaya Yazıldı: 'mezuniyyet/rust-sistemi/src-tauri/private.key'
[2026-07-22 00:39:19] [INFO] Maksimal AI Analiz Bazaya Yazıldı: 'mezuniyyet/rust-sistemi/src-tauri/private.key'
[2026-07-22 00:39:20] [INFO] Maksimal AI Analiz Bazaya Yazıldı: 'mezuniyyet/rust-sistemi/src-tauri/public.key'
[2026-07-22 00:39:20] [INFO] Maksimal AI Analiz Bazaya Yazıldı: 'mezuniyyet/rust-sistemi/src-tauri/public.key'
[2026-07-22 00:39:20] [INFO] Maksimal AI Analiz Bazaya Yazıldı: 'mezuniyyet/rust-sistemi/src-tauri/public.key'
[2026-07-22 00:39:20] [INFO] Maksimal AI Analiz Bazaya Yazıldı: 'mezuniyyet/rust-sistemi/src-tauri/tauri.conf.json'
[2026-07-22 00:39:20] [INFO] Maksimal AI Analiz Bazaya Yazıldı: 'mezuniyyet/rust-sistemi/src-tauri/tauri.conf.json'
[2026-07-22 00:39:20] [INFO] Maksimal AI Analiz Bazaya Yazıldı: 'mezuniyyet/rust-sistemi/src-tauri/tauri.conf.json'
[2026-07-22 00:39:20] [INFO] Maksimal AI Analiz Bazaya Yazıldı: 'mezuniyyet/rust-sistemi/src-tauri/build/hooks.nsh'
[2026-07-22 00:39:20] [INFO] Maksimal AI Analiz Bazaya Yazıldı: 'mezuniyyet/rust-sistemi/src-tauri/build/hooks.nsh'
[2026-07-22 00:39:20] [INFO] Maksimal AI Analiz Bazaya Yazıldı: 'mezuniyyet/rust-sistemi/src-tauri/build/hooks.nsh'
[2026-07-22 00:39:20] [INFO] Maksimal AI Analiz Bazaya Yazıldı: 'mezuniyyet/rust-sistemi/src-tauri/capabilities/default.json'
[2026-07-22 00:39:20] [INFO] Maksimal AI Analiz Bazaya Yazıldı: 'mezuniyyet/rust-sistemi/src-tauri/capabilities/default.json'
[2026-07-22 00:39:20] [INFO] Maksimal AI Analiz Bazaya Yazıldı: 'mezuniyyet/rust-sistemi/src-tauri/capabilities/default.json'
[2026-07-22 00:39:20] [INFO] Maksimal AI Analiz Bazaya Yazıldı: 'mezuniyyet/rust-sistemi/src-tauri/gen/schemas/acl-manifests.json'
[2026-07-22 00:39:20] [INFO] Maksimal AI Analiz Bazaya Yazıldı: 'mezuniyyet/rust-sistemi/src-tauri/gen/schemas/acl-manifests.json'
[2026-07-22 00:39:20] [INFO] Maksimal AI Analiz Bazaya Yazıldı: 'mezuniyyet/rust-sistemi/src-tauri/gen/schemas/acl-manifests.json'
[2026-07-22 00:39:20] [INFO] Maksimal AI Analiz Bazaya Yazıldı: 'mezuniyyet/rust-sistemi/src-tauri/gen/schemas/capabilities.json'
[2026-07-22 00:39:20] [INFO] Maksimal AI Analiz Bazaya Yazıldı: 'mezuniyyet/rust-sistemi/src-tauri/gen/schemas/capabilities.json'
[2026-07-22 00:39:20] [INFO] Maksimal AI Analiz Bazaya Yazıldı: 'mezuniyyet/rust-sistemi/src-tauri/gen/schemas/capabilities.json'
[2026-07-22 00:39:20] [INFO] Maksimal AI Analiz Bazaya Yazıldı: 'mezuniyyet/rust-sistemi/src-tauri/gen/schemas/desktop-schema.json'
[2026-07-22 00:39:21] [INFO] Maksimal AI Analiz Bazaya Yazıldı: 'mezuniyyet/rust-sistemi/src-tauri/gen/schemas/linux-schema.json'
[2026-07-22 00:39:21] [INFO] Beledci Maksimal AI Analizator Mühərriki başladıldı.
[2026-07-22 00:39:21] [INFO] SQLite file_analysis bazası yeni sxemlə (Dependency & Git) uğurla hazırlandı.
[2026-07-22 00:39:21] [INFO] Maksimal AI Analiz Bazaya Yazıldı: 'mezuniyyet/rust-sistemi/src-tauri/gen/schemas/windows-schema.json'
[2026-07-22 00:39:21] [INFO] Maksimal AI Analiz Bazaya Yazıldı: 'mezuniyyet/rust-sistemi/src-tauri/icons/128x128.png'
[2026-07-22 00:39:21] [INFO] Maksimal AI Analiz Bazaya Yazıldı: 'mezuniyyet/rust-sistemi/src-tauri/icons/128x128.png'
[2026-07-22 00:39:21] [INFO] Maksimal AI Analiz Bazaya Yazıldı: 'mezuniyyet/rust-sistemi/src-tauri/icons/128x128@2x.png'
[2026-07-22 00:39:21] [INFO] Maksimal AI Analiz Bazaya Yazıldı: 'mezuniyyet/rust-sistemi/src-tauri/icons/128x128@2x.png'
[2026-07-22 00:39:21] [INFO] Maksimal AI Analiz Bazaya Yazıldı: 'mezuniyyet/rust-sistemi/src-tauri/icons/32x32.png'
[2026-07-22 00:39:21] [INFO] Maksimal AI Analiz Bazaya Yazıldı: 'mezuniyyet/rust-sistemi/src-tauri/icons/32x32.png'
[2026-07-22 00:39:21] [INFO] Maksimal AI Analiz Bazaya Yazıldı: 'mezuniyyet/rust-sistemi/src-tauri/icons/icon.icns'
[2026-07-22 00:39:22] [INFO] Maksimal AI Analiz Bazaya Yazıldı: 'mezuniyyet/rust-sistemi/src-tauri/icons/icon.icns'
[2026-07-22 00:39:22] [INFO] Maksimal AI Analiz Bazaya Yazıldı: 'mezuniyyet/rust-sistemi/src-tauri/icons/icon.ico'
[2026-07-22 00:39:22] [INFO] Maksimal AI Analiz Bazaya Yazıldı: 'mezuniyyet/rust-sistemi/src-tauri/icons/icon.ico'
[2026-07-22 00:39:22] [INFO] Maksimal AI Analiz Bazaya Yazıldı: 'mezuniyyet/rust-sistemi/src-tauri/icons/icon.png'
[2026-07-22 00:39:22] [INFO] Maksimal AI Analiz Bazaya Yazıldı: 'mezuniyyet/rust-sistemi/src-tauri/icons/icon.png'
[2026-07-22 00:39:22] [INFO] Maksimal AI Analiz Bazaya Yazıldı: 'mezuniyyet/rust-sistemi/src-tauri/icons/icons.icns'
[2026-07-22 00:39:22] [INFO] Maksimal AI Analiz Bazaya Yazıldı: 'mezuniyyet/rust-sistemi/src-tauri/icons/icons.icns'
[2026-07-22 00:39:22] [INFO] Maksimal AI Analiz Bazaya Yazıldı: 'mezuniyyet/rust-sistemi/src-tauri/icons/icons.ico'
[2026-07-22 00:39:22] [INFO] Maksimal AI Analiz Bazaya Yazıldı: 'mezuniyyet/rust-sistemi/src-tauri/icons/icons.ico'
[2026-07-22 00:39:22] [INFO] Maksimal AI Analiz Bazaya Yazıldı: 'mezuniyyet/rust-sistemi/src-tauri/icons/icons.png'
[2026-07-22 00:39:22] [INFO] Maksimal AI Analiz Bazaya Yazıldı: 'mezuniyyet/rust-sistemi/src-tauri/icons/icons.png'
[2026-07-22 00:39:23] [INFO] Maksimal AI Analiz Bazaya Yazıldı: 'mezuniyyet/rust-sistemi/src-tauri/settings/pre_install.nsh'
[2026-07-22 00:39:23] [INFO] Maksimal AI Analiz Bazaya Yazıldı: 'mezuniyyet/rust-sistemi/src-tauri/settings/pre_install.nsh'
[2026-07-22 00:39:23] [INFO] Maksimal AI Analiz Bazaya Yazıldı: 'mezuniyyet/rust-sistemi/src-tauri/src/main.rs'
[2026-07-22 00:39:23] [INFO] Maksimal AI Analiz Bazaya Yazıldı: 'mezuniyyet/rust-sistemi/src-tauri/src/main.rs'
[2026-07-22 00:39:23] [INFO] Maksimal AI Analiz Bazaya Yazıldı: 'mezuniyyet/tests/README.md'
[2026-07-22 00:39:23] [INFO] Maksimal AI Analiz Bazaya Yazıldı: 'mezuniyyet/tests/README.md'
[2026-07-22 00:39:23] [INFO] Maksimal AI Analiz Bazaya Yazıldı: 'mezuniyyet/tests/TEST_BASLAMA_REHBERI.md'
[2026-07-22 00:39:23] [INFO] Maksimal AI Analiz Bazaya Yazıldı: 'mezuniyyet/tests/TEST_BASLAMA_REHBERI.md'
[2026-07-22 00:39:23] [INFO] Maksimal AI Analiz Bazaya Yazıldı: 'mezuniyyet/tests/conftest.py'
[2026-07-22 00:39:23] [INFO] Maksimal AI Analiz Bazaya Yazıldı: 'mezuniyyet/tests/conftest.py'
[2026-07-22 00:39:23] [INFO] Maksimal AI Analiz Bazaya Yazıldı: 'mezuniyyet/tests/package-lock.json'
[2026-07-22 00:39:23] [INFO] Maksimal AI Analiz Bazaya Yazıldı: 'mezuniyyet/tests/package-lock.json'
[2026-07-22 00:39:23] [INFO] Maksimal AI Analiz Bazaya Yazıldı: 'mezuniyyet/tests/package.json'
[2026-07-22 00:39:23] [INFO] Maksimal AI Analiz Bazaya Yazıldı: 'mezuniyyet/tests/package.json'
[2026-07-22 00:39:23] [INFO] Maksimal AI Analiz Bazaya Yazıldı: 'mezuniyyet/tests/playwright.config.js'
[2026-07-22 00:39:23] [INFO] Maksimal AI Analiz Bazaya Yazıldı: 'mezuniyyet/tests/playwright.config.js'
[2026-07-22 00:39:24] [INFO] Maksimal AI Analiz Bazaya Yazıldı: 'mezuniyyet/tests/pytest.ini'
[2026-07-22 00:39:24] [INFO] Maksimal AI Analiz Bazaya Yazıldı: 'mezuniyyet/tests/pytest.ini'
[2026-07-22 00:39:24] [INFO] Maksimal AI Analiz Bazaya Yazıldı: 'mezuniyyet/tests/run_tests.py'
[2026-07-22 00:39:24] [INFO] Maksimal AI Analiz Bazaya Yazıldı: 'mezuniyyet/tests/run_tests.py'
[2026-07-22 00:39:24] [INFO] Maksimal AI Analiz Bazaya Yazıldı: 'mezuniyyet/tests/test_backend.py'
[2026-07-22 00:39:24] [INFO] Maksimal AI Analiz Bazaya Yazıldı: 'mezuniyyet/tests/test_backend.py'
[2026-07-22 00:39:24] [INFO] Maksimal AI Analiz Bazaya Yazıldı: 'mezuniyyet/tests/diagnostics/check_cols.py'
[2026-07-22 00:39:24] [INFO] Maksimal AI Analiz Bazaya Yazıldı: 'mezuniyyet/tests/diagnostics/check_cols.py'
[2026-07-22 00:39:24] [INFO] Maksimal AI Analiz Bazaya Yazıldı: 'mezuniyyet/tests/diagnostics/check_db.py'
[2026-07-22 00:39:24] [INFO] Maksimal AI Analiz Bazaya Yazıldı: 'mezuniyyet/tests/diagnostics/check_db.py'
[2026-07-22 00:39:24] [INFO] Maksimal AI Analiz Bazaya Yazıldı: 'mezuniyyet/tests/diagnostics/check_db_full.py'
[2026-07-22 00:39:24] [INFO] Maksimal AI Analiz Bazaya Yazıldı: 'mezuniyyet/tests/diagnostics/check_db_full.py'
[2026-07-22 00:39:24] [INFO] Maksimal AI Analiz Bazaya Yazıldı: 'mezuniyyet/tests/diagnostics/diagnose_api.py'
[2026-07-22 00:39:24] [INFO] Maksimal AI Analiz Bazaya Yazıldı: 'mezuniyyet/tests/diagnostics/diagnose_api.py'
[2026-07-22 00:39:25] [INFO] Maksimal AI Analiz Bazaya Yazıldı: 'mezuniyyet/tests/diagnostics/extract_schema.py'
[2026-07-22 00:39:25] [INFO] Maksimal AI Analiz Bazaya Yazıldı: 'mezuniyyet/tests/diagnostics/extract_schema.py'
[2026-07-22 00:39:25] [INFO] Maksimal AI Analiz Bazaya Yazıldı: 'mezuniyyet/tests/diagnostics/full_schema.sql'
[2026-07-22 00:39:25] [INFO] Maksimal AI Analiz Bazaya Yazıldı: 'mezuniyyet/tests/diagnostics/full_schema.sql'
[2026-07-22 00:39:25] [INFO] Maksimal AI Analiz Bazaya Yazıldı: 'mezuniyyet/tests/diagnostics/get_tenant_db.py'
[2026-07-22 00:39:25] [INFO] Maksimal AI Analiz Bazaya Yazıldı: 'mezuniyyet/tests/diagnostics/get_tenant_db.py'
[2026-07-22 00:39:25] [INFO] Maksimal AI Analiz Bazaya Yazıldı: 'mezuniyyet/tests/diagnostics/launch_multi.py'
[2026-07-22 00:39:25] [INFO] Maksimal AI Analiz Bazaya Yazıldı: 'mezuniyyet/tests/diagnostics/launch_multi.py'
[2026-07-22 00:39:25] [INFO] Maksimal AI Analiz Bazaya Yazıldı: 'mezuniyyet/tests/diagnostics/list_tenants.py'
[2026-07-22 00:39:25] [INFO] Maksimal AI Analiz Bazaya Yazıldı: 'mezuniyyet/tests/diagnostics/list_tenants.py'
[2026-07-22 00:39:25] [INFO] Maksimal AI Analiz Bazaya Yazıldı: 'mezuniyyet/tests/diagnostics/setup_build_tools.py'
[2026-07-22 00:39:25] [INFO] Maksimal AI Analiz Bazaya Yazıldı: 'mezuniyyet/tests/diagnostics/setup_build_tools.py'
[2026-07-22 00:39:25] [INFO] Maksimal AI Analiz Bazaya Yazıldı: 'mezuniyyet/tests/diagnostics/setup_local_db.py'
[2026-07-22 00:39:25] [INFO] Maksimal AI Analiz Bazaya Yazıldı: 'mezuniyyet/tests/diagnostics/setup_local_db.py'
[2026-07-22 00:39:26] [INFO] Maksimal AI Analiz Bazaya Yazıldı: 'mezuniyyet/tests/diagnostics/test_official_api.py'
[2026-07-22 00:39:26] [INFO] Maksimal AI Analiz Bazaya Yazıldı: 'mezuniyyet/tests/diagnostics/test_official_api.py'
[2026-07-22 00:39:26] [INFO] Maksimal AI Analiz Bazaya Yazıldı: 'mezuniyyet/tests/e2e/test_auth.spec.js'
[2026-07-22 00:39:26] [INFO] Maksimal AI Analiz Bazaya Yazıldı: 'mezuniyyet/tests/e2e/test_auth.spec.js'
[2026-07-22 00:39:26] [INFO] Maksimal AI Analiz Bazaya Yazıldı: 'mezuniyyet/tests/e2e/test_dashboard.spec.js'
[2026-07-22 00:39:26] [INFO] Maksimal AI Analiz Bazaya Yazıldı: 'mezuniyyet/tests/e2e/test_dashboard.spec.js'
[2026-07-22 00:39:26] [INFO] Maksimal AI Analiz Bazaya Yazıldı: 'mezuniyyet/tests/playwright-report/index.html'
[2026-07-22 00:39:26] [INFO] Maksimal AI Analiz Bazaya Yazıldı: 'mezuniyyet/tests/playwright-report/index.html'
[2026-07-22 00:39:26] [INFO] Maksimal AI Analiz Bazaya Yazıldı: 'scratch/check_key.py'
[2026-07-22 00:39:26] [INFO] Maksimal AI Analiz Bazaya Yazıldı: 'scratch/check_key.py'
[2026-07-22 00:39:26] [INFO] Maksimal AI Analiz Bazaya Yazıldı: 'scratch/cleanup_vm.py'
[2026-07-22 00:39:26] [INFO] Maksimal AI Analiz Bazaya Yazıldı: 'scratch/cleanup_vm.py'
[2026-07-22 00:39:27] [INFO] Maksimal AI Analiz Bazaya Yazıldı: 'scratch/decode_key.py'
[2026-07-22 00:39:27] [INFO] Maksimal AI Analiz Bazaya Yazıldı: 'scratch/decode_key.py'
[2026-07-22 00:39:27] [INFO] Maksimal AI Analiz Bazaya Yazıldı: 'scratch/diagnose_vm.py'
[2026-07-22 00:39:27] [INFO] Maksimal AI Analiz Bazaya Yazıldı: 'scratch/diagnose_vm.py'
[2026-07-22 00:39:27] [INFO] Maksimal AI Analiz Bazaya Yazıldı: 'scratch/increase_swap.py'
[2026-07-22 00:39:27] [INFO] Maksimal AI Analiz Bazaya Yazıldı: 'scratch/increase_swap.py'
[2026-07-22 00:39:27] [INFO] Maksimal AI Analiz Bazaya Yazıldı: 'scratch/install_panel_local.py'
[2026-07-22 00:39:27] [INFO] Maksimal AI Analiz Bazaya Yazıldı: 'scratch/install_panel_local.py'
[2026-07-22 00:39:27] [INFO] Maksimal AI Analiz Bazaya Yazıldı: 'scratch/test_sigs.py'
[2026-07-22 00:39:27] [INFO] Maksimal AI Analiz Bazaya Yazıldı: 'scratch/test_sigs.py'
[2026-07-22 00:39:27] [INFO] Maksimal AI Analiz Bazaya Yazıldı: 'scratch/token_check.py'
[2026-07-22 00:39:27] [INFO] Maksimal AI Analiz Bazaya Yazıldı: 'scratch/token_check.py'
[2026-07-22 00:39:27] [INFO] Maksimal AI Analiz Bazaya Yazıldı: 'server-repo-rust/README.md'
[2026-07-22 00:39:27] [INFO] Maksimal AI Analiz Bazaya Yazıldı: 'server-repo-rust/README.md'
[2026-07-22 00:39:28] [INFO] Maksimal AI Analiz Bazaya Yazıldı: 'server-repo-rust/build_and_push_masterdeploy_local.py'
[2026-07-22 00:39:28] [INFO] Maksimal AI Analiz Bazaya Yazıldı: 'server-repo-rust/build_and_push_masterdeploy_local.py'
[2026-07-22 00:39:28] [INFO] Maksimal AI Analiz Bazaya Yazıldı: 'server-repo-rust/config.json'
[2026-07-22 00:39:28] [INFO] Maksimal AI Analiz Bazaya Yazıldı: 'server-repo-rust/config.json'
[2026-07-22 00:39:28] [INFO] Maksimal AI Analiz Bazaya Yazıldı: 'server-repo-rust/gite_gonder_yeni.py'
[2026-07-22 00:39:28] [INFO] Maksimal AI Analiz Bazaya Yazıldı: 'server-repo-rust/gite_gonder_yeni.py'
[2026-07-22 00:39:28] [INFO] Maksimal AI Analiz Bazaya Yazıldı: 'server-repo-rust/github_repo_manager.py'
[2026-07-22 00:39:28] [INFO] Maksimal AI Analiz Bazaya Yazıldı: 'server-repo-rust/github_repo_manager.py'
[2026-07-22 00:39:28] [INFO] Maksimal AI Analiz Bazaya Yazıldı: 'server-repo-rust/install.ps1'
[2026-07-22 00:39:28] [INFO] Maksimal AI Analiz Bazaya Yazıldı: 'server-repo-rust/install.ps1'
[2026-07-22 00:39:28] [INFO] Maksimal AI Analiz Bazaya Yazıldı: 'server-repo-rust/install.sh'
[2026-07-22 00:39:28] [INFO] Maksimal AI Analiz Bazaya Yazıldı: 'server-repo-rust/install.sh'
[2026-07-22 00:39:28] [INFO] Maksimal AI Analiz Bazaya Yazıldı: 'server-repo-rust/install_remote.sh'
[2026-07-22 00:39:28] [INFO] Maksimal AI Analiz Bazaya Yazıldı: 'server-repo-rust/install_remote.sh'
[2026-07-22 00:39:28] [INFO] Maksimal AI Analiz Bazaya Yazıldı: 'server-repo-rust/installer_gui.py'
[2026-07-22 00:39:28] [INFO] Maksimal AI Analiz Bazaya Yazıldı: 'server-repo-rust/installer_gui.py'
[2026-07-22 00:39:29] [INFO] Maksimal AI Analiz Bazaya Yazıldı: 'server-repo-rust/installer_gui.py.mybackup'
[2026-07-22 00:39:29] [INFO] Maksimal AI Analiz Bazaya Yazıldı: 'server-repo-rust/installer_gui.py.mybackup'
[2026-07-22 00:39:29] [INFO] Maksimal AI Analiz Bazaya Yazıldı: 'server-repo-rust/remote_installer.py'
[2026-07-22 00:39:29] [INFO] Maksimal AI Analiz Bazaya Yazıldı: 'server-repo-rust/remote_installer.py'
[2026-07-22 00:39:29] [INFO] Maksimal AI Analiz Bazaya Yazıldı: 'server-repo-rust/remote_installer.py.mybackup'
[2026-07-22 00:39:29] [INFO] Maksimal AI Analiz Bazaya Yazıldı: 'server-repo-rust/remote_installer.py.mybackup'
[2026-07-22 00:39:29] [INFO] Maksimal AI Analiz Bazaya Yazıldı: 'server-repo-rust/run_project.py'
[2026-07-22 00:39:29] [INFO] Maksimal AI Analiz Bazaya Yazıldı: 'server-repo-rust/run_project.py'
[2026-07-22 00:39:29] [INFO] Maksimal AI Analiz Bazaya Yazıldı: 'server-repo-rust/run_test_project.py'
[2026-07-22 00:39:29] [INFO] Maksimal AI Analiz Bazaya Yazıldı: 'server-repo-rust/run_test_project.py'
[2026-07-22 00:39:29] [INFO] Maksimal AI Analiz Bazaya Yazıldı: 'server-repo-rust/ssh-key-132.key'
[2026-07-22 00:39:29] [INFO] Maksimal AI Analiz Bazaya Yazıldı: 'server-repo-rust/ssh-key-132.key'
[2026-07-22 00:39:29] [INFO] Beledci Maksimal AI Analizator Mühərriki başladıldı.
[2026-07-22 00:39:29] [INFO] SQLite file_analysis bazası yeni sxemlə (Dependency & Git) uğurla hazırlandı.
[2026-07-22 00:39:29] [INFO] Maksimal AI Analiz Bazaya Yazıldı: 'server-repo-rust/ssh-key-84.key'
[2026-07-22 00:39:29] [INFO] Maksimal AI Analiz Bazaya Yazıldı: 'server-repo-rust/ssh-key-84.key'
[2026-07-22 00:39:30] [INFO] Maksimal AI Analiz Bazaya Yazıldı: 'server-repo-rust/backup_static/app.js'
[2026-07-22 00:39:30] [INFO] Maksimal AI Analiz Bazaya Yazıldı: 'server-repo-rust/backup_static/app.js'
[2026-07-22 00:39:30] [INFO] Maksimal AI Analiz Bazaya Yazıldı: 'server-repo-rust/backup_static/changelog.json'
[2026-07-22 00:39:30] [INFO] Maksimal AI Analiz Bazaya Yazıldı: 'server-repo-rust/backup_static/changelog.json'
[2026-07-22 00:39:30] [INFO] Maksimal AI Analiz Bazaya Yazıldı: 'server-repo-rust/backup_static/changelog.json'
[2026-07-22 00:39:30] [INFO] Maksimal AI Analiz Bazaya Yazıldı: 'server-repo-rust/backup_static/docs.json'
[2026-07-22 00:39:30] [INFO] Maksimal AI Analiz Bazaya Yazıldı: 'server-repo-rust/backup_static/docs.json'
[2026-07-22 00:39:30] [INFO] Maksimal AI Analiz Bazaya Yazıldı: 'server-repo-rust/backup_static/docs.json'
[2026-07-22 00:39:30] [INFO] Maksimal AI Analiz Bazaya Yazıldı: 'server-repo-rust/backup_static/index.html'
[2026-07-22 00:39:30] [INFO] Maksimal AI Analiz Bazaya Yazıldı: 'server-repo-rust/backup_static/index.html'
[2026-07-22 00:39:30] [INFO] Maksimal AI Analiz Bazaya Yazıldı: 'server-repo-rust/backup_static/index.html'
[2026-07-22 00:39:30] [INFO] Maksimal AI Analiz Bazaya Yazıldı: 'server-repo-rust/backup_static/style.css'
[2026-07-22 00:39:30] [INFO] Maksimal AI Analiz Bazaya Yazıldı: 'server-repo-rust/backup_static/style.css'
[2026-07-22 00:39:30] [INFO] Maksimal AI Analiz Bazaya Yazıldı: 'server-repo-rust/backup_static/style.css'
[2026-07-22 00:39:30] [INFO] Maksimal AI Analiz Bazaya Yazıldı: 'server-repo-rust/backup_static/sw.js'
[2026-07-22 00:39:30] [INFO] Maksimal AI Analiz Bazaya Yazıldı: 'server-repo-rust/backup_static/sw.js'
[2026-07-22 00:39:30] [INFO] Maksimal AI Analiz Bazaya Yazıldı: 'server-repo-rust/backup_static/sw.js'
[2026-07-22 00:39:30] [INFO] Maksimal AI Analiz Bazaya Yazıldı: 'server-repo-rust/docs/README.md'
[2026-07-22 00:39:30] [INFO] Maksimal AI Analiz Bazaya Yazıldı: 'server-repo-rust/docs/README.md'
[2026-07-22 00:39:30] [INFO] Maksimal AI Analiz Bazaya Yazıldı: 'server-repo-rust/docs/README.md'
[2026-07-22 00:39:31] [INFO] Maksimal AI Analiz Bazaya Yazıldı: 'server-repo-rust/local_data/masterdeploy.db'
[2026-07-22 00:39:31] [INFO] Maksimal AI Analiz Bazaya Yazıldı: 'server-repo-rust/local_data/masterdeploy.db'
[2026-07-22 00:39:31] [INFO] Maksimal AI Analiz Bazaya Yazıldı: 'server-repo-rust/local_data/masterdeploy.db'
[2026-07-22 00:39:31] [INFO] Maksimal AI Analiz Bazaya Yazıldı: 'server-repo-rust/MasterDeploy-rust/Cargo.lock'
[2026-07-22 00:39:31] [INFO] Maksimal AI Analiz Bazaya Yazıldı: 'server-repo-rust/MasterDeploy-rust/Cargo.lock'
[2026-07-22 00:39:31] [INFO] Maksimal AI Analiz Bazaya Yazıldı: 'server-repo-rust/MasterDeploy-rust/Cargo.lock'
[2026-07-22 00:39:31] [INFO] Maksimal AI Analiz Bazaya Yazıldı: 'server-repo-rust/MasterDeploy-rust/Cargo.toml'
[2026-07-22 00:39:31] [INFO] Maksimal AI Analiz Bazaya Yazıldı: 'server-repo-rust/MasterDeploy-rust/Cargo.toml'
[2026-07-22 00:39:31] [INFO] Maksimal AI Analiz Bazaya Yazıldı: 'server-repo-rust/MasterDeploy-rust/Cargo.toml'
[2026-07-22 00:39:31] [INFO] Maksimal AI Analiz Bazaya Yazıldı: 'server-repo-rust/MasterDeploy-rust/Dockerfile'
[2026-07-22 00:39:31] [INFO] Maksimal AI Analiz Bazaya Yazıldı: 'server-repo-rust/MasterDeploy-rust/Dockerfile'
[2026-07-22 00:39:31] [INFO] Maksimal AI Analiz Bazaya Yazıldı: 'server-repo-rust/MasterDeploy-rust/Dockerfile'
[2026-07-22 00:39:32] [INFO] Maksimal AI Analiz Bazaya Yazıldı: 'server-repo-rust/MasterDeploy-rust/masterdeploy.db'
[2026-07-22 00:39:32] [INFO] Maksimal AI Analiz Bazaya Yazıldı: 'server-repo-rust/MasterDeploy-rust/masterdeploy.db'
[2026-07-22 00:39:32] [INFO] Maksimal AI Analiz Bazaya Yazıldı: 'server-repo-rust/MasterDeploy-rust/temp_cmd_key_05a3fde7-98f3-4224-8b2d-954d30573792.key'
[2026-07-22 00:39:32] [INFO] Maksimal AI Analiz Bazaya Yazıldı: 'server-repo-rust/MasterDeploy-rust/temp_cmd_key_05a3fde7-98f3-4224-8b2d-954d30573792.key'
[2026-07-22 00:39:32] [INFO] Maksimal AI Analiz Bazaya Yazıldı: 'server-repo-rust/MasterDeploy-rust/temp_cmd_key_0ca08041-c84f-411a-ad67-160715bf4b19.key'
[2026-07-22 00:39:32] [INFO] Maksimal AI Analiz Bazaya Yazıldı: 'server-repo-rust/MasterDeploy-rust/temp_cmd_key_0ca08041-c84f-411a-ad67-160715bf4b19.key'
[2026-07-22 00:39:32] [INFO] Maksimal AI Analiz Bazaya Yazıldı: 'server-repo-rust/MasterDeploy-rust/temp_cmd_key_4aeb72cb-98b7-4e51-a8ed-7a1ee18f555a.key'
[2026-07-22 00:39:32] [INFO] Maksimal AI Analiz Bazaya Yazıldı: 'server-repo-rust/MasterDeploy-rust/temp_cmd_key_4aeb72cb-98b7-4e51-a8ed-7a1ee18f555a.key'
[2026-07-22 00:39:33] [INFO] Maksimal AI Analiz Bazaya Yazıldı: 'server-repo-rust/MasterDeploy-rust/temp_cmd_key_6eee0be5-20c7-4801-9790-e87b0807b713.key'
[2026-07-22 00:39:33] [INFO] Maksimal AI Analiz Bazaya Yazıldı: 'server-repo-rust/MasterDeploy-rust/temp_cmd_key_6eee0be5-20c7-4801-9790-e87b0807b713.key'
[2026-07-22 00:39:33] [INFO] Maksimal AI Analiz Bazaya Yazıldı: 'server-repo-rust/MasterDeploy-rust/temp_cmd_key_724a50b3-1a72-48b1-bda1-8a523d1d9c2f.key'
[2026-07-22 00:39:33] [INFO] Maksimal AI Analiz Bazaya Yazıldı: 'server-repo-rust/MasterDeploy-rust/temp_cmd_key_724a50b3-1a72-48b1-bda1-8a523d1d9c2f.key'
[2026-07-22 00:39:33] [INFO] Maksimal AI Analiz Bazaya Yazıldı: 'server-repo-rust/MasterDeploy-rust/temp_cmd_key_7670fabe-eb24-4ed4-8210-da39973e6866.key'
[2026-07-22 00:39:33] [INFO] Maksimal AI Analiz Bazaya Yazıldı: 'server-repo-rust/MasterDeploy-rust/temp_cmd_key_7670fabe-eb24-4ed4-8210-da39973e6866.key'
[2026-07-22 00:39:33] [INFO] Maksimal AI Analiz Bazaya Yazıldı: 'server-repo-rust/MasterDeploy-rust/temp_cmd_key_8b23d8ed-7c0d-4a26-ab14-dd58c7debdd9.key'
[2026-07-22 00:39:33] [INFO] Maksimal AI Analiz Bazaya Yazıldı: 'server-repo-rust/MasterDeploy-rust/temp_cmd_key_8b23d8ed-7c0d-4a26-ab14-dd58c7debdd9.key'
[2026-07-22 00:39:33] [INFO] Maksimal AI Analiz Bazaya Yazıldı: 'server-repo-rust/MasterDeploy-rust/temp_cmd_key_99182045-ad07-401c-8ee8-8817652863a8.key'
[2026-07-22 00:39:33] [INFO] Maksimal AI Analiz Bazaya Yazıldı: 'server-repo-rust/MasterDeploy-rust/temp_cmd_key_99182045-ad07-401c-8ee8-8817652863a8.key'
[2026-07-22 00:39:33] [INFO] Maksimal AI Analiz Bazaya Yazıldı: 'server-repo-rust/MasterDeploy-rust/temp_cmd_key_a2bb0531-ab32-4785-ab9f-1bcdebede0cd.key'
[2026-07-22 00:39:33] [INFO] Maksimal AI Analiz Bazaya Yazıldı: 'server-repo-rust/MasterDeploy-rust/temp_cmd_key_a2bb0531-ab32-4785-ab9f-1bcdebede0cd.key'
[2026-07-22 00:39:33] [INFO] Maksimal AI Analiz Bazaya Yazıldı: 'server-repo-rust/MasterDeploy-rust/temp_cmd_key_d86f0f92-858c-4f33-a358-860b37188443.key'
[2026-07-22 00:39:33] [INFO] Maksimal AI Analiz Bazaya Yazıldı: 'server-repo-rust/MasterDeploy-rust/temp_cmd_key_d86f0f92-858c-4f33-a358-860b37188443.key'
[2026-07-22 00:39:34] [INFO] Maksimal AI Analiz Bazaya Yazıldı: 'server-repo-rust/MasterDeploy-rust/temp_deploy_key_a87d4c57-308a-472c-881b-0c9f0993b2d1.key'
[2026-07-22 00:39:34] [INFO] Maksimal AI Analiz Bazaya Yazıldı: 'server-repo-rust/MasterDeploy-rust/temp_deploy_key_a87d4c57-308a-472c-881b-0c9f0993b2d1.key'
[2026-07-22 00:39:34] [INFO] Maksimal AI Analiz Bazaya Yazıldı: 'server-repo-rust/MasterDeploy-rust/temp_deploy_key_d1949937-dc24-4279-ba85-1cfb6b1e4066.key'
[2026-07-22 00:39:34] [INFO] Maksimal AI Analiz Bazaya Yazıldı: 'server-repo-rust/MasterDeploy-rust/temp_deploy_key_d1949937-dc24-4279-ba85-1cfb6b1e4066.key'
[2026-07-22 00:39:34] [INFO] Maksimal AI Analiz Bazaya Yazıldı: 'server-repo-rust/MasterDeploy-rust/temp_deploy_key_e27136e8-bef4-4fc9-96b4-63198d671e26.key'
[2026-07-22 00:39:34] [INFO] Maksimal AI Analiz Bazaya Yazıldı: 'server-repo-rust/MasterDeploy-rust/temp_deploy_key_e27136e8-bef4-4fc9-96b4-63198d671e26.key'
[2026-07-22 00:39:34] [INFO] Maksimal AI Analiz Bazaya Yazıldı: 'server-repo-rust/MasterDeploy-rust/temp_deploy_key_fdbdecb5-0aed-4bca-8cd1-fceb982ef963.key'
[2026-07-22 00:39:34] [INFO] Maksimal AI Analiz Bazaya Yazıldı: 'server-repo-rust/MasterDeploy-rust/temp_deploy_key_fdbdecb5-0aed-4bca-8cd1-fceb982ef963.key'
[2026-07-22 00:39:34] [INFO] Maksimal AI Analiz Bazaya Yazıldı: 'server-repo-rust/MasterDeploy-rust/temp_key_2105cacd-efb6-4775-b4dd-5cc8f1b544c0.key'
[2026-07-22 00:39:34] [INFO] Maksimal AI Analiz Bazaya Yazıldı: 'server-repo-rust/MasterDeploy-rust/temp_key_2105cacd-efb6-4775-b4dd-5cc8f1b544c0.key'
[2026-07-22 00:39:34] [INFO] Maksimal AI Analiz Bazaya Yazıldı: 'server-repo-rust/MasterDeploy-rust/temp_logs_key_388df376-123a-46a4-a5df-ded3c7557af2.key'
[2026-07-22 00:39:34] [INFO] Maksimal AI Analiz Bazaya Yazıldı: 'server-repo-rust/MasterDeploy-rust/temp_logs_key_388df376-123a-46a4-a5df-ded3c7557af2.key'
[2026-07-22 00:39:34] [INFO] Maksimal AI Analiz Bazaya Yazıldı: 'server-repo-rust/MasterDeploy-rust/temp_logs_key_aef0ed19-3f3b-48eb-b7fa-c99bcb253e84.key'
[2026-07-22 00:39:34] [INFO] Maksimal AI Analiz Bazaya Yazıldı: 'server-repo-rust/MasterDeploy-rust/temp_logs_key_aef0ed19-3f3b-48eb-b7fa-c99bcb253e84.key'
[2026-07-22 00:39:35] [INFO] Maksimal AI Analiz Bazaya Yazıldı: 'server-repo-rust/MasterDeploy-rust/temp_logs_key_ea6397bb-6e38-42ad-9d5c-7761b7a06761.key'
[2026-07-22 00:39:35] [INFO] Maksimal AI Analiz Bazaya Yazıldı: 'server-repo-rust/MasterDeploy-rust/temp_logs_key_ea6397bb-6e38-42ad-9d5c-7761b7a06761.key'
[2026-07-22 00:39:35] [INFO] Maksimal AI Analiz Bazaya Yazıldı: 'server-repo-rust/MasterDeploy-rust/src/db.rs'
[2026-07-22 00:39:35] [INFO] Maksimal AI Analiz Bazaya Yazıldı: 'server-repo-rust/MasterDeploy-rust/src/db.rs'
[2026-07-22 00:39:35] [INFO] Maksimal AI Analiz Bazaya Yazıldı: 'server-repo-rust/MasterDeploy-rust/src/main.rs'
[2026-07-22 00:39:35] [INFO] Maksimal AI Analiz Bazaya Yazıldı: 'server-repo-rust/MasterDeploy-rust/src/main.rs'
[2026-07-22 00:39:35] [INFO] Maksimal AI Analiz Bazaya Yazıldı: 'server-repo-rust/MasterDeploy-rust/src/models.rs'
[2026-07-22 00:39:35] [INFO] Maksimal AI Analiz Bazaya Yazıldı: 'server-repo-rust/MasterDeploy-rust/src/models.rs'
[2026-07-22 00:39:35] [INFO] Maksimal AI Analiz Bazaya Yazıldı: 'server-repo-rust/MasterDeploy-rust/src/bin/check_db.rs'
[2026-07-22 00:39:35] [INFO] Maksimal AI Analiz Bazaya Yazıldı: 'server-repo-rust/MasterDeploy-rust/src/bin/check_db.rs'
[2026-07-22 00:39:35] [INFO] Maksimal AI Analiz Bazaya Yazıldı: 'server-repo-rust/MasterDeploy-rust/src/plugins/cloudflare.rs'
[2026-07-22 00:39:35] [INFO] Maksimal AI Analiz Bazaya Yazıldı: 'server-repo-rust/MasterDeploy-rust/src/plugins/cloudflare.rs'
[2026-07-22 00:39:35] [INFO] Maksimal AI Analiz Bazaya Yazıldı: 'server-repo-rust/MasterDeploy-rust/src/plugins/mod.rs'
[2026-07-22 00:39:35] [INFO] Maksimal AI Analiz Bazaya Yazıldı: 'server-repo-rust/MasterDeploy-rust/src/plugins/mod.rs'
[2026-07-22 00:39:35] [INFO] Maksimal AI Analiz Bazaya Yazıldı: 'server-repo-rust/MasterDeploy-rust/src-tauri/Cargo.lock'
[2026-07-22 00:39:35] [INFO] Maksimal AI Analiz Bazaya Yazıldı: 'server-repo-rust/MasterDeploy-rust/src-tauri/Cargo.lock'
[2026-07-22 00:39:36] [INFO] Maksimal AI Analiz Bazaya Yazıldı: 'server-repo-rust/MasterDeploy-rust/src-tauri/Cargo.toml'
[2026-07-22 00:39:36] [INFO] Maksimal AI Analiz Bazaya Yazıldı: 'server-repo-rust/MasterDeploy-rust/src-tauri/Cargo.toml'
[2026-07-22 00:39:36] [INFO] Maksimal AI Analiz Bazaya Yazıldı: 'server-repo-rust/MasterDeploy-rust/src-tauri/build.rs'
[2026-07-22 00:39:36] [INFO] Maksimal AI Analiz Bazaya Yazıldı: 'server-repo-rust/MasterDeploy-rust/src-tauri/build.rs'
[2026-07-22 00:39:36] [INFO] Maksimal AI Analiz Bazaya Yazıldı: 'server-repo-rust/MasterDeploy-rust/src-tauri/tauri.conf.json'
[2026-07-22 00:39:36] [INFO] Maksimal AI Analiz Bazaya Yazıldı: 'server-repo-rust/MasterDeploy-rust/src-tauri/tauri.conf.json'
[2026-07-22 00:39:36] [INFO] Maksimal AI Analiz Bazaya Yazıldı: 'server-repo-rust/MasterDeploy-rust/src-tauri/capabilities/default.json'
[2026-07-22 00:39:36] [INFO] Maksimal AI Analiz Bazaya Yazıldı: 'server-repo-rust/MasterDeploy-rust/src-tauri/capabilities/default.json'
[2026-07-22 00:39:36] [INFO] Maksimal AI Analiz Bazaya Yazıldı: 'server-repo-rust/MasterDeploy-rust/src-tauri/gen/schemas/acl-manifests.json'
[2026-07-22 00:39:36] [INFO] Maksimal AI Analiz Bazaya Yazıldı: 'server-repo-rust/MasterDeploy-rust/src-tauri/gen/schemas/acl-manifests.json'
[2026-07-22 00:39:36] [INFO] Maksimal AI Analiz Bazaya Yazıldı: 'server-repo-rust/MasterDeploy-rust/src-tauri/gen/schemas/capabilities.json'
[2026-07-22 00:39:36] [INFO] Maksimal AI Analiz Bazaya Yazıldı: 'server-repo-rust/MasterDeploy-rust/src-tauri/gen/schemas/capabilities.json'
[2026-07-22 00:39:36] [INFO] Maksimal AI Analiz Bazaya Yazıldı: 'server-repo-rust/MasterDeploy-rust/src-tauri/gen/schemas/desktop-schema.json'
[2026-07-22 00:39:36] [INFO] Maksimal AI Analiz Bazaya Yazıldı: 'server-repo-rust/MasterDeploy-rust/src-tauri/gen/schemas/desktop-schema.json'
[2026-07-22 00:39:36] [INFO] Maksimal AI Analiz Bazaya Yazıldı: 'server-repo-rust/MasterDeploy-rust/src-tauri/gen/schemas/windows-schema.json'
[2026-07-22 00:39:36] [INFO] Maksimal AI Analiz Bazaya Yazıldı: 'server-repo-rust/MasterDeploy-rust/src-tauri/gen/schemas/windows-schema.json'
[2026-07-22 00:39:37] [INFO] Maksimal AI Analiz Bazaya Yazıldı: 'server-repo-rust/MasterDeploy-rust/src-tauri/icons/128x128.png'
[2026-07-22 00:39:37] [INFO] Maksimal AI Analiz Bazaya Yazıldı: 'server-repo-rust/MasterDeploy-rust/src-tauri/icons/128x128.png'
[2026-07-22 00:39:37] [INFO] Maksimal AI Analiz Bazaya Yazıldı: 'server-repo-rust/MasterDeploy-rust/src-tauri/icons/128x128@2x.png'
[2026-07-22 00:39:37] [INFO] Maksimal AI Analiz Bazaya Yazıldı: 'server-repo-rust/MasterDeploy-rust/src-tauri/icons/128x128@2x.png'
[2026-07-22 00:39:37] [INFO] Maksimal AI Analiz Bazaya Yazıldı: 'server-repo-rust/MasterDeploy-rust/src-tauri/icons/32x32.png'
[2026-07-22 00:39:37] [INFO] Maksimal AI Analiz Bazaya Yazıldı: 'server-repo-rust/MasterDeploy-rust/src-tauri/icons/32x32.png'
[2026-07-22 00:39:37] [INFO] Maksimal AI Analiz Bazaya Yazıldı: 'server-repo-rust/MasterDeploy-rust/src-tauri/icons/Square107x107Logo.png'
[2026-07-22 00:39:37] [INFO] Maksimal AI Analiz Bazaya Yazıldı: 'server-repo-rust/MasterDeploy-rust/src-tauri/icons/Square107x107Logo.png'
[2026-07-22 00:39:37] [INFO] Maksimal AI Analiz Bazaya Yazıldı: 'server-repo-rust/MasterDeploy-rust/src-tauri/icons/Square142x142Logo.png'
[2026-07-22 00:39:37] [INFO] Maksimal AI Analiz Bazaya Yazıldı: 'server-repo-rust/MasterDeploy-rust/src-tauri/icons/Square142x142Logo.png'
[2026-07-22 00:39:37] [INFO] Maksimal AI Analiz Bazaya Yazıldı: 'server-repo-rust/MasterDeploy-rust/src-tauri/icons/Square150x150Logo.png'
[2026-07-22 00:39:37] [INFO] Maksimal AI Analiz Bazaya Yazıldı: 'server-repo-rust/MasterDeploy-rust/src-tauri/icons/Square150x150Logo.png'
[2026-07-22 00:39:37] [INFO] Maksimal AI Analiz Bazaya Yazıldı: 'server-repo-rust/MasterDeploy-rust/src-tauri/icons/Square284x284Logo.png'
[2026-07-22 00:39:37] [INFO] Maksimal AI Analiz Bazaya Yazıldı: 'server-repo-rust/MasterDeploy-rust/src-tauri/icons/Square284x284Logo.png'
[2026-07-22 00:39:38] [INFO] Maksimal AI Analiz Bazaya Yazıldı: 'server-repo-rust/MasterDeploy-rust/src-tauri/icons/Square30x30Logo.png'
[2026-07-22 00:39:38] [INFO] Maksimal AI Analiz Bazaya Yazıldı: 'server-repo-rust/MasterDeploy-rust/src-tauri/icons/Square30x30Logo.png'
[2026-07-22 00:39:38] [INFO] Maksimal AI Analiz Bazaya Yazıldı: 'server-repo-rust/MasterDeploy-rust/src-tauri/icons/Square310x310Logo.png'
[2026-07-22 00:39:38] [INFO] Maksimal AI Analiz Bazaya Yazıldı: 'server-repo-rust/MasterDeploy-rust/src-tauri/icons/Square310x310Logo.png'
[2026-07-22 00:39:38] [INFO] Maksimal AI Analiz Bazaya Yazıldı: 'server-repo-rust/MasterDeploy-rust/src-tauri/icons/Square44x44Logo.png'
[2026-07-22 00:39:38] [INFO] Maksimal AI Analiz Bazaya Yazıldı: 'server-repo-rust/MasterDeploy-rust/src-tauri/icons/Square44x44Logo.png'
[2026-07-22 00:39:38] [INFO] Maksimal AI Analiz Bazaya Yazıldı: 'server-repo-rust/MasterDeploy-rust/src-tauri/icons/Square71x71Logo.png'
[2026-07-22 00:39:38] [INFO] Maksimal AI Analiz Bazaya Yazıldı: 'server-repo-rust/MasterDeploy-rust/src-tauri/icons/Square71x71Logo.png'
[2026-07-22 00:39:38] [INFO] Maksimal AI Analiz Bazaya Yazıldı: 'server-repo-rust/MasterDeploy-rust/src-tauri/icons/Square89x89Logo.png'
[2026-07-22 00:39:38] [INFO] Maksimal AI Analiz Bazaya Yazıldı: 'server-repo-rust/MasterDeploy-rust/src-tauri/icons/Square89x89Logo.png'
[2026-07-22 00:39:38] [INFO] Maksimal AI Analiz Bazaya Yazıldı: 'server-repo-rust/MasterDeploy-rust/src-tauri/icons/StoreLogo.png'
[2026-07-22 00:39:38] [INFO] Maksimal AI Analiz Bazaya Yazıldı: 'server-repo-rust/MasterDeploy-rust/src-tauri/icons/StoreLogo.png'
[2026-07-22 00:39:39] [INFO] Maksimal AI Analiz Bazaya Yazıldı: 'server-repo-rust/MasterDeploy-rust/src-tauri/icons/icon.icns'
[2026-07-22 00:39:39] [INFO] Maksimal AI Analiz Bazaya Yazıldı: 'server-repo-rust/MasterDeploy-rust/src-tauri/icons/icon.icns'
[2026-07-22 00:39:39] [INFO] Maksimal AI Analiz Bazaya Yazıldı: 'server-repo-rust/MasterDeploy-rust/src-tauri/icons/icon.ico'
[2026-07-22 00:39:39] [INFO] Maksimal AI Analiz Bazaya Yazıldı: 'server-repo-rust/MasterDeploy-rust/src-tauri/icons/icon.ico'
[2026-07-22 00:39:39] [INFO] Maksimal AI Analiz Bazaya Yazıldı: 'server-repo-rust/MasterDeploy-rust/src-tauri/icons/icon.png'
[2026-07-22 00:39:39] [INFO] Maksimal AI Analiz Bazaya Yazıldı: 'server-repo-rust/MasterDeploy-rust/src-tauri/icons/icon.png'
[2026-07-22 00:39:39] [INFO] Maksimal AI Analiz Bazaya Yazıldı: 'server-repo-rust/MasterDeploy-rust/src-tauri/src/lib.rs'
[2026-07-22 00:39:39] [INFO] Maksimal AI Analiz Bazaya Yazıldı: 'server-repo-rust/MasterDeploy-rust/src-tauri/src/lib.rs'
[2026-07-22 00:39:39] [INFO] Maksimal AI Analiz Bazaya Yazıldı: 'server-repo-rust/MasterDeploy-rust/src-tauri/src/main.rs'
[2026-07-22 00:39:39] [INFO] Maksimal AI Analiz Bazaya Yazıldı: 'server-repo-rust/MasterDeploy-rust/src-tauri/src/main.rs'
[2026-07-22 00:39:39] [INFO] Maksimal AI Analiz Bazaya Yazıldı: 'server-repo-rust/MasterDeploy-rust/static/app.js'
[2026-07-22 00:39:39] [INFO] Maksimal AI Analiz Bazaya Yazıldı: 'server-repo-rust/MasterDeploy-rust/static/app.js'
[2026-07-22 00:39:39] [INFO] Maksimal AI Analiz Bazaya Yazıldı: 'server-repo-rust/MasterDeploy-rust/static/changelog.json'
[2026-07-22 00:39:39] [INFO] Maksimal AI Analiz Bazaya Yazıldı: 'server-repo-rust/MasterDeploy-rust/static/changelog.json'
[2026-07-22 00:39:40] [INFO] Maksimal AI Analiz Bazaya Yazıldı: 'server-repo-rust/MasterDeploy-rust/static/docs.json'
[2026-07-22 00:39:40] [INFO] Maksimal AI Analiz Bazaya Yazıldı: 'server-repo-rust/MasterDeploy-rust/static/docs.json'
[2026-07-22 00:39:40] [INFO] Maksimal AI Analiz Bazaya Yazıldı: 'server-repo-rust/MasterDeploy-rust/static/favicon.png'
[2026-07-22 00:39:40] [INFO] Maksimal AI Analiz Bazaya Yazıldı: 'server-repo-rust/MasterDeploy-rust/static/favicon.png'
[2026-07-22 00:39:40] [INFO] Maksimal AI Analiz Bazaya Yazıldı: 'server-repo-rust/MasterDeploy-rust/static/index.html'
[2026-07-22 00:39:40] [INFO] Maksimal AI Analiz Bazaya Yazıldı: 'server-repo-rust/MasterDeploy-rust/static/index.html'
[2026-07-22 00:39:40] [INFO] Maksimal AI Analiz Bazaya Yazıldı: 'server-repo-rust/MasterDeploy-rust/static/style.css'
[2026-07-22 00:39:40] [INFO] Maksimal AI Analiz Bazaya Yazıldı: 'server-repo-rust/MasterDeploy-rust/static/style.css'
[2026-07-22 00:39:40] [INFO] Maksimal AI Analiz Bazaya Yazıldı: 'server-repo-rust/MasterDeploy-rust/static/sw.js'
[2026-07-22 00:39:40] [INFO] Maksimal AI Analiz Bazaya Yazıldı: 'server-repo-rust/MasterDeploy-rust/static/sw.js'
[2026-07-22 00:39:40] [INFO] Maksimal AI Analiz Bazaya Yazıldı: 'server-repo-rust/test-layihe/Dockerfile'
[2026-07-22 00:39:40] [INFO] Maksimal AI Analiz Bazaya Yazıldı: 'server-repo-rust/test-layihe/Dockerfile'
[2026-07-22 00:39:40] [INFO] Maksimal AI Analiz Bazaya Yazıldı: 'server-repo-rust/test-layihe/database.db'
[2026-07-22 00:39:40] [INFO] Maksimal AI Analiz Bazaya Yazıldı: 'server-repo-rust/test-layihe/database.db'
[2026-07-22 00:39:41] [INFO] Maksimal AI Analiz Bazaya Yazıldı: 'server-repo-rust/test-layihe/index.js'
[2026-07-22 00:39:41] [INFO] Maksimal AI Analiz Bazaya Yazıldı: 'server-repo-rust/test-layihe/index.js'
[2026-07-22 00:39:41] [INFO] Maksimal AI Analiz Bazaya Yazıldı: 'server-repo-rust/test-layihe/package-lock.json'
[2026-07-22 00:39:41] [INFO] Maksimal AI Analiz Bazaya Yazıldı: 'server-repo-rust/test-layihe/package-lock.json'
[2026-07-22 00:39:41] [INFO] Maksimal AI Analiz Bazaya Yazıldı: 'server-repo-rust/test-layihe/package.json'
[2026-07-22 00:39:41] [INFO] Maksimal AI Analiz Bazaya Yazıldı: 'server-repo-rust/test-layihe/package.json'
[2026-07-22 00:39:41] [INFO] Maksimal AI Analiz Bazaya Yazıldı: 'server-repo-rust/test-layihe/public/index.html'
[2026-07-22 00:39:41] [INFO] Maksimal AI Analiz Bazaya Yazıldı: 'server-repo-rust/test-layihe/public/index.html'
[2026-07-22 00:39:42] [INFO] CANLI BELEDCI SERVERI ISLEDIR: http://localhost:8090
[2026-07-22 00:44:28] [INFO] Maksimal AI Analiz Bazaya Yazıldı: 'beledci/YENILIKLER_PLAN_2.md'
[2026-07-22 00:45:07] [INFO] beledci_generator.py yenilendi! Server avtomatik restart olunur...
[2026-07-22 00:45:07] [INFO] Beledci Maksimal AI Analizator Mühərriki başladıldı.
[2026-07-22 00:45:07] [INFO] SQLite file_analysis bazası yeni sxemlə (Security & Impact Analysis) uğurla hazırlandı.
[2026-07-22 00:45:09] [INFO] CANLI BELEDCI SERVERI ISLEDIR: http://localhost:8090
[2026-07-22 00:45:13] [INFO] beledci_generator.py yenilendi! Server avtomatik restart olunur...
[2026-07-22 00:45:13] [INFO] Beledci Maksimal AI Analizator Mühərriki başladıldı.
[2026-07-22 00:45:13] [INFO] SQLite file_analysis bazası yeni sxemlə (Security & Impact Analysis) uğurla hazırlandı.
[2026-07-22 00:45:14] [INFO] CANLI BELEDCI SERVERI ISLEDIR: http://localhost:8090
[2026-07-22 00:45:19] [INFO] beledci_generator.py yenilendi! Server avtomatik restart olunur...
[2026-07-22 00:45:19] [INFO] Beledci Maksimal AI Analizator Mühərriki başladıldı.
[2026-07-22 00:45:19] [INFO] SQLite file_analysis bazası yeni sxemlə (Security & Impact Analysis) uğurla hazırlandı.
[2026-07-22 00:45:21] [INFO] CANLI BELEDCI SERVERI ISLEDIR: http://localhost:8090
[2026-07-22 00:45:25] [INFO] beledci_generator.py yenilendi! Server avtomatik restart olunur...
[2026-07-22 00:45:25] [INFO] Beledci Maksimal AI Analizator Mühərriki başladıldı.
[2026-07-22 00:45:25] [INFO] SQLite file_analysis bazası yeni sxemlə (Security & Impact Analysis) uğurla hazırlandı.
[2026-07-22 00:45:27] [INFO] CANLI BELEDCI SERVERI ISLEDIR: http://localhost:8090
[2026-07-22 00:45:30] [INFO] beledci_generator.py yenilendi! Server avtomatik restart olunur...
[2026-07-22 00:45:30] [INFO] Beledci Maksimal AI Analizator Mühərriki başladıldı.
[2026-07-22 00:45:30] [INFO] SQLite file_analysis bazası yeni sxemlə (Security & Impact Analysis) uğurla hazırlandı.
[2026-07-22 00:45:31] [INFO] CANLI BELEDCI SERVERI ISLEDIR: http://localhost:8090
[2026-07-22 00:45:37] [INFO] beledci_generator.py yenilendi! Server avtomatik restart olunur...
[2026-07-22 00:46:24] [INFO] Beledci Maksimal AI Analizator Mühərriki başladıldı.
[2026-07-22 00:46:24] [INFO] SQLite file_analysis bazası yeni sxemlə (Security & Impact Analysis) uğurla hazırlandı.
[2026-07-22 00:46:26] [INFO] CANLI BELEDCI SERVERI ISLEDIR: http://localhost:8090
[2026-07-22 00:46:42] [INFO] Beledci Maksimal AI Analizator Mühərriki başladıldı.
[2026-07-22 00:46:42] [INFO] SQLite file_analysis bazası yeni sxemlə (Security & Impact Analysis) uğurla hazırlandı.
[2026-07-22 00:46:44] [INFO] CANLI BELEDCI SERVERI ISLEDIR: http://localhost:8090
[2026-07-22 00:46:47] [INFO] Beledci Maksimal AI Analizator Mühərriki başladıldı.
[2026-07-22 00:46:47] [INFO] SQLite file_analysis bazası yeni sxemlə (Security & Impact Analysis) uğurla hazırlandı.
[2026-07-22 00:46:48] [INFO] CANLI BELEDCI SERVERI ISLEDIR: http://localhost:8090
[2026-07-22 00:50:40] [INFO] Beledci Maksimal AI Analizator Mühərriki başladıldı.
[2026-07-22 00:50:40] [INFO] SQLite file_analysis bazası yeni sxemlə (Security & Impact Analysis) uğurla hazırlandı.
[2026-07-22 00:51:31] [INFO] beledci_generator.py yenilendi! Server avtomatik restart olunur...
[2026-07-22 00:51:31] [INFO] Beledci Maksimal AI Analizator Mühərriki başladıldı.
[2026-07-22 00:51:31] [INFO] SQLite file_analysis bazası yeni sxemlə (Security & Impact Analysis) uğurla hazırlandı.
[2026-07-22 00:51:31] [INFO] beledci_generator.py yenilendi! Server avtomatik restart olunur...
[2026-07-22 00:51:33] [INFO] CANLI BELEDCI SERVERI ISLEDIR: http://localhost:8090
[2026-07-22 00:54:52] [INFO] beledci_generator.py yenilendi! Server avtomatik restart olunur...
[2026-07-22 00:54:52] [INFO] Beledci Maksimal AI Analizator Mühərriki başladıldı.
[2026-07-22 00:54:52] [INFO] SQLite file_analysis bazası yeni sxemlə (OWASP Security, Impact & Code Preview) hazırlandı.
[2026-07-22 00:54:53] [INFO] CANLI BELEDCI SERVERI ISLEDIR: http://localhost:8090
[2026-07-22 00:54:57] [INFO] beledci_generator.py yenilendi! Server avtomatik restart olunur...
[2026-07-22 00:54:57] [INFO] Beledci Maksimal AI Analizator Mühərriki başladıldı.
[2026-07-22 00:54:57] [INFO] SQLite file_analysis bazası yeni sxemlə (OWASP Security, Impact & Code Preview) hazırlandı.
[2026-07-22 00:54:58] [INFO] CANLI BELEDCI SERVERI ISLEDIR: http://localhost:8090
[2026-07-22 00:55:04] [INFO] beledci_generator.py yenilendi! Server avtomatik restart olunur...
[2026-07-22 00:55:05] [INFO] Beledci Maksimal AI Analizator Mühərriki başladıldı.
[2026-07-22 00:55:05] [INFO] SQLite file_analysis bazası yeni sxemlə (OWASP Security, Impact & Code Preview) hazırlandı.
[2026-07-22 00:55:06] [INFO] CANLI BELEDCI SERVERI ISLEDIR: http://localhost:8090
[2026-07-22 00:55:12] [INFO] beledci_generator.py yenilendi! Server avtomatik restart olunur...
[2026-07-22 00:55:12] [INFO] Beledci Maksimal AI Analizator Mühərriki başladıldı.
[2026-07-22 00:55:12] [INFO] SQLite file_analysis bazası yeni sxemlə (OWASP Security, Impact & Code Preview) hazırlandı.
[2026-07-22 00:55:14] [INFO] CANLI BELEDCI SERVERI ISLEDIR: http://localhost:8090
[2026-07-22 00:55:18] [INFO] beledci_generator.py yenilendi! Server avtomatik restart olunur...
[2026-07-22 00:55:18] [INFO] Beledci Maksimal AI Analizator Mühərriki başladıldı.
[2026-07-22 00:55:18] [INFO] SQLite file_analysis bazası yeni sxemlə (OWASP Security, Impact & Code Preview) hazırlandı.
[2026-07-22 00:55:20] [INFO] CANLI BELEDCI SERVERI ISLEDIR: http://localhost:8090
[2026-07-22 00:55:48] [INFO] beledci_generator.py yenilendi! Server avtomatik restart olunur...
[2026-07-22 00:55:48] [INFO] Beledci Maksimal AI Analizator Mühərriki başladıldı.
[2026-07-22 00:55:48] [INFO] SQLite file_analysis bazası yeni sxemlə (OWASP Security, Impact & Code Preview) hazırlandı.
[2026-07-22 00:55:49] [INFO] CANLI BELEDCI SERVERI ISLEDIR: http://localhost:8090
[2026-07-22 00:55:54] [INFO] beledci_generator.py yenilendi! Server avtomatik restart olunur...
[2026-07-22 00:55:54] [INFO] Beledci Maksimal AI Analizator Mühərriki başladıldı.
[2026-07-22 00:55:54] [INFO] SQLite file_analysis bazası yeni sxemlə (OWASP Security, Impact & Code Preview) hazırlandı.
[2026-07-22 00:55:56] [INFO] CANLI BELEDCI SERVERI ISLEDIR: http://localhost:8090
[2026-07-22 00:56:04] [INFO] Beledci Maksimal AI Analizator Mühərriki başladıldı.
[2026-07-22 00:56:04] [INFO] SQLite file_analysis bazası yeni sxemlə (OWASP Security, Impact & Code Preview) hazırlandı.
[2026-07-22 00:56:05] [INFO] Maksimal AI Analiz Bazaya Yazıldı: 'README.md'
[2026-07-22 00:56:05] [INFO] Maksimal AI Analiz Bazaya Yazıldı: 'config.json'
[2026-07-22 00:56:05] [INFO] Maksimal AI Analiz Bazaya Yazıldı: 'index.html'
[2026-07-22 00:56:05] [INFO] Maksimal AI Analiz Bazaya Yazıldı: 'masterdeploy_remote_84.db'
[2026-07-22 00:56:05] [INFO] Maksimal AI Analiz Bazaya Yazıldı: 'mezuniyyet-rust-taurisiz-olan.code-workspace'
[2026-07-22 00:56:05] [INFO] Maksimal AI Analiz Bazaya Yazıldı: 'test_release.json'
[2026-07-22 00:56:06] [INFO] Maksimal AI Analiz Bazaya Yazıldı: 'admin-sistemi/add-defender-exclusion.ps1'
[2026-07-22 00:56:06] [INFO] Maksimal AI Analiz Bazaya Yazıldı: 'admin-sistemi/custom_api.txt'
[2026-07-22 00:56:06] [INFO] Maksimal AI Analiz Bazaya Yazıldı: 'admin-sistemi/eslint.config.js'
[2026-07-22 00:56:06] [INFO] Maksimal AI Analiz Bazaya Yazıldı: 'admin-sistemi/generate_print_designs.cjs'
[2026-07-22 00:56:06] [INFO] Maksimal AI Analiz Bazaya Yazıldı: 'admin-sistemi/icon.png'
[2026-07-22 00:56:06] [INFO] Maksimal AI Analiz Bazaya Yazıldı: 'admin-sistemi/index.html'
[2026-07-22 00:56:07] [INFO] Maksimal AI Analiz Bazaya Yazıldı: 'admin-sistemi/package-lock.json'
[2026-07-22 00:56:07] [INFO] Maksimal AI Analiz Bazaya Yazıldı: 'admin-sistemi/package.json'
[2026-07-22 00:56:07] [INFO] Maksimal AI Analiz Bazaya Yazıldı: 'admin-sistemi/run_admin.py'
[2026-07-22 00:56:07] [INFO] Maksimal AI Analiz Bazaya Yazıldı: 'admin-sistemi/start_dev.bat'
[2026-07-22 00:56:07] [INFO] Maksimal AI Analiz Bazaya Yazıldı: 'admin-sistemi/vite.config.js'
[2026-07-22 00:56:07] [INFO] Maksimal AI Analiz Bazaya Yazıldı: 'admin-sistemi/src/App.jsx'
[2026-07-22 00:56:08] [INFO] Maksimal AI Analiz Bazaya Yazıldı: 'admin-sistemi/src/index.css'
[2026-07-22 00:56:08] [INFO] Maksimal AI Analiz Bazaya Yazıldı: 'admin-sistemi/src/main.jsx'
[2026-07-22 00:56:08] [INFO] Maksimal AI Analiz Bazaya Yazıldı: 'admin-sistemi/src/components/AnimatedLoader.css'
[2026-07-22 00:56:08] [INFO] Maksimal AI Analiz Bazaya Yazıldı: 'admin-sistemi/src/components/AnimatedLoader.css.map'
[2026-07-22 00:56:08] [INFO] Maksimal AI Analiz Bazaya Yazıldı: 'admin-sistemi/src/components/AnimatedLoader.jsx'
[2026-07-22 00:56:08] [INFO] Maksimal AI Analiz Bazaya Yazıldı: 'admin-sistemi/src/components/CreepyButton.css'
[2026-07-22 00:56:09] [INFO] Maksimal AI Analiz Bazaya Yazıldı: 'admin-sistemi/src/components/CreepyButton.jsx'
[2026-07-22 00:56:09] [INFO] Maksimal AI Analiz Bazaya Yazıldı: 'admin-sistemi/src/components/DebugConsole.jsx'
[2026-07-22 00:56:09] [INFO] Maksimal AI Analiz Bazaya Yazıldı: 'admin-sistemi/src/components/DebugToggleButton.jsx'
[2026-07-22 00:56:09] [INFO] Maksimal AI Analiz Bazaya Yazıldı: 'admin-sistemi/src/components/EditEmployeeModal.jsx'
[2026-07-22 00:56:09] [INFO] Maksimal AI Analiz Bazaya Yazıldı: 'admin-sistemi/src/components/EmployeeFormDialog.jsx'
[2026-07-22 00:56:09] [INFO] Maksimal AI Analiz Bazaya Yazıldı: 'admin-sistemi/src/components/ErrorBoundary.jsx'
[2026-07-22 00:56:10] [INFO] Maksimal AI Analiz Bazaya Yazıldı: 'admin-sistemi/src/components/Footer.jsx'
[2026-07-22 00:56:10] [INFO] Maksimal AI Analiz Bazaya Yazıldı: 'admin-sistemi/src/components/LeafTransition.jsx'
[2026-07-22 00:56:10] [INFO] Maksimal AI Analiz Bazaya Yazıldı: 'admin-sistemi/src/components/ProtectedRoute.jsx'
[2026-07-22 00:56:10] [INFO] Maksimal AI Analiz Bazaya Yazıldı: 'admin-sistemi/src/components/RateLimitOverlay.jsx'
[2026-07-22 00:56:10] [INFO] Maksimal AI Analiz Bazaya Yazıldı: 'admin-sistemi/src/components/TableToolbar.jsx'
[2026-07-22 00:56:10] [INFO] Maksimal AI Analiz Bazaya Yazıldı: 'admin-sistemi/src/components/TopBar.jsx'
[2026-07-22 00:56:10] [INFO] Maksimal AI Analiz Bazaya Yazıldı: 'admin-sistemi/src/components/UpdateNotification.jsx'
[2026-07-22 00:56:11] [INFO] Maksimal AI Analiz Bazaya Yazıldı: 'admin-sistemi/src/components/VacationCalendar.jsx'
[2026-07-22 00:56:11] [INFO] Maksimal AI Analiz Bazaya Yazıldı: 'admin-sistemi/src/components/VacationCalendar_backup.jsx'
[2026-07-22 00:56:11] [INFO] Maksimal AI Analiz Bazaya Yazıldı: 'admin-sistemi/src/components/auth/LoginPage.jsx'
[2026-07-22 00:56:11] [INFO] Maksimal AI Analiz Bazaya Yazıldı: 'admin-sistemi/src/components/calendar/CalendarPage.jsx'
[2026-07-22 00:56:11] [INFO] Maksimal AI Analiz Bazaya Yazıldı: 'admin-sistemi/src/components/common/LoadingOverlay.jsx'
[2026-07-22 00:56:12] [INFO] Maksimal AI Analiz Bazaya Yazıldı: 'admin-sistemi/src/components/common/ServerAwakening.jsx'
[2026-07-22 00:56:12] [INFO] Maksimal AI Analiz Bazaya Yazıldı: 'admin-sistemi/src/components/common/SplashScreen.jsx'
[2026-07-22 00:56:12] [INFO] Maksimal AI Analiz Bazaya Yazıldı: 'admin-sistemi/src/components/dashboard/DashboardPage.jsx'
[2026-07-22 00:56:12] [INFO] Maksimal AI Analiz Bazaya Yazıldı: 'admin-sistemi/src/components/employees/EmployeeList.jsx'
[2026-07-22 00:56:12] [INFO] Maksimal AI Analiz Bazaya Yazıldı: 'admin-sistemi/src/components/Games/ExternalGameWindow.jsx'
[2026-07-22 00:56:12] [INFO] Maksimal AI Analiz Bazaya Yazıldı: 'admin-sistemi/src/components/Games/TicTacToe/Board.jsx'
[2026-07-22 00:56:12] [INFO] Maksimal AI Analiz Bazaya Yazıldı: 'admin-sistemi/src/components/Games/TicTacToe/Dice3D.jsx'
[2026-07-22 00:56:13] [INFO] Maksimal AI Analiz Bazaya Yazıldı: 'admin-sistemi/src/components/Games/TicTacToe/DiceOverlay.jsx'
[2026-07-22 00:56:13] [INFO] Maksimal AI Analiz Bazaya Yazıldı: 'admin-sistemi/src/components/Games/TicTacToe/TicTacToe.jsx'
[2026-07-22 00:56:13] [INFO] Maksimal AI Analiz Bazaya Yazıldı: 'admin-sistemi/src/components/layout/AppLayout.jsx'
[2026-07-22 00:56:13] [INFO] Maksimal AI Analiz Bazaya Yazıldı: 'admin-sistemi/src/components/settings/SettingsPage.jsx'
[2026-07-22 00:56:13] [INFO] Maksimal AI Analiz Bazaya Yazıldı: 'admin-sistemi/src/components/Sidebar/EmployeeListSidebar.jsx'
[2026-07-22 00:56:14] [INFO] Maksimal AI Analiz Bazaya Yazıldı: 'admin-sistemi/src/components/Sidebar/IconSidebar.jsx'
[2026-07-22 00:56:14] [INFO] Maksimal AI Analiz Bazaya Yazıldı: 'admin-sistemi/src/components/ThemeSelector/ThemeSelector.jsx'
[2026-07-22 00:56:14] [INFO] Maksimal AI Analiz Bazaya Yazıldı: 'admin-sistemi/src/components/vacations/EditVacationDialog.jsx'
[2026-07-22 00:56:14] [INFO] Maksimal AI Analiz Bazaya Yazıldı: 'admin-sistemi/src/components/vacations/VacationList.jsx'
[2026-07-22 00:56:14] [INFO] Maksimal AI Analiz Bazaya Yazıldı: 'admin-sistemi/src/context/AuthContext.jsx'
[2026-07-22 00:56:14] [INFO] Maksimal AI Analiz Bazaya Yazıldı: 'admin-sistemi/src/context/NotificationContext.jsx'
[2026-07-22 00:56:15] [INFO] Maksimal AI Analiz Bazaya Yazıldı: 'admin-sistemi/src/context/SocketContext.jsx'
[2026-07-22 00:56:18] [INFO] Maksimal AI Analiz Bazaya Yazıldı: 'admin-sistemi/src/context/SoundAssets.js'
[2026-07-22 00:56:18] [INFO] Maksimal AI Analiz Bazaya Yazıldı: 'admin-sistemi/src/context/SoundContext.jsx'
[2026-07-22 00:56:18] [INFO] Maksimal AI Analiz Bazaya Yazıldı: 'admin-sistemi/src/context/ThemeContext.jsx'
[2026-07-22 00:56:18] [INFO] Maksimal AI Analiz Bazaya Yazıldı: 'admin-sistemi/src/layouts/MainLayout.jsx'
[2026-07-22 00:56:18] [INFO] Maksimal AI Analiz Bazaya Yazıldı: 'admin-sistemi/src/pages/AdminDashboard.jsx'
[2026-07-22 00:56:18] [INFO] Maksimal AI Analiz Bazaya Yazıldı: 'admin-sistemi/src/pages/AdminErrorLogs.jsx'
[2026-07-22 00:56:19] [INFO] Maksimal AI Analiz Bazaya Yazıldı: 'admin-sistemi/src/pages/AnimationShowcase.jsx'
[2026-07-22 00:56:19] [INFO] Maksimal AI Analiz Bazaya Yazıldı: 'admin-sistemi/src/pages/ArchivePage.jsx'
[2026-07-22 00:56:19] [INFO] Maksimal AI Analiz Bazaya Yazıldı: 'admin-sistemi/src/pages/CalendarPage.jsx'
[2026-07-22 00:56:19] [INFO] Maksimal AI Analiz Bazaya Yazıldı: 'admin-sistemi/src/pages/CalendarPage_backup.jsx'
[2026-07-22 00:56:19] [INFO] Maksimal AI Analiz Bazaya Yazıldı: 'admin-sistemi/src/pages/ChatPage.jsx'
[2026-07-22 00:56:19] [INFO] Maksimal AI Analiz Bazaya Yazıldı: 'admin-sistemi/src/pages/Dashboard.jsx'
[2026-07-22 00:56:20] [INFO] Maksimal AI Analiz Bazaya Yazıldı: 'admin-sistemi/src/pages/EmployeeDetails.jsx'
[2026-07-22 00:56:20] [INFO] Maksimal AI Analiz Bazaya Yazıldı: 'admin-sistemi/src/pages/Employees.jsx'
[2026-07-22 00:56:20] [INFO] Maksimal AI Analiz Bazaya Yazıldı: 'admin-sistemi/src/pages/Home.css'
[2026-07-22 00:56:20] [INFO] Maksimal AI Analiz Bazaya Yazıldı: 'admin-sistemi/src/pages/Home.jsx'
[2026-07-22 00:56:20] [INFO] Maksimal AI Analiz Bazaya Yazıldı: 'admin-sistemi/src/pages/Login.jsx'
[2026-07-22 00:56:21] [INFO] Maksimal AI Analiz Bazaya Yazıldı: 'admin-sistemi/src/pages/ProfilePage.jsx'
[2026-07-22 00:56:21] [INFO] Maksimal AI Analiz Bazaya Yazıldı: 'admin-sistemi/src/pages/Register.css'
[2026-07-22 00:56:21] [INFO] Maksimal AI Analiz Bazaya Yazıldı: 'admin-sistemi/src/pages/Register.jsx'
[2026-07-22 00:56:21] [INFO] Maksimal AI Analiz Bazaya Yazıldı: 'admin-sistemi/src/pages/ReportsPage.jsx'
[2026-07-22 00:56:21] [INFO] Maksimal AI Analiz Bazaya Yazıldı: 'admin-sistemi/src/pages/SecurityPage.jsx'
[2026-07-22 00:56:21] [INFO] Maksimal AI Analiz Bazaya Yazıldı: 'admin-sistemi/src/pages/SettingsPage.jsx'
[2026-07-22 00:56:22] [INFO] Maksimal AI Analiz Bazaya Yazıldı: 'admin-sistemi/src/pages/SetupCompany.jsx'
[2026-07-22 00:56:22] [INFO] Maksimal AI Analiz Bazaya Yazıldı: 'admin-sistemi/src/pages/TestCalendarPage.jsx'
[2026-07-22 00:56:22] [INFO] Maksimal AI Analiz Bazaya Yazıldı: 'admin-sistemi/src/pages/TestCardDesign.jsx'
[2026-07-22 00:56:22] [INFO] Maksimal AI Analiz Bazaya Yazıldı: 'admin-sistemi/src/pages/TestEmployees.jsx'
[2026-07-22 00:56:22] [INFO] Maksimal AI Analiz Bazaya Yazıldı: 'admin-sistemi/src/pages/TestLottie.jsx'
[2026-07-22 00:56:22] [INFO] Maksimal AI Analiz Bazaya Yazıldı: 'admin-sistemi/src/pages/TestProfilePage.jsx'
[2026-07-22 00:56:23] [INFO] Maksimal AI Analiz Bazaya Yazıldı: 'admin-sistemi/src/pages/VacationRequestsPage.jsx'
[2026-07-22 00:56:23] [INFO] Maksimal AI Analiz Bazaya Yazıldı: 'admin-sistemi/src/pages/AdminTools/AdminClientLogs.jsx'
[2026-07-22 00:56:23] [INFO] Maksimal AI Analiz Bazaya Yazıldı: 'admin-sistemi/src/pages/AdminTools/AdminManagement.jsx'
[2026-07-22 00:56:23] [INFO] Maksimal AI Analiz Bazaya Yazıldı: 'admin-sistemi/src/pages/AdminTools/AdminToolsPage.jsx'
[2026-07-22 00:56:23] [INFO] Maksimal AI Analiz Bazaya Yazıldı: 'admin-sistemi/src/pages/AdminTools/DictionaryManager.jsx'
[2026-07-22 00:56:23] [INFO] Maksimal AI Analiz Bazaya Yazıldı: 'admin-sistemi/src/pages/AdminTools/SystemTestManager.jsx'
[2026-07-22 00:56:24] [INFO] Maksimal AI Analiz Bazaya Yazıldı: 'admin-sistemi/src/pages/Notifications/NotificationsPage.jsx'
[2026-07-22 00:56:24] [INFO] Maksimal AI Analiz Bazaya Yazıldı: 'admin-sistemi/src/services/adminApi.js'
[2026-07-22 00:56:24] [INFO] Maksimal AI Analiz Bazaya Yazıldı: 'admin-sistemi/src/services/api.js'
[2026-07-22 00:56:24] [INFO] Maksimal AI Analiz Bazaya Yazıldı: 'admin-sistemi/src/services/errorReporter.js'
[2026-07-22 00:56:24] [INFO] Maksimal AI Analiz Bazaya Yazıldı: 'admin-sistemi/src/services/logService.js'
[2026-07-22 00:56:24] [INFO] Maksimal AI Analiz Bazaya Yazıldı: 'admin-sistemi/src/services/versionService.js'
[2026-07-22 00:56:25] [INFO] Maksimal AI Analiz Bazaya Yazıldı: 'admin-sistemi/src/test/apiService.test.js'
[2026-07-22 00:56:25] [INFO] Maksimal AI Analiz Bazaya Yazıldı: 'admin-sistemi/src/test/app_health.test.js'
[2026-07-22 00:56:25] [INFO] Maksimal AI Analiz Bazaya Yazıldı: 'admin-sistemi/src/test/login.test.jsx'
[2026-07-22 00:56:25] [INFO] Maksimal AI Analiz Bazaya Yazıldı: 'admin-sistemi/src/test/setup.js'
[2026-07-22 00:56:25] [INFO] Maksimal AI Analiz Bazaya Yazıldı: 'admin-sistemi/src/theme/design-system.css'
[2026-07-22 00:56:25] [INFO] Maksimal AI Analiz Bazaya Yazıldı: 'admin-sistemi/src/theme/theme.js'
[2026-07-22 00:56:26] [INFO] Maksimal AI Analiz Bazaya Yazıldı: 'admin-sistemi/src-tauri/Cargo.lock'
[2026-07-22 00:56:26] [INFO] Maksimal AI Analiz Bazaya Yazıldı: 'admin-sistemi/src-tauri/Cargo.toml'
[2026-07-22 00:56:26] [INFO] Maksimal AI Analiz Bazaya Yazıldı: 'admin-sistemi/src-tauri/build.rs'
[2026-07-22 00:56:26] [INFO] Maksimal AI Analiz Bazaya Yazıldı: 'admin-sistemi/src-tauri/build_err.log'
[2026-07-22 00:56:26] [INFO] Maksimal AI Analiz Bazaya Yazıldı: 'admin-sistemi/src-tauri/custom_api.txt'
[2026-07-22 00:56:26] [INFO] Maksimal AI Analiz Bazaya Yazıldı: 'admin-sistemi/src-tauri/error.log'
[2026-07-22 00:56:27] [INFO] Maksimal AI Analiz Bazaya Yazıldı: 'admin-sistemi/src-tauri/error_utf8.log'
[2026-07-22 00:56:27] [INFO] Maksimal AI Analiz Bazaya Yazıldı: 'admin-sistemi/src-tauri/extract_keys.py'
[2026-07-22 00:56:27] [INFO] Maksimal AI Analiz Bazaya Yazıldı: 'admin-sistemi/src-tauri/private.key'
[2026-07-22 00:56:27] [INFO] Maksimal AI Analiz Bazaya Yazıldı: 'admin-sistemi/src-tauri/public.key'
[2026-07-22 00:56:27] [INFO] Maksimal AI Analiz Bazaya Yazıldı: 'admin-sistemi/src-tauri/tauri.conf.json'
[2026-07-22 00:56:27] [INFO] Maksimal AI Analiz Bazaya Yazıldı: 'admin-sistemi/src-tauri/build/hooks.nsh'
[2026-07-22 00:56:28] [INFO] Maksimal AI Analiz Bazaya Yazıldı: 'admin-sistemi/src-tauri/capabilities/default.json'
[2026-07-22 00:56:28] [INFO] Maksimal AI Analiz Bazaya Yazıldı: 'admin-sistemi/src-tauri/gen/schemas/acl-manifests.json'
[2026-07-22 00:56:28] [INFO] Maksimal AI Analiz Bazaya Yazıldı: 'admin-sistemi/src-tauri/gen/schemas/capabilities.json'
[2026-07-22 00:56:28] [INFO] Maksimal AI Analiz Bazaya Yazıldı: 'admin-sistemi/src-tauri/gen/schemas/desktop-schema.json'
[2026-07-22 00:56:28] [INFO] Maksimal AI Analiz Bazaya Yazıldı: 'admin-sistemi/src-tauri/gen/schemas/windows-schema.json'
[2026-07-22 00:56:29] [INFO] Maksimal AI Analiz Bazaya Yazıldı: 'admin-sistemi/src-tauri/icons/128x128.png'
[2026-07-22 00:56:29] [INFO] Maksimal AI Analiz Bazaya Yazıldı: 'admin-sistemi/src-tauri/icons/128x128@2x.png'
[2026-07-22 00:56:29] [INFO] Maksimal AI Analiz Bazaya Yazıldı: 'admin-sistemi/src-tauri/icons/32x32.png'
[2026-07-22 00:56:30] [INFO] Maksimal AI Analiz Bazaya Yazıldı: 'admin-sistemi/src-tauri/icons/icon.icns'
[2026-07-22 00:56:30] [INFO] Maksimal AI Analiz Bazaya Yazıldı: 'admin-sistemi/src-tauri/icons/icon.ico'
[2026-07-22 00:56:30] [INFO] Maksimal AI Analiz Bazaya Yazıldı: 'admin-sistemi/src-tauri/icons/icon.png'
[2026-07-22 00:56:31] [INFO] Maksimal AI Analiz Bazaya Yazıldı: 'admin-sistemi/src-tauri/icons/icons.icns'
[2026-07-22 00:56:31] [INFO] Maksimal AI Analiz Bazaya Yazıldı: 'admin-sistemi/src-tauri/icons/icons.ico'
[2026-07-22 00:56:31] [INFO] Maksimal AI Analiz Bazaya Yazıldı: 'admin-sistemi/src-tauri/icons/icons.png'
[2026-07-22 00:56:31] [INFO] Maksimal AI Analiz Bazaya Yazıldı: 'admin-sistemi/src-tauri/settings/pre_install.nsh'
[2026-07-22 00:56:32] [INFO] Maksimal AI Analiz Bazaya Yazıldı: 'admin-sistemi/src-tauri/src/main.rs'
[2026-07-22 00:56:32] [INFO] Maksimal AI Analiz Bazaya Yazıldı: 'beledci/MUNDERICAT.md'
[2026-07-22 00:56:32] [INFO] Maksimal AI Analiz Bazaya Yazıldı: 'beledci/README.md'
[2026-07-22 00:56:32] [INFO] Maksimal AI Analiz Bazaya Yazıldı: 'beledci/YENILIKLER_PLAN.md'
[2026-07-22 00:56:32] [INFO] Maksimal AI Analiz Bazaya Yazıldı: 'beledci/YENILIKLER_PLAN_2.md'
[2026-07-22 00:56:38] [INFO] Maksimal AI Analiz Bazaya Yazıldı: 'beledci/beledci.html'
[2026-07-22 00:56:38] [INFO] Maksimal AI Analiz Bazaya Yazıldı: 'beledci/beledci.log'
[2026-07-22 00:56:38] [INFO] Maksimal AI Analiz Bazaya Yazıldı: 'beledci/beledci_generator.py'
[2026-07-22 00:56:42] [INFO] Maksimal AI Analiz Bazaya Yazıldı: 'beledci/beledci_kb.db'
[2026-07-22 00:56:43] [INFO] Maksimal AI Analiz Bazaya Yazıldı: 'beledci/descriptions.json'
[2026-07-22 00:56:43] [INFO] Maksimal AI Analiz Bazaya Yazıldı: 'docs/README.md'
[2026-07-22 00:56:43] [INFO] Maksimal AI Analiz Bazaya Yazıldı: 'github/repo_gui copy.py'
[2026-07-22 00:56:43] [INFO] Maksimal AI Analiz Bazaya Yazıldı: 'github/repo_gui.py'
[2026-07-22 00:56:43] [INFO] Maksimal AI Analiz Bazaya Yazıldı: 'github/repo_logs/log_2026-06-22.txt'
[2026-07-22 00:56:43] [INFO] Maksimal AI Analiz Bazaya Yazıldı: 'github/repo_logs/log_2026-07-01.txt'
[2026-07-22 00:56:44] [INFO] Maksimal AI Analiz Bazaya Yazıldı: 'github/repo_logs/log_2026-07-05.txt'
[2026-07-22 00:56:44] [INFO] Maksimal AI Analiz Bazaya Yazıldı: 'github/repo_logs/log_2026-07-06.txt'
[2026-07-22 00:56:44] [INFO] Maksimal AI Analiz Bazaya Yazıldı: 'github/repo_logs/log_2026-07-07.txt'
[2026-07-22 00:56:44] [INFO] Maksimal AI Analiz Bazaya Yazıldı: 'github/repo_logs/log_2026-07-08.txt'
[2026-07-22 00:56:44] [INFO] Maksimal AI Analiz Bazaya Yazıldı: 'github/repo_logs/log_2026-07-09.txt'
[2026-07-22 00:56:45] [INFO] Maksimal AI Analiz Bazaya Yazıldı: 'github/repo_logs/log_2026-07-10.txt'
[2026-07-22 00:56:46] [INFO] Maksimal AI Analiz Bazaya Yazıldı: 'github/repo_logs/log_2026-07-11.txt'
[2026-07-22 00:56:46] [INFO] Maksimal AI Analiz Bazaya Yazıldı: 'github/repo_logs/log_2026-07-12.txt'
[2026-07-22 00:56:46] [INFO] Maksimal AI Analiz Bazaya Yazıldı: 'github/repo_logs/log_2026-07-13.txt'
[2026-07-22 00:56:46] [INFO] Maksimal AI Analiz Bazaya Yazıldı: 'github/repo_logs/log_2026-07-14.txt'
[2026-07-22 00:56:46] [INFO] Maksimal AI Analiz Bazaya Yazıldı: 'github/repo_logs/log_2026-07-16.txt'
[2026-07-22 00:56:46] [INFO] Maksimal AI Analiz Bazaya Yazıldı: 'github/repo_logs/log_2026-07-19.txt'
[2026-07-22 00:56:46] [INFO] Maksimal AI Analiz Bazaya Yazıldı: 'github/repo_logs/log_2026-07-20.txt'
[2026-07-22 00:56:47] [INFO] Maksimal AI Analiz Bazaya Yazıldı: 'github/repo_logs/log_2026-07-21.txt'
[2026-07-22 00:56:47] [INFO] Maksimal AI Analiz Bazaya Yazıldı: 'mezuniyyet/MIGRATION_GUIDE.md'
[2026-07-22 00:56:47] [INFO] Maksimal AI Analiz Bazaya Yazıldı: 'mezuniyyet/NEXT_AGENT_INSTRUCTIONS.md'
[2026-07-22 00:56:47] [INFO] Maksimal AI Analiz Bazaya Yazıldı: 'mezuniyyet/beledci_mema.md'
[2026-07-22 00:56:47] [INFO] Maksimal AI Analiz Bazaya Yazıldı: 'mezuniyyet/build_and_push_app.py'
[2026-07-22 00:56:47] [INFO] Maksimal AI Analiz Bazaya Yazıldı: 'mezuniyyet/build_log.md'
[2026-07-22 00:56:48] [INFO] Maksimal AI Analiz Bazaya Yazıldı: 'mezuniyyet/custom_api.txt'
[2026-07-22 00:56:48] [INFO] Maksimal AI Analiz Bazaya Yazıldı: 'mezuniyyet/gelecek_planlar.md'
[2026-07-22 00:56:48] [INFO] Maksimal AI Analiz Bazaya Yazıldı: 'mezuniyyet/history_manager.py'
[2026-07-22 00:56:48] [INFO] Maksimal AI Analiz Bazaya Yazıldı: 'mezuniyyet/mema.md'
[2026-07-22 00:56:48] [INFO] Maksimal AI Analiz Bazaya Yazıldı: 'mezuniyyet/mezuniyyet-rust-taurisiz-olan.code-workspace'
[2026-07-22 00:56:48] [INFO] Maksimal AI Analiz Bazaya Yazıldı: 'mezuniyyet/run_app.py'
[2026-07-22 00:56:49] [INFO] Maksimal AI Analiz Bazaya Yazıldı: 'mezuniyyet/tauri_simulator.py'
[2026-07-22 00:56:49] [INFO] Maksimal AI Analiz Bazaya Yazıldı: 'mezuniyyet/test_smart_gate.py'
[2026-07-22 00:56:49] [INFO] Maksimal AI Analiz Bazaya Yazıldı: 'mezuniyyet/update_debug.py'
[2026-07-22 00:56:49] [INFO] Maksimal AI Analiz Bazaya Yazıldı: 'mezuniyyet/cloudflare-gate/wrangler.toml'
[2026-07-22 00:56:49] [INFO] Maksimal AI Analiz Bazaya Yazıldı: 'mezuniyyet/cloudflare-gate/src/index.js'
[2026-07-22 00:56:49] [INFO] Maksimal AI Analiz Bazaya Yazıldı: 'mezuniyyet/dizayn/index.html'
[2026-07-22 00:56:49] [INFO] Maksimal AI Analiz Bazaya Yazıldı: 'mezuniyyet/dizayn/script.js'
[2026-07-22 00:56:50] [INFO] Maksimal AI Analiz Bazaya Yazıldı: 'mezuniyyet/dizayn/style.css'
[2026-07-22 00:56:50] [INFO] Maksimal AI Analiz Bazaya Yazıldı: 'mezuniyyet/docs/MIGRATION_GUIDE.md'
[2026-07-22 00:56:50] [INFO] Maksimal AI Analiz Bazaya Yazıldı: 'mezuniyyet/docs/NEXT_AGENT_INSTRUCTIONS.md'
[2026-07-22 00:56:50] [INFO] Maksimal AI Analiz Bazaya Yazıldı: 'mezuniyyet/docs/beledci_mema.md'
[2026-07-22 00:56:50] [INFO] Maksimal AI Analiz Bazaya Yazıldı: 'mezuniyyet/docs/build_log.md'
[2026-07-22 00:56:50] [INFO] Maksimal AI Analiz Bazaya Yazıldı: 'mezuniyyet/docs/external-games__client__README.md'
[2026-07-22 00:56:51] [INFO] Maksimal AI Analiz Bazaya Yazıldı: 'mezuniyyet/docs/gelecek_planlar.md'
[2026-07-22 00:56:51] [INFO] Maksimal AI Analiz Bazaya Yazıldı: 'mezuniyyet/docs/mema.md'
[2026-07-22 00:56:51] [INFO] Maksimal AI Analiz Bazaya Yazıldı: 'mezuniyyet/docs/tests__README.md'
[2026-07-22 00:56:51] [INFO] Maksimal AI Analiz Bazaya Yazıldı: 'mezuniyyet/docs/tests__TEST_BASLAMA_REHBERI.md'
[2026-07-22 00:56:51] [INFO] Maksimal AI Analiz Bazaya Yazıldı: 'mezuniyyet/external-games/client/README.md'
[2026-07-22 00:56:51] [INFO] Maksimal AI Analiz Bazaya Yazıldı: 'mezuniyyet/external-games/client/eslint.config.js'
[2026-07-22 00:56:51] [INFO] Maksimal AI Analiz Bazaya Yazıldı: 'mezuniyyet/external-games/client/index.html'
[2026-07-22 00:56:52] [INFO] Maksimal AI Analiz Bazaya Yazıldı: 'mezuniyyet/external-games/client/package-lock.json'
[2026-07-22 00:56:52] [INFO] Maksimal AI Analiz Bazaya Yazıldı: 'mezuniyyet/external-games/client/package.json'
[2026-07-22 00:56:52] [INFO] Maksimal AI Analiz Bazaya Yazıldı: 'mezuniyyet/external-games/client/vite.config.js'
[2026-07-22 00:56:52] [INFO] Maksimal AI Analiz Bazaya Yazıldı: 'mezuniyyet/external-games/client/public/favicon.svg'
[2026-07-22 00:56:52] [INFO] Maksimal AI Analiz Bazaya Yazıldı: 'mezuniyyet/external-games/client/public/icons.svg'
[2026-07-22 00:56:52] [INFO] Maksimal AI Analiz Bazaya Yazıldı: 'mezuniyyet/external-games/client/src/App.css'
[2026-07-22 00:56:53] [INFO] Maksimal AI Analiz Bazaya Yazıldı: 'mezuniyyet/external-games/client/src/App.jsx'
[2026-07-22 00:56:53] [INFO] Maksimal AI Analiz Bazaya Yazıldı: 'mezuniyyet/external-games/client/src/SocketContext.jsx'
[2026-07-22 00:56:53] [INFO] Maksimal AI Analiz Bazaya Yazıldı: 'mezuniyyet/external-games/client/src/index.css'
[2026-07-22 00:56:53] [INFO] Maksimal AI Analiz Bazaya Yazıldı: 'mezuniyyet/external-games/client/src/main.jsx'
[2026-07-22 00:56:53] [INFO] Maksimal AI Analiz Bazaya Yazıldı: 'mezuniyyet/external-games/client/src/assets/hero.png'
[2026-07-22 00:56:53] [INFO] Maksimal AI Analiz Bazaya Yazıldı: 'mezuniyyet/external-games/client/src/assets/react.svg'
[2026-07-22 00:56:53] [INFO] Maksimal AI Analiz Bazaya Yazıldı: 'mezuniyyet/external-games/client/src/assets/vite.svg'
[2026-07-22 00:56:54] [INFO] Maksimal AI Analiz Bazaya Yazıldı: 'mezuniyyet/external-games/client/src/components/Games/TicTacToe/Board.jsx'
[2026-07-22 00:56:54] [INFO] Maksimal AI Analiz Bazaya Yazıldı: 'mezuniyyet/external-games/client/src/components/Games/TicTacToe/Dice3D.jsx'
[2026-07-22 00:56:54] [INFO] Maksimal AI Analiz Bazaya Yazıldı: 'mezuniyyet/external-games/client/src/components/Games/TicTacToe/DiceOverlay.jsx'
[2026-07-22 00:56:54] [INFO] Maksimal AI Analiz Bazaya Yazıldı: 'mezuniyyet/external-games/client/src/components/Games/TicTacToe/TicTacToe.jsx'
[2026-07-22 00:56:54] [INFO] Maksimal AI Analiz Bazaya Yazıldı: 'mezuniyyet/external-games/server/index.js'
[2026-07-22 00:56:54] [INFO] Maksimal AI Analiz Bazaya Yazıldı: 'mezuniyyet/external-games/server/package-lock.json'
[2026-07-22 00:56:54] [INFO] Maksimal AI Analiz Bazaya Yazıldı: 'mezuniyyet/external-games/server/package.json'
[2026-07-22 00:56:55] [INFO] Maksimal AI Analiz Bazaya Yazıldı: 'mezuniyyet/external-games/server/unban.js'
[2026-07-22 00:56:55] [INFO] Maksimal AI Analiz Bazaya Yazıldı: 'mezuniyyet/private key game/ssh-key-2026-06-15 (5).key'
[2026-07-22 00:56:55] [INFO] Maksimal AI Analiz Bazaya Yazıldı: 'mezuniyyet/requirements/requirements-dev.txt'
[2026-07-22 00:56:55] [INFO] Maksimal AI Analiz Bazaya Yazıldı: 'mezuniyyet/requirements/requirements-lock.txt'
[2026-07-22 00:56:55] [INFO] Maksimal AI Analiz Bazaya Yazıldı: 'mezuniyyet/requirements/requirements.txt'
[2026-07-22 00:56:55] [INFO] Maksimal AI Analiz Bazaya Yazıldı: 'mezuniyyet/rust-sistemi/add-defender-exclusion.ps1'
[2026-07-22 00:56:56] [INFO] Maksimal AI Analiz Bazaya Yazıldı: 'mezuniyyet/rust-sistemi/custom_api.txt'
[2026-07-22 00:56:56] [INFO] Maksimal AI Analiz Bazaya Yazıldı: 'mezuniyyet/rust-sistemi/dummy_test.txt.sig'
[2026-07-22 00:56:56] [INFO] Maksimal AI Analiz Bazaya Yazıldı: 'mezuniyyet/rust-sistemi/eslint.config.js'
[2026-07-22 00:56:56] [INFO] Maksimal AI Analiz Bazaya Yazıldı: 'mezuniyyet/rust-sistemi/generate_print_designs.cjs'
[2026-07-22 00:56:56] [INFO] Maksimal AI Analiz Bazaya Yazıldı: 'mezuniyyet/rust-sistemi/icon.png'
[2026-07-22 00:56:56] [INFO] Maksimal AI Analiz Bazaya Yazıldı: 'mezuniyyet/rust-sistemi/index.html'
[2026-07-22 00:56:57] [INFO] Maksimal AI Analiz Bazaya Yazıldı: 'mezuniyyet/rust-sistemi/package-lock.json'
[2026-07-22 00:56:57] [INFO] Maksimal AI Analiz Bazaya Yazıldı: 'mezuniyyet/rust-sistemi/package.json'
[2026-07-22 00:56:57] [INFO] Maksimal AI Analiz Bazaya Yazıldı: 'mezuniyyet/rust-sistemi/start_dev.bat'
[2026-07-22 00:56:57] [INFO] Maksimal AI Analiz Bazaya Yazıldı: 'mezuniyyet/rust-sistemi/vite.config.js'
[2026-07-22 00:56:57] [INFO] Maksimal AI Analiz Bazaya Yazıldı: 'mezuniyyet/rust-sistemi/new-api/Cargo.lock'
[2026-07-22 00:56:57] [INFO] Maksimal AI Analiz Bazaya Yazıldı: 'mezuniyyet/rust-sistemi/new-api/Cargo.toml'
[2026-07-22 00:56:58] [INFO] Maksimal AI Analiz Bazaya Yazıldı: 'mezuniyyet/rust-sistemi/new-api/Dockerfile'
[2026-07-22 00:56:58] [INFO] Maksimal AI Analiz Bazaya Yazıldı: 'mezuniyyet/rust-sistemi/new-api/build_and_deploy_api_local.py'
[2026-07-22 00:56:58] [INFO] Maksimal AI Analiz Bazaya Yazıldı: 'mezuniyyet/rust-sistemi/new-api/check2.txt'
[2026-07-22 00:56:58] [INFO] Maksimal AI Analiz Bazaya Yazıldı: 'mezuniyyet/rust-sistemi/new-api/check_errors.txt'
[2026-07-22 00:56:58] [INFO] Maksimal AI Analiz Bazaya Yazıldı: 'mezuniyyet/rust-sistemi/new-api/check_output.txt'
[2026-07-22 00:56:58] [INFO] Maksimal AI Analiz Bazaya Yazıldı: 'mezuniyyet/rust-sistemi/new-api/check_output_utf8.txt'
[2026-07-22 00:56:58] [INFO] Maksimal AI Analiz Bazaya Yazıldı: 'mezuniyyet/rust-sistemi/new-api/check_stderr.txt'
[2026-07-22 00:56:59] [INFO] Maksimal AI Analiz Bazaya Yazıldı: 'mezuniyyet/rust-sistemi/new-api/check_stdout.txt'
[2026-07-22 00:56:59] [INFO] Maksimal AI Analiz Bazaya Yazıldı: 'mezuniyyet/rust-sistemi/new-api/error.log'
[2026-07-22 00:56:59] [INFO] Maksimal AI Analiz Bazaya Yazıldı: 'mezuniyyet/rust-sistemi/new-api/error_ansi.txt'
[2026-07-22 00:56:59] [INFO] Maksimal AI Analiz Bazaya Yazıldı: 'mezuniyyet/rust-sistemi/new-api/errors.log'
[2026-07-22 00:56:59] [INFO] Maksimal AI Analiz Bazaya Yazıldı: 'mezuniyyet/rust-sistemi/new-api/errors.txt'
[2026-07-22 00:56:59] [INFO] Maksimal AI Analiz Bazaya Yazıldı: 'mezuniyyet/rust-sistemi/new-api/errors_json.log'
[2026-07-22 00:57:00] [INFO] Maksimal AI Analiz Bazaya Yazıldı: 'mezuniyyet/rust-sistemi/new-api/errors_utf8.log'
[2026-07-22 00:57:00] [INFO] Maksimal AI Analiz Bazaya Yazıldı: 'mezuniyyet/rust-sistemi/new-api/errors_utf8.txt'
[2026-07-22 00:57:00] [INFO] Maksimal AI Analiz Bazaya Yazıldı: 'mezuniyyet/rust-sistemi/new-api/last_test_run.log'
[2026-07-22 00:57:00] [INFO] Maksimal AI Analiz Bazaya Yazıldı: 'mezuniyyet/rust-sistemi/new-api/read_log.py'
[2026-07-22 00:57:00] [INFO] Maksimal AI Analiz Bazaya Yazıldı: 'mezuniyyet/rust-sistemi/new-api/render.yaml'
[2026-07-22 00:57:00] [INFO] Maksimal AI Analiz Bazaya Yazıldı: 'mezuniyyet/rust-sistemi/new-api/test_results.log'
[2026-07-22 00:57:00] [INFO] Maksimal AI Analiz Bazaya Yazıldı: 'mezuniyyet/rust-sistemi/new-api/tests_output.log'
[2026-07-22 00:57:01] [INFO] Maksimal AI Analiz Bazaya Yazıldı: 'mezuniyyet/rust-sistemi/new-api/logs/client_logs_2026-06-01.jsonl'
[2026-07-22 00:57:01] [INFO] Maksimal AI Analiz Bazaya Yazıldı: 'mezuniyyet/rust-sistemi/new-api/logs/client_logs_2026-06-02.jsonl'
[2026-07-22 00:57:01] [INFO] Maksimal AI Analiz Bazaya Yazıldı: 'mezuniyyet/rust-sistemi/new-api/logs/client_logs_2026-06-03.jsonl'
[2026-07-22 00:57:01] [INFO] Maksimal AI Analiz Bazaya Yazıldı: 'mezuniyyet/rust-sistemi/new-api/logs/client_logs_2026-06-04.jsonl'
[2026-07-22 00:57:02] [INFO] Maksimal AI Analiz Bazaya Yazıldı: 'mezuniyyet/rust-sistemi/new-api/logs/client_logs_2026-06-05.jsonl'
[2026-07-22 00:57:02] [INFO] Maksimal AI Analiz Bazaya Yazıldı: 'mezuniyyet/rust-sistemi/new-api/logs/client_logs_2026-06-08.jsonl'
[2026-07-22 00:57:02] [INFO] Maksimal AI Analiz Bazaya Yazıldı: 'mezuniyyet/rust-sistemi/new-api/logs/client_logs_2026-06-09.jsonl'
[2026-07-22 00:57:03] [INFO] Maksimal AI Analiz Bazaya Yazıldı: 'mezuniyyet/rust-sistemi/new-api/logs/client_logs_2026-06-10.jsonl'
[2026-07-22 00:57:03] [INFO] Maksimal AI Analiz Bazaya Yazıldı: 'mezuniyyet/rust-sistemi/new-api/logs/client_logs_2026-06-11.jsonl'
[2026-07-22 00:57:03] [INFO] Maksimal AI Analiz Bazaya Yazıldı: 'mezuniyyet/rust-sistemi/new-api/logs/client_logs_2026-06-15.jsonl'
[2026-07-22 00:57:04] [INFO] Maksimal AI Analiz Bazaya Yazıldı: 'mezuniyyet/rust-sistemi/new-api/logs/client_logs_2026-06-16.jsonl'
[2026-07-22 00:57:04] [INFO] Maksimal AI Analiz Bazaya Yazıldı: 'mezuniyyet/rust-sistemi/new-api/logs/client_logs_2026-06-19.jsonl'
[2026-07-22 00:57:04] [INFO] Maksimal AI Analiz Bazaya Yazıldı: 'mezuniyyet/rust-sistemi/new-api/logs/client_logs_2026-06-21.jsonl'
[2026-07-22 00:57:04] [INFO] Maksimal AI Analiz Bazaya Yazıldı: 'mezuniyyet/rust-sistemi/new-api/logs/client_logs_2026-06-29.jsonl'
[2026-07-22 00:57:05] [INFO] Maksimal AI Analiz Bazaya Yazıldı: 'mezuniyyet/rust-sistemi/new-api/logs/client_logs_2026-07-10.jsonl'
[2026-07-22 00:57:05] [INFO] Maksimal AI Analiz Bazaya Yazıldı: 'mezuniyyet/rust-sistemi/new-api/logs/client_logs_2026-07-11.jsonl'
[2026-07-22 00:57:05] [INFO] Maksimal AI Analiz Bazaya Yazıldı: 'mezuniyyet/rust-sistemi/new-api/logs/client_logs_2026-07-12.jsonl'
[2026-07-22 00:57:06] [INFO] Maksimal AI Analiz Bazaya Yazıldı: 'mezuniyyet/rust-sistemi/new-api/logs/client_logs_2026-07-20.jsonl'
[2026-07-22 00:57:06] [INFO] Maksimal AI Analiz Bazaya Yazıldı: 'mezuniyyet/rust-sistemi/new-api/logs/client_logs_2026-07-21.jsonl'
[2026-07-22 00:57:06] [INFO] Maksimal AI Analiz Bazaya Yazıldı: 'mezuniyyet/rust-sistemi/new-api/migrations/20240101000000_init.sql'
[2026-07-22 00:57:06] [INFO] Maksimal AI Analiz Bazaya Yazıldı: 'mezuniyyet/rust-sistemi/new-api/migrations/20260107_expand_chat_schema.sql'
[2026-07-22 00:57:06] [INFO] Maksimal AI Analiz Bazaya Yazıldı: 'mezuniyyet/rust-sistemi/new-api/migrations/20260710000000_setup_tokens.sql'
[2026-07-22 00:57:06] [INFO] Maksimal AI Analiz Bazaya Yazıldı: 'mezuniyyet/rust-sistemi/new-api/src/db.rs'
[2026-07-22 00:57:06] [INFO] Maksimal AI Analiz Bazaya Yazıldı: 'mezuniyyet/rust-sistemi/new-api/src/handlers.rs'
[2026-07-22 00:57:07] [INFO] Maksimal AI Analiz Bazaya Yazıldı: 'mezuniyyet/rust-sistemi/new-api/src/main.rs'
[2026-07-22 00:57:07] [INFO] Maksimal AI Analiz Bazaya Yazıldı: 'mezuniyyet/rust-sistemi/new-api/src/migrations.rs'
[2026-07-22 00:57:07] [INFO] Maksimal AI Analiz Bazaya Yazıldı: 'mezuniyyet/rust-sistemi/new-api/src/models.rs'
[2026-07-22 00:57:07] [INFO] Maksimal AI Analiz Bazaya Yazıldı: 'mezuniyyet/rust-sistemi/new-api/src/tests_integration.rs'
[2026-07-22 00:57:07] [INFO] Maksimal AI Analiz Bazaya Yazıldı: 'mezuniyyet/rust-sistemi/new-api/src/utils.rs'
[2026-07-22 00:57:07] [INFO] Maksimal AI Analiz Bazaya Yazıldı: 'mezuniyyet/rust-sistemi/new-api/src/handlers/admin.rs'
[2026-07-22 00:57:08] [INFO] Maksimal AI Analiz Bazaya Yazıldı: 'mezuniyyet/rust-sistemi/new-api/src/handlers/auth.rs'
[2026-07-22 00:57:08] [INFO] Maksimal AI Analiz Bazaya Yazıldı: 'mezuniyyet/rust-sistemi/new-api/src/handlers/business.rs'
[2026-07-22 00:57:08] [INFO] Maksimal AI Analiz Bazaya Yazıldı: 'mezuniyyet/rust-sistemi/new-api/src/handlers/chat.rs'
[2026-07-22 00:57:08] [INFO] Maksimal AI Analiz Bazaya Yazıldı: 'mezuniyyet/rust-sistemi/new-api/src/handlers/client_logs.rs'
[2026-07-22 00:57:08] [INFO] Maksimal AI Analiz Bazaya Yazıldı: 'mezuniyyet/rust-sistemi/new-api/src/handlers/dashboard.rs'
[2026-07-22 00:57:08] [INFO] Maksimal AI Analiz Bazaya Yazıldı: 'mezuniyyet/rust-sistemi/new-api/src/handlers/employees.rs'
[2026-07-22 00:57:08] [INFO] Maksimal AI Analiz Bazaya Yazıldı: 'mezuniyyet/rust-sistemi/new-api/src/handlers/errors.rs'
[2026-07-22 00:57:09] [INFO] Maksimal AI Analiz Bazaya Yazıldı: 'mezuniyyet/rust-sistemi/new-api/src/handlers/notification.rs'
[2026-07-22 00:57:09] [INFO] Maksimal AI Analiz Bazaya Yazıldı: 'mezuniyyet/rust-sistemi/new-api/src/handlers/notifications.rs'
[2026-07-22 00:57:09] [INFO] Maksimal AI Analiz Bazaya Yazıldı: 'mezuniyyet/rust-sistemi/new-api/src/handlers/profile.rs'
[2026-07-22 00:57:09] [INFO] Maksimal AI Analiz Bazaya Yazıldı: 'mezuniyyet/rust-sistemi/new-api/src/handlers/super_admin.rs'
[2026-07-22 00:57:09] [INFO] Maksimal AI Analiz Bazaya Yazıldı: 'mezuniyyet/rust-sistemi/new-api/src/handlers/tenant.rs'
[2026-07-22 00:57:09] [INFO] Maksimal AI Analiz Bazaya Yazıldı: 'mezuniyyet/rust-sistemi/new-api/src/handlers/tenants.rs'
[2026-07-22 00:57:10] [INFO] Maksimal AI Analiz Bazaya Yazıldı: 'mezuniyyet/rust-sistemi/new-api/src/handlers/vacations.rs'
[2026-07-22 00:57:10] [INFO] Maksimal AI Analiz Bazaya Yazıldı: 'mezuniyyet/rust-sistemi/new-api/src/handlers/version.rs'
[2026-07-22 00:57:10] [INFO] Maksimal AI Analiz Bazaya Yazıldı: 'mezuniyyet/rust-sistemi/new-api/src/handlers/websocket.rs'
[2026-07-22 00:57:10] [INFO] Maksimal AI Analiz Bazaya Yazıldı: 'mezuniyyet/rust-sistemi/new-api/src/middleware/admin.rs'
[2026-07-22 00:57:10] [INFO] Maksimal AI Analiz Bazaya Yazıldı: 'mezuniyyet/rust-sistemi/new-api/src/middleware/auth.rs'
[2026-07-22 00:57:10] [INFO] Maksimal AI Analiz Bazaya Yazıldı: 'mezuniyyet/rust-sistemi/new-api/src/middleware/gateway_auth.rs'
[2026-07-22 00:57:10] [INFO] Maksimal AI Analiz Bazaya Yazıldı: 'mezuniyyet/rust-sistemi/new-api/src/middleware/ip.rs'
[2026-07-22 00:57:11] [INFO] Maksimal AI Analiz Bazaya Yazıldı: 'mezuniyyet/rust-sistemi/new-api/src/middleware/logger.rs'
[2026-07-22 00:57:11] [INFO] Maksimal AI Analiz Bazaya Yazıldı: 'mezuniyyet/rust-sistemi/new-api/src/middleware/mod.rs'
[2026-07-22 00:57:11] [INFO] Maksimal AI Analiz Bazaya Yazıldı: 'mezuniyyet/rust-sistemi/new-api/src/middleware/rate_limit.rs'
[2026-07-22 00:57:11] [INFO] Maksimal AI Analiz Bazaya Yazıldı: 'mezuniyyet/rust-sistemi/new-api/src/middleware/rate_limit_tracker.rs'
[2026-07-22 00:57:11] [INFO] Maksimal AI Analiz Bazaya Yazıldı: 'mezuniyyet/rust-sistemi/new-api/src/middleware/server_logger.rs'
[2026-07-22 00:57:11] [INFO] Maksimal AI Analiz Bazaya Yazıldı: 'mezuniyyet/rust-sistemi/public/Airplane.json'
[2026-07-22 00:57:12] [INFO] Maksimal AI Analiz Bazaya Yazıldı: 'mezuniyyet/rust-sistemi/public/calendar_design.html'
[2026-07-22 00:57:12] [INFO] Maksimal AI Analiz Bazaya Yazıldı: 'mezuniyyet/rust-sistemi/public/home_design.html'
[2026-07-22 00:57:12] [INFO] Maksimal AI Analiz Bazaya Yazıldı: 'mezuniyyet/rust-sistemi/public/log_designs.html'
[2026-07-22 00:57:12] [INFO] Maksimal AI Analiz Bazaya Yazıldı: 'mezuniyyet/rust-sistemi/public/splash.html'
[2026-07-22 00:57:12] [INFO] Maksimal AI Analiz Bazaya Yazıldı: 'mezuniyyet/rust-sistemi/public/test_airplane.html'
[2026-07-22 00:57:12] [INFO] Maksimal AI Analiz Bazaya Yazıldı: 'mezuniyyet/rust-sistemi/public/test_lottie.html'
[2026-07-22 00:57:13] [INFO] Maksimal AI Analiz Bazaya Yazıldı: 'mezuniyyet/rust-sistemi/public/test_print.html'
[2026-07-22 00:57:13] [INFO] Maksimal AI Analiz Bazaya Yazıldı: 'mezuniyyet/rust-sistemi/public/splash-animations/lego.html'
[2026-07-22 00:57:13] [INFO] Maksimal AI Analiz Bazaya Yazıldı: 'mezuniyyet/rust-sistemi/public/splash-animations/tree.html'
[2026-07-22 00:57:13] [INFO] Maksimal AI Analiz Bazaya Yazıldı: 'mezuniyyet/rust-sistemi/src/App.jsx'
[2026-07-22 00:57:13] [INFO] Maksimal AI Analiz Bazaya Yazıldı: 'mezuniyyet/rust-sistemi/src/index.css'
[2026-07-22 00:57:13] [INFO] Maksimal AI Analiz Bazaya Yazıldı: 'mezuniyyet/rust-sistemi/src/main.jsx'
[2026-07-22 00:57:13] [INFO] Maksimal AI Analiz Bazaya Yazıldı: 'mezuniyyet/rust-sistemi/src/components/AnimatedLoader.css'
[2026-07-22 00:57:14] [INFO] Maksimal AI Analiz Bazaya Yazıldı: 'mezuniyyet/rust-sistemi/src/components/AnimatedLoader.css.map'
[2026-07-22 00:57:14] [INFO] Maksimal AI Analiz Bazaya Yazıldı: 'mezuniyyet/rust-sistemi/src/components/AnimatedLoader.jsx'
[2026-07-22 00:57:14] [INFO] Maksimal AI Analiz Bazaya Yazıldı: 'mezuniyyet/rust-sistemi/src/components/CardCustomizerOverlay.jsx'
[2026-07-22 00:57:14] [INFO] Maksimal AI Analiz Bazaya Yazıldı: 'mezuniyyet/rust-sistemi/src/components/CreepyButton.css'
[2026-07-22 00:57:14] [INFO] Maksimal AI Analiz Bazaya Yazıldı: 'mezuniyyet/rust-sistemi/src/components/CreepyButton.jsx'
[2026-07-22 00:57:15] [INFO] Maksimal AI Analiz Bazaya Yazıldı: 'mezuniyyet/rust-sistemi/src/components/DebugConsole.jsx'
[2026-07-22 00:57:15] [INFO] Maksimal AI Analiz Bazaya Yazıldı: 'mezuniyyet/rust-sistemi/src/components/DebugToggleButton.jsx'
[2026-07-22 00:57:15] [INFO] Maksimal AI Analiz Bazaya Yazıldı: 'mezuniyyet/rust-sistemi/src/components/EditEmployeeModal.jsx'
[2026-07-22 00:57:15] [INFO] Maksimal AI Analiz Bazaya Yazıldı: 'mezuniyyet/rust-sistemi/src/components/EmployeeFormDialog.jsx'
[2026-07-22 00:57:15] [INFO] Maksimal AI Analiz Bazaya Yazıldı: 'mezuniyyet/rust-sistemi/src/components/ErrorBoundary.jsx'
[2026-07-22 00:57:15] [INFO] Maksimal AI Analiz Bazaya Yazıldı: 'mezuniyyet/rust-sistemi/src/components/Footer.jsx'
[2026-07-22 00:57:15] [INFO] Maksimal AI Analiz Bazaya Yazıldı: 'mezuniyyet/rust-sistemi/src/components/LeafTransition.jsx'
[2026-07-22 00:57:16] [INFO] Maksimal AI Analiz Bazaya Yazıldı: 'mezuniyyet/rust-sistemi/src/components/ProtectedRoute.jsx'
[2026-07-22 00:57:16] [INFO] Maksimal AI Analiz Bazaya Yazıldı: 'mezuniyyet/rust-sistemi/src/components/RateLimitOverlay.jsx'
[2026-07-22 00:57:16] [INFO] Maksimal AI Analiz Bazaya Yazıldı: 'mezuniyyet/rust-sistemi/src/components/TableToolbar.jsx'
[2026-07-22 00:57:16] [INFO] Maksimal AI Analiz Bazaya Yazıldı: 'mezuniyyet/rust-sistemi/src/components/TopBar.jsx'
[2026-07-22 00:57:16] [INFO] Maksimal AI Analiz Bazaya Yazıldı: 'mezuniyyet/rust-sistemi/src/components/UpdateNotification.jsx'
[2026-07-22 00:57:16] [INFO] Maksimal AI Analiz Bazaya Yazıldı: 'mezuniyyet/rust-sistemi/src/components/VacationCalendar.jsx'
[2026-07-22 00:57:16] [INFO] Maksimal AI Analiz Bazaya Yazıldı: 'mezuniyyet/rust-sistemi/src/components/VacationCalendar_backup.jsx'
[2026-07-22 00:57:17] [INFO] Maksimal AI Analiz Bazaya Yazıldı: 'mezuniyyet/rust-sistemi/src/components/auth/LoginPage.jsx'
[2026-07-22 00:57:17] [INFO] Maksimal AI Analiz Bazaya Yazıldı: 'mezuniyyet/rust-sistemi/src/components/calendar/CalendarPage.jsx'
[2026-07-22 00:57:17] [INFO] Maksimal AI Analiz Bazaya Yazıldı: 'mezuniyyet/rust-sistemi/src/components/common/LoadingOverlay.jsx'
[2026-07-22 00:57:17] [INFO] Maksimal AI Analiz Bazaya Yazıldı: 'mezuniyyet/rust-sistemi/src/components/common/ServerAwakening.jsx'
[2026-07-22 00:57:17] [INFO] Maksimal AI Analiz Bazaya Yazıldı: 'mezuniyyet/rust-sistemi/src/components/common/SplashScreen.jsx'
[2026-07-22 00:57:17] [INFO] Maksimal AI Analiz Bazaya Yazıldı: 'mezuniyyet/rust-sistemi/src/components/dashboard/DashboardPage.jsx'
[2026-07-22 00:57:18] [INFO] Maksimal AI Analiz Bazaya Yazıldı: 'mezuniyyet/rust-sistemi/src/components/employees/EmployeeList.jsx'
[2026-07-22 00:57:18] [INFO] Maksimal AI Analiz Bazaya Yazıldı: 'mezuniyyet/rust-sistemi/src/components/Games/ExternalGameWindow.jsx'
[2026-07-22 00:57:18] [INFO] Maksimal AI Analiz Bazaya Yazıldı: 'mezuniyyet/rust-sistemi/src/components/Games/TicTacToe/Board.jsx'
[2026-07-22 00:57:18] [INFO] Maksimal AI Analiz Bazaya Yazıldı: 'mezuniyyet/rust-sistemi/src/components/Games/TicTacToe/Dice3D.jsx'
[2026-07-22 00:57:18] [INFO] Maksimal AI Analiz Bazaya Yazıldı: 'mezuniyyet/rust-sistemi/src/components/Games/TicTacToe/DiceOverlay.jsx'
[2026-07-22 00:57:18] [INFO] Maksimal AI Analiz Bazaya Yazıldı: 'mezuniyyet/rust-sistemi/src/components/Games/TicTacToe/TicTacToe.jsx'
[2026-07-22 00:57:19] [INFO] Maksimal AI Analiz Bazaya Yazıldı: 'mezuniyyet/rust-sistemi/src/components/layout/AppLayout.jsx'
[2026-07-22 00:57:19] [INFO] Maksimal AI Analiz Bazaya Yazıldı: 'mezuniyyet/rust-sistemi/src/components/settings/SettingsPage.jsx'
[2026-07-22 00:57:19] [INFO] Maksimal AI Analiz Bazaya Yazıldı: 'mezuniyyet/rust-sistemi/src/components/Sidebar/EmployeeListSidebar.jsx'
[2026-07-22 00:57:19] [INFO] Maksimal AI Analiz Bazaya Yazıldı: 'mezuniyyet/rust-sistemi/src/components/Sidebar/IconSidebar.jsx'
[2026-07-22 00:57:19] [INFO] Maksimal AI Analiz Bazaya Yazıldı: 'mezuniyyet/rust-sistemi/src/components/ThemeSelector/ThemeSelector.jsx'
[2026-07-22 00:57:19] [INFO] Maksimal AI Analiz Bazaya Yazıldı: 'mezuniyyet/rust-sistemi/src/components/vacations/EditVacationDialog.jsx'
[2026-07-22 00:57:19] [INFO] Maksimal AI Analiz Bazaya Yazıldı: 'mezuniyyet/rust-sistemi/src/components/vacations/VacationList.jsx'
[2026-07-22 00:57:20] [INFO] Maksimal AI Analiz Bazaya Yazıldı: 'mezuniyyet/rust-sistemi/src/context/AuthContext.jsx'
[2026-07-22 00:57:20] [INFO] Maksimal AI Analiz Bazaya Yazıldı: 'mezuniyyet/rust-sistemi/src/context/NotificationContext.jsx'
[2026-07-22 00:57:20] [INFO] Maksimal AI Analiz Bazaya Yazıldı: 'mezuniyyet/rust-sistemi/src/context/SocketContext.jsx'
[2026-07-22 00:57:23] [INFO] Maksimal AI Analiz Bazaya Yazıldı: 'mezuniyyet/rust-sistemi/src/context/SoundAssets.js'
[2026-07-22 00:57:23] [INFO] Maksimal AI Analiz Bazaya Yazıldı: 'mezuniyyet/rust-sistemi/src/context/SoundContext.jsx'
[2026-07-22 00:57:23] [INFO] Maksimal AI Analiz Bazaya Yazıldı: 'mezuniyyet/rust-sistemi/src/context/ThemeContext.jsx'
[2026-07-22 00:57:24] [INFO] Maksimal AI Analiz Bazaya Yazıldı: 'mezuniyyet/rust-sistemi/src/layouts/MainLayout.jsx'
[2026-07-22 00:57:24] [INFO] Maksimal AI Analiz Bazaya Yazıldı: 'mezuniyyet/rust-sistemi/src/pages/AdminErrorLogs.jsx'
[2026-07-22 00:57:24] [INFO] Maksimal AI Analiz Bazaya Yazıldı: 'mezuniyyet/rust-sistemi/src/pages/AnimationShowcase.jsx'
[2026-07-22 00:57:24] [INFO] Maksimal AI Analiz Bazaya Yazıldı: 'mezuniyyet/rust-sistemi/src/pages/ArchivePage.jsx'
[2026-07-22 00:57:24] [INFO] Maksimal AI Analiz Bazaya Yazıldı: 'mezuniyyet/rust-sistemi/src/pages/CalendarPage.jsx'
[2026-07-22 00:57:24] [INFO] Maksimal AI Analiz Bazaya Yazıldı: 'mezuniyyet/rust-sistemi/src/pages/CalendarPage_backup.jsx'
[2026-07-22 00:57:25] [INFO] Maksimal AI Analiz Bazaya Yazıldı: 'mezuniyyet/rust-sistemi/src/pages/ChatPage.jsx'
[2026-07-22 00:57:25] [INFO] Maksimal AI Analiz Bazaya Yazıldı: 'mezuniyyet/rust-sistemi/src/pages/Dashboard.jsx'
[2026-07-22 00:57:25] [INFO] Maksimal AI Analiz Bazaya Yazıldı: 'mezuniyyet/rust-sistemi/src/pages/EmployeeDetails.jsx'
[2026-07-22 00:57:25] [INFO] Maksimal AI Analiz Bazaya Yazıldı: 'mezuniyyet/rust-sistemi/src/pages/Employees.jsx'
[2026-07-22 00:57:25] [INFO] Maksimal AI Analiz Bazaya Yazıldı: 'mezuniyyet/rust-sistemi/src/pages/Home.css'
[2026-07-22 00:57:25] [INFO] Maksimal AI Analiz Bazaya Yazıldı: 'mezuniyyet/rust-sistemi/src/pages/Home.jsx'
[2026-07-22 00:57:26] [INFO] Maksimal AI Analiz Bazaya Yazıldı: 'mezuniyyet/rust-sistemi/src/pages/Login.jsx'
[2026-07-22 00:57:26] [INFO] Maksimal AI Analiz Bazaya Yazıldı: 'mezuniyyet/rust-sistemi/src/pages/ProfilePage.jsx'
[2026-07-22 00:57:26] [INFO] Maksimal AI Analiz Bazaya Yazıldı: 'mezuniyyet/rust-sistemi/src/pages/Register.css'
[2026-07-22 00:57:26] [INFO] Maksimal AI Analiz Bazaya Yazıldı: 'mezuniyyet/rust-sistemi/src/pages/Register.jsx'
[2026-07-22 00:57:26] [INFO] Maksimal AI Analiz Bazaya Yazıldı: 'mezuniyyet/rust-sistemi/src/pages/ReportsPage.jsx'
[2026-07-22 00:57:26] [INFO] Maksimal AI Analiz Bazaya Yazıldı: 'mezuniyyet/rust-sistemi/src/pages/SecurityPage.jsx'
[2026-07-22 00:57:27] [INFO] Maksimal AI Analiz Bazaya Yazıldı: 'mezuniyyet/rust-sistemi/src/pages/SettingsPage.jsx'
[2026-07-22 00:57:27] [INFO] Maksimal AI Analiz Bazaya Yazıldı: 'mezuniyyet/rust-sistemi/src/pages/SetupCompany.jsx'
[2026-07-22 00:57:27] [INFO] Maksimal AI Analiz Bazaya Yazıldı: 'mezuniyyet/rust-sistemi/src/pages/TestCalendarPage.jsx'
[2026-07-22 00:57:27] [INFO] Maksimal AI Analiz Bazaya Yazıldı: 'mezuniyyet/rust-sistemi/src/pages/TestCardDesign.jsx'
[2026-07-22 00:57:27] [INFO] Maksimal AI Analiz Bazaya Yazıldı: 'mezuniyyet/rust-sistemi/src/pages/TestEmployees.jsx'
[2026-07-22 00:57:27] [INFO] Maksimal AI Analiz Bazaya Yazıldı: 'mezuniyyet/rust-sistemi/src/pages/TestLottie.jsx'
[2026-07-22 00:57:27] [INFO] Maksimal AI Analiz Bazaya Yazıldı: 'mezuniyyet/rust-sistemi/src/pages/TestProfilePage.jsx'
[2026-07-22 00:57:28] [INFO] Maksimal AI Analiz Bazaya Yazıldı: 'mezuniyyet/rust-sistemi/src/pages/VacationRequestsPage.jsx'
[2026-07-22 00:57:28] [INFO] Maksimal AI Analiz Bazaya Yazıldı: 'mezuniyyet/rust-sistemi/src/pages/AdminTools/AdminClientLogs.jsx'
[2026-07-22 00:57:28] [INFO] Maksimal AI Analiz Bazaya Yazıldı: 'mezuniyyet/rust-sistemi/src/pages/AdminTools/AdminManagement.jsx'
[2026-07-22 00:57:28] [INFO] Maksimal AI Analiz Bazaya Yazıldı: 'mezuniyyet/rust-sistemi/src/pages/AdminTools/AdminToolsPage.jsx'
[2026-07-22 00:57:28] [INFO] Maksimal AI Analiz Bazaya Yazıldı: 'mezuniyyet/rust-sistemi/src/pages/AdminTools/DictionaryManager.jsx'
[2026-07-22 00:57:29] [INFO] Maksimal AI Analiz Bazaya Yazıldı: 'mezuniyyet/rust-sistemi/src/pages/AdminTools/SystemTestManager.jsx'
[2026-07-22 00:57:29] [INFO] Maksimal AI Analiz Bazaya Yazıldı: 'mezuniyyet/rust-sistemi/src/pages/Notifications/NotificationsPage.jsx'
[2026-07-22 00:57:29] [INFO] Maksimal AI Analiz Bazaya Yazıldı: 'mezuniyyet/rust-sistemi/src/services/api.js'
[2026-07-22 00:57:29] [INFO] Maksimal AI Analiz Bazaya Yazıldı: 'mezuniyyet/rust-sistemi/src/services/errorReporter.js'
[2026-07-22 00:57:29] [INFO] Maksimal AI Analiz Bazaya Yazıldı: 'mezuniyyet/rust-sistemi/src/services/logService.js'
[2026-07-22 00:57:29] [INFO] Maksimal AI Analiz Bazaya Yazıldı: 'mezuniyyet/rust-sistemi/src/services/versionService.js'
[2026-07-22 00:57:30] [INFO] Maksimal AI Analiz Bazaya Yazıldı: 'mezuniyyet/rust-sistemi/src/test/apiService.test.js'
[2026-07-22 00:57:30] [INFO] Maksimal AI Analiz Bazaya Yazıldı: 'mezuniyyet/rust-sistemi/src/test/app_health.test.js'
[2026-07-22 00:57:30] [INFO] Maksimal AI Analiz Bazaya Yazıldı: 'mezuniyyet/rust-sistemi/src/test/login.test.jsx'
[2026-07-22 00:57:30] [INFO] Maksimal AI Analiz Bazaya Yazıldı: 'mezuniyyet/rust-sistemi/src/test/setup.js'
[2026-07-22 00:57:30] [INFO] Maksimal AI Analiz Bazaya Yazıldı: 'mezuniyyet/rust-sistemi/src/theme/design-system.css'
[2026-07-22 00:57:30] [INFO] Maksimal AI Analiz Bazaya Yazıldı: 'mezuniyyet/rust-sistemi/src/theme/theme.js'
[2026-07-22 00:57:30] [INFO] Maksimal AI Analiz Bazaya Yazıldı: 'mezuniyyet/rust-sistemi/src-tauri/Cargo.lock'
[2026-07-22 00:57:31] [INFO] Maksimal AI Analiz Bazaya Yazıldı: 'mezuniyyet/rust-sistemi/src-tauri/Cargo.toml'
[2026-07-22 00:57:31] [INFO] Maksimal AI Analiz Bazaya Yazıldı: 'mezuniyyet/rust-sistemi/src-tauri/build.rs'
[2026-07-22 00:57:31] [INFO] Maksimal AI Analiz Bazaya Yazıldı: 'mezuniyyet/rust-sistemi/src-tauri/custom_api.txt'
[2026-07-22 00:57:31] [INFO] Maksimal AI Analiz Bazaya Yazıldı: 'mezuniyyet/rust-sistemi/src-tauri/extract_keys.py'
[2026-07-22 00:57:31] [INFO] Maksimal AI Analiz Bazaya Yazıldı: 'mezuniyyet/rust-sistemi/src-tauri/private.key'
[2026-07-22 00:57:31] [INFO] Maksimal AI Analiz Bazaya Yazıldı: 'mezuniyyet/rust-sistemi/src-tauri/public.key'
[2026-07-22 00:57:31] [INFO] Maksimal AI Analiz Bazaya Yazıldı: 'mezuniyyet/rust-sistemi/src-tauri/tauri.conf.json'
[2026-07-22 00:57:32] [INFO] Maksimal AI Analiz Bazaya Yazıldı: 'mezuniyyet/rust-sistemi/src-tauri/build/hooks.nsh'
[2026-07-22 00:57:32] [INFO] Maksimal AI Analiz Bazaya Yazıldı: 'mezuniyyet/rust-sistemi/src-tauri/capabilities/default.json'
[2026-07-22 00:57:32] [INFO] Maksimal AI Analiz Bazaya Yazıldı: 'mezuniyyet/rust-sistemi/src-tauri/gen/schemas/acl-manifests.json'
[2026-07-22 00:57:32] [INFO] Maksimal AI Analiz Bazaya Yazıldı: 'mezuniyyet/rust-sistemi/src-tauri/gen/schemas/capabilities.json'
[2026-07-22 00:57:32] [INFO] Maksimal AI Analiz Bazaya Yazıldı: 'mezuniyyet/rust-sistemi/src-tauri/gen/schemas/desktop-schema.json'
[2026-07-22 00:57:33] [INFO] Maksimal AI Analiz Bazaya Yazıldı: 'mezuniyyet/rust-sistemi/src-tauri/gen/schemas/linux-schema.json'
[2026-07-22 00:57:33] [INFO] Maksimal AI Analiz Bazaya Yazıldı: 'mezuniyyet/rust-sistemi/src-tauri/gen/schemas/windows-schema.json'
[2026-07-22 00:57:33] [INFO] Maksimal AI Analiz Bazaya Yazıldı: 'mezuniyyet/rust-sistemi/src-tauri/icons/128x128.png'
[2026-07-22 00:57:33] [INFO] Maksimal AI Analiz Bazaya Yazıldı: 'mezuniyyet/rust-sistemi/src-tauri/icons/128x128@2x.png'
[2026-07-22 00:57:33] [INFO] Maksimal AI Analiz Bazaya Yazıldı: 'mezuniyyet/rust-sistemi/src-tauri/icons/32x32.png'
[2026-07-22 00:57:34] [INFO] Maksimal AI Analiz Bazaya Yazıldı: 'mezuniyyet/rust-sistemi/src-tauri/icons/icon.icns'
[2026-07-22 00:57:34] [INFO] Maksimal AI Analiz Bazaya Yazıldı: 'mezuniyyet/rust-sistemi/src-tauri/icons/icon.ico'
[2026-07-22 00:57:34] [INFO] Maksimal AI Analiz Bazaya Yazıldı: 'mezuniyyet/rust-sistemi/src-tauri/icons/icon.png'
[2026-07-22 00:57:35] [INFO] Maksimal AI Analiz Bazaya Yazıldı: 'mezuniyyet/rust-sistemi/src-tauri/icons/icons.icns'
[2026-07-22 00:57:35] [INFO] Maksimal AI Analiz Bazaya Yazıldı: 'mezuniyyet/rust-sistemi/src-tauri/icons/icons.ico'
[2026-07-22 00:57:35] [INFO] Maksimal AI Analiz Bazaya Yazıldı: 'mezuniyyet/rust-sistemi/src-tauri/icons/icons.png'
[2026-07-22 00:57:35] [INFO] Maksimal AI Analiz Bazaya Yazıldı: 'mezuniyyet/rust-sistemi/src-tauri/settings/pre_install.nsh'
[2026-07-22 00:57:36] [INFO] Maksimal AI Analiz Bazaya Yazıldı: 'mezuniyyet/rust-sistemi/src-tauri/src/main.rs'
[2026-07-22 00:57:36] [INFO] Maksimal AI Analiz Bazaya Yazıldı: 'mezuniyyet/tests/README.md'
[2026-07-22 00:57:36] [INFO] Maksimal AI Analiz Bazaya Yazıldı: 'mezuniyyet/tests/TEST_BASLAMA_REHBERI.md'
[2026-07-22 00:57:36] [INFO] Maksimal AI Analiz Bazaya Yazıldı: 'mezuniyyet/tests/conftest.py'
[2026-07-22 00:57:36] [INFO] Maksimal AI Analiz Bazaya Yazıldı: 'mezuniyyet/tests/package-lock.json'
[2026-07-22 00:57:36] [INFO] Maksimal AI Analiz Bazaya Yazıldı: 'mezuniyyet/tests/package.json'
[2026-07-22 00:57:37] [INFO] Maksimal AI Analiz Bazaya Yazıldı: 'mezuniyyet/tests/playwright.config.js'
[2026-07-22 00:57:37] [INFO] Maksimal AI Analiz Bazaya Yazıldı: 'mezuniyyet/tests/pytest.ini'
[2026-07-22 00:57:37] [INFO] Maksimal AI Analiz Bazaya Yazıldı: 'mezuniyyet/tests/run_tests.py'
[2026-07-22 00:57:37] [INFO] Maksimal AI Analiz Bazaya Yazıldı: 'mezuniyyet/tests/test_backend.py'
[2026-07-22 00:57:37] [INFO] Maksimal AI Analiz Bazaya Yazıldı: 'mezuniyyet/tests/diagnostics/check_cols.py'
[2026-07-22 00:57:37] [INFO] Maksimal AI Analiz Bazaya Yazıldı: 'mezuniyyet/tests/diagnostics/check_db.py'
[2026-07-22 00:57:37] [INFO] Maksimal AI Analiz Bazaya Yazıldı: 'mezuniyyet/tests/diagnostics/check_db_full.py'
[2026-07-22 00:57:38] [INFO] Maksimal AI Analiz Bazaya Yazıldı: 'mezuniyyet/tests/diagnostics/diagnose_api.py'
[2026-07-22 00:57:38] [INFO] Maksimal AI Analiz Bazaya Yazıldı: 'mezuniyyet/tests/diagnostics/extract_schema.py'
[2026-07-22 00:57:38] [INFO] Maksimal AI Analiz Bazaya Yazıldı: 'mezuniyyet/tests/diagnostics/full_schema.sql'
[2026-07-22 00:57:38] [INFO] Maksimal AI Analiz Bazaya Yazıldı: 'mezuniyyet/tests/diagnostics/get_tenant_db.py'
[2026-07-22 00:57:38] [INFO] Maksimal AI Analiz Bazaya Yazıldı: 'mezuniyyet/tests/diagnostics/launch_multi.py'
[2026-07-22 00:57:38] [INFO] Maksimal AI Analiz Bazaya Yazıldı: 'mezuniyyet/tests/diagnostics/list_tenants.py'
[2026-07-22 00:57:39] [INFO] Maksimal AI Analiz Bazaya Yazıldı: 'mezuniyyet/tests/diagnostics/setup_build_tools.py'
[2026-07-22 00:57:39] [INFO] Maksimal AI Analiz Bazaya Yazıldı: 'mezuniyyet/tests/diagnostics/setup_local_db.py'
[2026-07-22 00:57:39] [INFO] Maksimal AI Analiz Bazaya Yazıldı: 'mezuniyyet/tests/diagnostics/test_official_api.py'
[2026-07-22 00:57:39] [INFO] Maksimal AI Analiz Bazaya Yazıldı: 'mezuniyyet/tests/e2e/test_auth.spec.js'
[2026-07-22 00:57:39] [INFO] Maksimal AI Analiz Bazaya Yazıldı: 'mezuniyyet/tests/e2e/test_dashboard.spec.js'
[2026-07-22 00:57:46] [INFO] Maksimal AI Analiz Bazaya Yazıldı: 'mezuniyyet/tests/playwright-report/index.html'
[2026-07-22 00:57:46] [INFO] Maksimal AI Analiz Bazaya Yazıldı: 'scratch/check_key.py'
[2026-07-22 00:57:46] [INFO] Maksimal AI Analiz Bazaya Yazıldı: 'scratch/cleanup_vm.py'
[2026-07-22 00:57:46] [INFO] Maksimal AI Analiz Bazaya Yazıldı: 'scratch/decode_key.py'
[2026-07-22 00:57:46] [INFO] Maksimal AI Analiz Bazaya Yazıldı: 'scratch/diagnose_vm.py'
[2026-07-22 00:57:46] [INFO] Maksimal AI Analiz Bazaya Yazıldı: 'scratch/increase_swap.py'
[2026-07-22 00:57:46] [INFO] Maksimal AI Analiz Bazaya Yazıldı: 'scratch/install_panel_local.py'
[2026-07-22 00:57:47] [INFO] Maksimal AI Analiz Bazaya Yazıldı: 'scratch/test_sigs.py'
[2026-07-22 00:57:47] [INFO] Maksimal AI Analiz Bazaya Yazıldı: 'scratch/token_check.py'
[2026-07-22 00:57:47] [INFO] Maksimal AI Analiz Bazaya Yazıldı: 'server-repo-rust/README.md'
[2026-07-22 00:57:47] [INFO] Maksimal AI Analiz Bazaya Yazıldı: 'server-repo-rust/build_and_push_masterdeploy_local.py'
[2026-07-22 00:57:47] [INFO] Maksimal AI Analiz Bazaya Yazıldı: 'server-repo-rust/config.json'
[2026-07-22 00:57:47] [INFO] Maksimal AI Analiz Bazaya Yazıldı: 'server-repo-rust/gite_gonder_yeni.py'
[2026-07-22 00:57:48] [INFO] Maksimal AI Analiz Bazaya Yazıldı: 'server-repo-rust/github_repo_manager.py'
[2026-07-22 00:57:48] [INFO] Maksimal AI Analiz Bazaya Yazıldı: 'server-repo-rust/install.ps1'
[2026-07-22 00:57:48] [INFO] Maksimal AI Analiz Bazaya Yazıldı: 'server-repo-rust/install.sh'
[2026-07-22 00:57:48] [INFO] Maksimal AI Analiz Bazaya Yazıldı: 'server-repo-rust/install_remote.sh'
[2026-07-22 00:57:48] [INFO] Maksimal AI Analiz Bazaya Yazıldı: 'server-repo-rust/installer_gui.py'
[2026-07-22 00:57:48] [INFO] Maksimal AI Analiz Bazaya Yazıldı: 'server-repo-rust/installer_gui.py.mybackup'
[2026-07-22 00:57:49] [INFO] Maksimal AI Analiz Bazaya Yazıldı: 'server-repo-rust/remote_installer.py'
[2026-07-22 00:57:49] [INFO] Maksimal AI Analiz Bazaya Yazıldı: 'server-repo-rust/remote_installer.py.mybackup'
[2026-07-22 00:57:49] [INFO] Maksimal AI Analiz Bazaya Yazıldı: 'server-repo-rust/run_project.py'
[2026-07-22 00:57:49] [INFO] Maksimal AI Analiz Bazaya Yazıldı: 'server-repo-rust/run_test_project.py'
[2026-07-22 00:57:49] [INFO] Maksimal AI Analiz Bazaya Yazıldı: 'server-repo-rust/ssh-key-132.key'
[2026-07-22 00:57:49] [INFO] Maksimal AI Analiz Bazaya Yazıldı: 'server-repo-rust/ssh-key-84.key'
[2026-07-22 00:57:50] [INFO] Maksimal AI Analiz Bazaya Yazıldı: 'server-repo-rust/backup_static/app.js'
[2026-07-22 00:57:50] [INFO] Maksimal AI Analiz Bazaya Yazıldı: 'server-repo-rust/backup_static/changelog.json'
[2026-07-22 00:57:50] [INFO] Maksimal AI Analiz Bazaya Yazıldı: 'server-repo-rust/backup_static/docs.json'
[2026-07-22 00:57:50] [INFO] Maksimal AI Analiz Bazaya Yazıldı: 'server-repo-rust/backup_static/index.html'
[2026-07-22 00:57:50] [INFO] Maksimal AI Analiz Bazaya Yazıldı: 'server-repo-rust/backup_static/style.css'
[2026-07-22 00:57:51] [INFO] Maksimal AI Analiz Bazaya Yazıldı: 'server-repo-rust/backup_static/sw.js'
[2026-07-22 00:57:51] [INFO] Maksimal AI Analiz Bazaya Yazıldı: 'server-repo-rust/docs/README.md'
[2026-07-22 00:57:51] [INFO] Maksimal AI Analiz Bazaya Yazıldı: 'server-repo-rust/local_data/masterdeploy.db'
[2026-07-22 00:57:51] [INFO] Maksimal AI Analiz Bazaya Yazıldı: 'server-repo-rust/MasterDeploy-rust/Cargo.lock'
[2026-07-22 00:57:51] [INFO] Maksimal AI Analiz Bazaya Yazıldı: 'server-repo-rust/MasterDeploy-rust/Cargo.toml'
[2026-07-22 00:57:51] [INFO] Maksimal AI Analiz Bazaya Yazıldı: 'server-repo-rust/MasterDeploy-rust/Dockerfile'
[2026-07-22 00:57:54] [INFO] Maksimal AI Analiz Bazaya Yazıldı: 'server-repo-rust/MasterDeploy-rust/masterdeploy.db'
[2026-07-22 00:57:54] [INFO] Maksimal AI Analiz Bazaya Yazıldı: 'server-repo-rust/MasterDeploy-rust/temp_cmd_key_05a3fde7-98f3-4224-8b2d-954d30573792.key'
[2026-07-22 00:57:54] [INFO] Maksimal AI Analiz Bazaya Yazıldı: 'server-repo-rust/MasterDeploy-rust/temp_cmd_key_0ca08041-c84f-411a-ad67-160715bf4b19.key'
[2026-07-22 00:57:54] [INFO] Maksimal AI Analiz Bazaya Yazıldı: 'server-repo-rust/MasterDeploy-rust/temp_cmd_key_4aeb72cb-98b7-4e51-a8ed-7a1ee18f555a.key'
[2026-07-22 00:57:54] [INFO] Maksimal AI Analiz Bazaya Yazıldı: 'server-repo-rust/MasterDeploy-rust/temp_cmd_key_6eee0be5-20c7-4801-9790-e87b0807b713.key'
[2026-07-22 00:57:54] [INFO] Maksimal AI Analiz Bazaya Yazıldı: 'server-repo-rust/MasterDeploy-rust/temp_cmd_key_724a50b3-1a72-48b1-bda1-8a523d1d9c2f.key'
[2026-07-22 00:57:55] [INFO] Maksimal AI Analiz Bazaya Yazıldı: 'server-repo-rust/MasterDeploy-rust/temp_cmd_key_7670fabe-eb24-4ed4-8210-da39973e6866.key'
[2026-07-22 00:57:55] [INFO] Maksimal AI Analiz Bazaya Yazıldı: 'server-repo-rust/MasterDeploy-rust/temp_cmd_key_8b23d8ed-7c0d-4a26-ab14-dd58c7debdd9.key'
[2026-07-22 00:57:55] [INFO] Maksimal AI Analiz Bazaya Yazıldı: 'server-repo-rust/MasterDeploy-rust/temp_cmd_key_99182045-ad07-401c-8ee8-8817652863a8.key'
[2026-07-22 00:57:55] [INFO] Maksimal AI Analiz Bazaya Yazıldı: 'server-repo-rust/MasterDeploy-rust/temp_cmd_key_a2bb0531-ab32-4785-ab9f-1bcdebede0cd.key'
[2026-07-22 00:57:55] [INFO] Maksimal AI Analiz Bazaya Yazıldı: 'server-repo-rust/MasterDeploy-rust/temp_cmd_key_d86f0f92-858c-4f33-a358-860b37188443.key'
[2026-07-22 00:57:55] [INFO] Maksimal AI Analiz Bazaya Yazıldı: 'server-repo-rust/MasterDeploy-rust/temp_deploy_key_a87d4c57-308a-472c-881b-0c9f0993b2d1.key'
[2026-07-22 00:57:55] [INFO] Maksimal AI Analiz Bazaya Yazıldı: 'server-repo-rust/MasterDeploy-rust/temp_deploy_key_d1949937-dc24-4279-ba85-1cfb6b1e4066.key'
[2026-07-22 00:57:56] [INFO] Maksimal AI Analiz Bazaya Yazıldı: 'server-repo-rust/MasterDeploy-rust/temp_deploy_key_e27136e8-bef4-4fc9-96b4-63198d671e26.key'
[2026-07-22 00:57:56] [INFO] Maksimal AI Analiz Bazaya Yazıldı: 'server-repo-rust/MasterDeploy-rust/temp_deploy_key_fdbdecb5-0aed-4bca-8cd1-fceb982ef963.key'
[2026-07-22 00:57:56] [INFO] Maksimal AI Analiz Bazaya Yazıldı: 'server-repo-rust/MasterDeploy-rust/temp_key_2105cacd-efb6-4775-b4dd-5cc8f1b544c0.key'
[2026-07-22 00:57:56] [INFO] Maksimal AI Analiz Bazaya Yazıldı: 'server-repo-rust/MasterDeploy-rust/temp_logs_key_388df376-123a-46a4-a5df-ded3c7557af2.key'
[2026-07-22 00:57:56] [INFO] Maksimal AI Analiz Bazaya Yazıldı: 'server-repo-rust/MasterDeploy-rust/temp_logs_key_aef0ed19-3f3b-48eb-b7fa-c99bcb253e84.key'
[2026-07-22 00:57:56] [INFO] Maksimal AI Analiz Bazaya Yazıldı: 'server-repo-rust/MasterDeploy-rust/temp_logs_key_ea6397bb-6e38-42ad-9d5c-7761b7a06761.key'
[2026-07-22 00:57:57] [INFO] Maksimal AI Analiz Bazaya Yazıldı: 'server-repo-rust/MasterDeploy-rust/src/db.rs'
[2026-07-22 00:57:57] [INFO] Maksimal AI Analiz Bazaya Yazıldı: 'server-repo-rust/MasterDeploy-rust/src/main.rs'
[2026-07-22 00:57:57] [INFO] Maksimal AI Analiz Bazaya Yazıldı: 'server-repo-rust/MasterDeploy-rust/src/models.rs'
[2026-07-22 00:57:57] [INFO] Maksimal AI Analiz Bazaya Yazıldı: 'server-repo-rust/MasterDeploy-rust/src/bin/check_db.rs'
[2026-07-22 00:57:57] [INFO] Maksimal AI Analiz Bazaya Yazıldı: 'server-repo-rust/MasterDeploy-rust/src/plugins/cloudflare.rs'
[2026-07-22 00:57:57] [INFO] Maksimal AI Analiz Bazaya Yazıldı: 'server-repo-rust/MasterDeploy-rust/src/plugins/mod.rs'
[2026-07-22 00:57:58] [INFO] Maksimal AI Analiz Bazaya Yazıldı: 'server-repo-rust/MasterDeploy-rust/src-tauri/Cargo.lock'
[2026-07-22 00:57:58] [INFO] Maksimal AI Analiz Bazaya Yazıldı: 'server-repo-rust/MasterDeploy-rust/src-tauri/Cargo.toml'
[2026-07-22 00:57:58] [INFO] Maksimal AI Analiz Bazaya Yazıldı: 'server-repo-rust/MasterDeploy-rust/src-tauri/build.rs'
[2026-07-22 00:57:58] [INFO] Maksimal AI Analiz Bazaya Yazıldı: 'server-repo-rust/MasterDeploy-rust/src-tauri/tauri.conf.json'
[2026-07-22 00:57:58] [INFO] Maksimal AI Analiz Bazaya Yazıldı: 'server-repo-rust/MasterDeploy-rust/src-tauri/capabilities/default.json'
[2026-07-22 00:57:58] [INFO] Maksimal AI Analiz Bazaya Yazıldı: 'server-repo-rust/MasterDeploy-rust/src-tauri/gen/schemas/acl-manifests.json'
[2026-07-22 00:57:58] [INFO] Maksimal AI Analiz Bazaya Yazıldı: 'server-repo-rust/MasterDeploy-rust/src-tauri/gen/schemas/capabilities.json'
[2026-07-22 00:57:59] [INFO] Maksimal AI Analiz Bazaya Yazıldı: 'server-repo-rust/MasterDeploy-rust/src-tauri/gen/schemas/desktop-schema.json'
[2026-07-22 00:57:59] [INFO] Maksimal AI Analiz Bazaya Yazıldı: 'server-repo-rust/MasterDeploy-rust/src-tauri/gen/schemas/windows-schema.json'
[2026-07-22 00:57:59] [INFO] Maksimal AI Analiz Bazaya Yazıldı: 'server-repo-rust/MasterDeploy-rust/src-tauri/icons/128x128.png'
[2026-07-22 00:57:59] [INFO] Maksimal AI Analiz Bazaya Yazıldı: 'server-repo-rust/MasterDeploy-rust/src-tauri/icons/128x128@2x.png'
[2026-07-22 00:57:59] [INFO] Maksimal AI Analiz Bazaya Yazıldı: 'server-repo-rust/MasterDeploy-rust/src-tauri/icons/32x32.png'
[2026-07-22 00:57:59] [INFO] Maksimal AI Analiz Bazaya Yazıldı: 'server-repo-rust/MasterDeploy-rust/src-tauri/icons/Square107x107Logo.png'
[2026-07-22 00:58:00] [INFO] Maksimal AI Analiz Bazaya Yazıldı: 'server-repo-rust/MasterDeploy-rust/src-tauri/icons/Square142x142Logo.png'
[2026-07-22 00:58:00] [INFO] Maksimal AI Analiz Bazaya Yazıldı: 'server-repo-rust/MasterDeploy-rust/src-tauri/icons/Square150x150Logo.png'
[2026-07-22 00:58:00] [INFO] Maksimal AI Analiz Bazaya Yazıldı: 'server-repo-rust/MasterDeploy-rust/src-tauri/icons/Square284x284Logo.png'
[2026-07-22 00:58:00] [INFO] Maksimal AI Analiz Bazaya Yazıldı: 'server-repo-rust/MasterDeploy-rust/src-tauri/icons/Square30x30Logo.png'
[2026-07-22 00:58:00] [INFO] Maksimal AI Analiz Bazaya Yazıldı: 'server-repo-rust/MasterDeploy-rust/src-tauri/icons/Square310x310Logo.png'
[2026-07-22 00:58:00] [INFO] Maksimal AI Analiz Bazaya Yazıldı: 'server-repo-rust/MasterDeploy-rust/src-tauri/icons/Square44x44Logo.png'
[2026-07-22 00:58:01] [INFO] Maksimal AI Analiz Bazaya Yazıldı: 'server-repo-rust/MasterDeploy-rust/src-tauri/icons/Square71x71Logo.png'
[2026-07-22 00:58:01] [INFO] Maksimal AI Analiz Bazaya Yazıldı: 'server-repo-rust/MasterDeploy-rust/src-tauri/icons/Square89x89Logo.png'
[2026-07-22 00:58:01] [INFO] Maksimal AI Analiz Bazaya Yazıldı: 'server-repo-rust/MasterDeploy-rust/src-tauri/icons/StoreLogo.png'
[2026-07-22 00:58:01] [INFO] Maksimal AI Analiz Bazaya Yazıldı: 'server-repo-rust/MasterDeploy-rust/src-tauri/icons/icon.icns'
[2026-07-22 00:58:01] [INFO] Maksimal AI Analiz Bazaya Yazıldı: 'server-repo-rust/MasterDeploy-rust/src-tauri/icons/icon.ico'
[2026-07-22 00:58:01] [INFO] Maksimal AI Analiz Bazaya Yazıldı: 'server-repo-rust/MasterDeploy-rust/src-tauri/icons/icon.png'
[2026-07-22 00:58:02] [INFO] Maksimal AI Analiz Bazaya Yazıldı: 'server-repo-rust/MasterDeploy-rust/src-tauri/src/lib.rs'
[2026-07-22 00:58:02] [INFO] Maksimal AI Analiz Bazaya Yazıldı: 'server-repo-rust/MasterDeploy-rust/src-tauri/src/main.rs'
[2026-07-22 00:58:02] [INFO] Maksimal AI Analiz Bazaya Yazıldı: 'server-repo-rust/MasterDeploy-rust/static/app.js'
[2026-07-22 00:58:02] [INFO] Maksimal AI Analiz Bazaya Yazıldı: 'server-repo-rust/MasterDeploy-rust/static/changelog.json'
[2026-07-22 00:58:02] [INFO] Maksimal AI Analiz Bazaya Yazıldı: 'server-repo-rust/MasterDeploy-rust/static/docs.json'
[2026-07-22 00:58:02] [INFO] Maksimal AI Analiz Bazaya Yazıldı: 'server-repo-rust/MasterDeploy-rust/static/favicon.png'
[2026-07-22 00:58:03] [INFO] Maksimal AI Analiz Bazaya Yazıldı: 'server-repo-rust/MasterDeploy-rust/static/index.html'
[2026-07-22 00:58:03] [INFO] Maksimal AI Analiz Bazaya Yazıldı: 'server-repo-rust/MasterDeploy-rust/static/style.css'
[2026-07-22 00:58:03] [INFO] Maksimal AI Analiz Bazaya Yazıldı: 'server-repo-rust/MasterDeploy-rust/static/sw.js'
[2026-07-22 00:58:03] [INFO] Maksimal AI Analiz Bazaya Yazıldı: 'server-repo-rust/test-layihe/Dockerfile'
[2026-07-22 00:58:03] [INFO] Maksimal AI Analiz Bazaya Yazıldı: 'server-repo-rust/test-layihe/database.db'
[2026-07-22 00:58:03] [INFO] Maksimal AI Analiz Bazaya Yazıldı: 'server-repo-rust/test-layihe/index.js'
[2026-07-22 00:58:04] [INFO] Maksimal AI Analiz Bazaya Yazıldı: 'server-repo-rust/test-layihe/package-lock.json'
[2026-07-22 00:58:04] [INFO] Maksimal AI Analiz Bazaya Yazıldı: 'server-repo-rust/test-layihe/package.json'
[2026-07-22 00:58:04] [INFO] Maksimal AI Analiz Bazaya Yazıldı: 'server-repo-rust/test-layihe/public/index.html'
[2026-07-22 00:58:05] [INFO] beledci_generator.py yenilendi! Server avtomatik restart olunur...
[2026-07-22 00:58:06] [INFO] Beledci Maksimal AI Analizator Mühərriki başladıldı.
[2026-07-22 00:58:06] [INFO] SQLite file_analysis bazası yeni sxemlə (OWASP Security, Impact & Code Preview) hazırlandı.
[2026-07-22 00:58:07] [INFO] CANLI BELEDCI SERVERI ISLEDIR: http://localhost:8090
[2026-07-22 00:58:38] [INFO] Beledci Maksimal AI Analizator Mühərriki başladıldı.
[2026-07-22 00:58:38] [INFO] SQLite file_analysis bazası yeni sxemlə (OWASP Security, Impact & Code Preview) hazırlandı.
[2026-07-22 00:59:34] [INFO] beledci_generator.py yenilendi! Server avtomatik restart olunur...
[2026-07-22 00:59:34] [INFO] Beledci Maksimal AI Analizator Mühərriki başladıldı.
[2026-07-22 00:59:34] [INFO] SQLite file_analysis bazası yeni sxemlə (OWASP Security, Impact & Code Preview) hazırlandı.
[2026-07-22 00:59:36] [INFO] CANLI BELEDCI SERVERI ISLEDIR: http://localhost:8090
[2026-07-22 00:59:54] [INFO] Beledci Maksimal AI Analizator Mühərriki başladıldı.
[2026-07-22 00:59:54] [INFO] SQLite file_analysis bazası yeni sxemlə (OWASP Security, Impact & Code Preview) hazırlandı.
[2026-07-22 00:59:54] [INFO] Maksimal AI Analiz Bazaya Yazıldı: 'README.md'
[2026-07-22 00:59:54] [INFO] Maksimal AI Analiz Bazaya Yazıldı: 'config.json'
[2026-07-22 00:59:54] [INFO] Maksimal AI Analiz Bazaya Yazıldı: 'index.html'
[2026-07-22 00:59:54] [INFO] Maksimal AI Analiz Bazaya Yazıldı: 'masterdeploy_remote_84.db'
[2026-07-22 00:59:55] [INFO] Maksimal AI Analiz Bazaya Yazıldı: 'mezuniyyet-rust-taurisiz-olan.code-workspace'
[2026-07-22 00:59:55] [INFO] Maksimal AI Analiz Bazaya Yazıldı: 'test_release.json'
[2026-07-22 00:59:55] [INFO] Maksimal AI Analiz Bazaya Yazıldı: 'admin-sistemi/add-defender-exclusion.ps1'
[2026-07-22 00:59:55] [INFO] Maksimal AI Analiz Bazaya Yazıldı: 'admin-sistemi/custom_api.txt'
[2026-07-22 00:59:55] [INFO] Maksimal AI Analiz Bazaya Yazıldı: 'admin-sistemi/eslint.config.js'
[2026-07-22 00:59:55] [INFO] Maksimal AI Analiz Bazaya Yazıldı: 'admin-sistemi/generate_print_designs.cjs'
[2026-07-22 00:59:56] [INFO] Maksimal AI Analiz Bazaya Yazıldı: 'admin-sistemi/icon.png'
[2026-07-22 00:59:56] [INFO] Maksimal AI Analiz Bazaya Yazıldı: 'admin-sistemi/index.html'
[2026-07-22 00:59:56] [INFO] Maksimal AI Analiz Bazaya Yazıldı: 'admin-sistemi/package-lock.json'
[2026-07-22 00:59:56] [INFO] Maksimal AI Analiz Bazaya Yazıldı: 'admin-sistemi/package.json'
[2026-07-22 00:59:56] [INFO] Maksimal AI Analiz Bazaya Yazıldı: 'admin-sistemi/run_admin.py'
[2026-07-22 00:59:56] [INFO] Maksimal AI Analiz Bazaya Yazıldı: 'admin-sistemi/start_dev.bat'
[2026-07-22 00:59:57] [INFO] Maksimal AI Analiz Bazaya Yazıldı: 'admin-sistemi/vite.config.js'
[2026-07-22 00:59:57] [INFO] Maksimal AI Analiz Bazaya Yazıldı: 'admin-sistemi/src/App.jsx'
[2026-07-22 00:59:57] [INFO] Maksimal AI Analiz Bazaya Yazıldı: 'admin-sistemi/src/index.css'
[2026-07-22 00:59:57] [INFO] Maksimal AI Analiz Bazaya Yazıldı: 'admin-sistemi/src/main.jsx'
[2026-07-22 00:59:57] [INFO] Maksimal AI Analiz Bazaya Yazıldı: 'admin-sistemi/src/components/AnimatedLoader.css'
[2026-07-22 00:59:57] [INFO] Maksimal AI Analiz Bazaya Yazıldı: 'admin-sistemi/src/components/AnimatedLoader.css.map'
[2026-07-22 00:59:58] [INFO] Maksimal AI Analiz Bazaya Yazıldı: 'admin-sistemi/src/components/AnimatedLoader.jsx'
[2026-07-22 00:59:58] [INFO] Maksimal AI Analiz Bazaya Yazıldı: 'admin-sistemi/src/components/CreepyButton.css'
[2026-07-22 00:59:58] [INFO] Maksimal AI Analiz Bazaya Yazıldı: 'admin-sistemi/src/components/CreepyButton.jsx'
[2026-07-22 00:59:58] [INFO] Maksimal AI Analiz Bazaya Yazıldı: 'admin-sistemi/src/components/DebugConsole.jsx'
[2026-07-22 00:59:58] [INFO] Maksimal AI Analiz Bazaya Yazıldı: 'admin-sistemi/src/components/DebugToggleButton.jsx'
[2026-07-22 00:59:58] [INFO] Maksimal AI Analiz Bazaya Yazıldı: 'admin-sistemi/src/components/EditEmployeeModal.jsx'
[2026-07-22 00:59:59] [INFO] Maksimal AI Analiz Bazaya Yazıldı: 'admin-sistemi/src/components/EmployeeFormDialog.jsx'
[2026-07-22 00:59:59] [INFO] Maksimal AI Analiz Bazaya Yazıldı: 'admin-sistemi/src/components/ErrorBoundary.jsx'
[2026-07-22 00:59:59] [INFO] Maksimal AI Analiz Bazaya Yazıldı: 'admin-sistemi/src/components/Footer.jsx'
[2026-07-22 00:59:59] [INFO] Maksimal AI Analiz Bazaya Yazıldı: 'admin-sistemi/src/components/LeafTransition.jsx'
[2026-07-22 00:59:59] [INFO] Maksimal AI Analiz Bazaya Yazıldı: 'admin-sistemi/src/components/ProtectedRoute.jsx'
[2026-07-22 00:59:59] [INFO] Maksimal AI Analiz Bazaya Yazıldı: 'admin-sistemi/src/components/RateLimitOverlay.jsx'
[2026-07-22 01:00:00] [INFO] Maksimal AI Analiz Bazaya Yazıldı: 'admin-sistemi/src/components/TableToolbar.jsx'
[2026-07-22 01:00:00] [INFO] Maksimal AI Analiz Bazaya Yazıldı: 'admin-sistemi/src/components/TopBar.jsx'
[2026-07-22 01:00:00] [INFO] Maksimal AI Analiz Bazaya Yazıldı: 'admin-sistemi/src/components/UpdateNotification.jsx'
[2026-07-22 01:00:00] [INFO] Maksimal AI Analiz Bazaya Yazıldı: 'admin-sistemi/src/components/VacationCalendar.jsx'
[2026-07-22 01:00:00] [INFO] Maksimal AI Analiz Bazaya Yazıldı: 'admin-sistemi/src/components/VacationCalendar_backup.jsx'
[2026-07-22 01:00:01] [INFO] Maksimal AI Analiz Bazaya Yazıldı: 'admin-sistemi/src/components/auth/LoginPage.jsx'
[2026-07-22 01:00:01] [INFO] Maksimal AI Analiz Bazaya Yazıldı: 'admin-sistemi/src/components/calendar/CalendarPage.jsx'
[2026-07-22 01:00:01] [INFO] Maksimal AI Analiz Bazaya Yazıldı: 'admin-sistemi/src/components/common/LoadingOverlay.jsx'
[2026-07-22 01:00:01] [INFO] Maksimal AI Analiz Bazaya Yazıldı: 'admin-sistemi/src/components/common/ServerAwakening.jsx'
[2026-07-22 01:00:01] [INFO] Maksimal AI Analiz Bazaya Yazıldı: 'admin-sistemi/src/components/common/SplashScreen.jsx'
[2026-07-22 01:00:01] [INFO] Maksimal AI Analiz Bazaya Yazıldı: 'admin-sistemi/src/components/dashboard/DashboardPage.jsx'
[2026-07-22 01:00:01] [INFO] Maksimal AI Analiz Bazaya Yazıldı: 'admin-sistemi/src/components/employees/EmployeeList.jsx'
[2026-07-22 01:00:02] [INFO] Maksimal AI Analiz Bazaya Yazıldı: 'admin-sistemi/src/components/Games/ExternalGameWindow.jsx'
[2026-07-22 01:00:02] [INFO] Maksimal AI Analiz Bazaya Yazıldı: 'admin-sistemi/src/components/Games/TicTacToe/Board.jsx'
[2026-07-22 01:00:02] [INFO] Maksimal AI Analiz Bazaya Yazıldı: 'admin-sistemi/src/components/Games/TicTacToe/Dice3D.jsx'
[2026-07-22 01:00:02] [INFO] Maksimal AI Analiz Bazaya Yazıldı: 'admin-sistemi/src/components/Games/TicTacToe/DiceOverlay.jsx'
[2026-07-22 01:00:02] [INFO] Maksimal AI Analiz Bazaya Yazıldı: 'admin-sistemi/src/components/Games/TicTacToe/TicTacToe.jsx'
[2026-07-22 01:00:02] [INFO] Maksimal AI Analiz Bazaya Yazıldı: 'admin-sistemi/src/components/layout/AppLayout.jsx'
[2026-07-22 01:00:03] [INFO] Maksimal AI Analiz Bazaya Yazıldı: 'admin-sistemi/src/components/settings/SettingsPage.jsx'
[2026-07-22 01:00:03] [INFO] Maksimal AI Analiz Bazaya Yazıldı: 'admin-sistemi/src/components/Sidebar/EmployeeListSidebar.jsx'
[2026-07-22 01:00:03] [INFO] Maksimal AI Analiz Bazaya Yazıldı: 'admin-sistemi/src/components/Sidebar/IconSidebar.jsx'
[2026-07-22 01:00:03] [INFO] Maksimal AI Analiz Bazaya Yazıldı: 'admin-sistemi/src/components/ThemeSelector/ThemeSelector.jsx'
[2026-07-22 01:00:03] [INFO] Maksimal AI Analiz Bazaya Yazıldı: 'admin-sistemi/src/components/vacations/EditVacationDialog.jsx'
[2026-07-22 01:00:03] [INFO] Maksimal AI Analiz Bazaya Yazıldı: 'admin-sistemi/src/components/vacations/VacationList.jsx'
[2026-07-22 01:00:04] [INFO] Maksimal AI Analiz Bazaya Yazıldı: 'admin-sistemi/src/context/AuthContext.jsx'
[2026-07-22 01:00:04] [INFO] Maksimal AI Analiz Bazaya Yazıldı: 'admin-sistemi/src/context/NotificationContext.jsx'
[2026-07-22 01:00:04] [INFO] Maksimal AI Analiz Bazaya Yazıldı: 'admin-sistemi/src/context/SocketContext.jsx'
[2026-07-22 01:00:06] [INFO] Maksimal AI Analiz Bazaya Yazıldı: 'admin-sistemi/src/context/SoundAssets.js'
[2026-07-22 01:00:06] [INFO] Maksimal AI Analiz Bazaya Yazıldı: 'admin-sistemi/src/context/SoundContext.jsx'
[2026-07-22 01:00:06] [INFO] Maksimal AI Analiz Bazaya Yazıldı: 'admin-sistemi/src/context/ThemeContext.jsx'
[2026-07-22 01:00:06] [INFO] Maksimal AI Analiz Bazaya Yazıldı: 'admin-sistemi/src/layouts/MainLayout.jsx'
[2026-07-22 01:00:06] [INFO] Maksimal AI Analiz Bazaya Yazıldı: 'admin-sistemi/src/pages/AdminDashboard.jsx'
[2026-07-22 01:00:07] [INFO] Maksimal AI Analiz Bazaya Yazıldı: 'admin-sistemi/src/pages/AdminErrorLogs.jsx'
[2026-07-22 01:00:07] [INFO] Maksimal AI Analiz Bazaya Yazıldı: 'admin-sistemi/src/pages/AnimationShowcase.jsx'
[2026-07-22 01:00:07] [INFO] Maksimal AI Analiz Bazaya Yazıldı: 'admin-sistemi/src/pages/ArchivePage.jsx'
[2026-07-22 01:00:07] [INFO] Maksimal AI Analiz Bazaya Yazıldı: 'admin-sistemi/src/pages/CalendarPage.jsx'
[2026-07-22 01:00:07] [INFO] Maksimal AI Analiz Bazaya Yazıldı: 'admin-sistemi/src/pages/CalendarPage_backup.jsx'
[2026-07-22 01:00:07] [INFO] Maksimal AI Analiz Bazaya Yazıldı: 'admin-sistemi/src/pages/ChatPage.jsx'
[2026-07-22 01:00:08] [INFO] Maksimal AI Analiz Bazaya Yazıldı: 'admin-sistemi/src/pages/Dashboard.jsx'
[2026-07-22 01:00:08] [INFO] Maksimal AI Analiz Bazaya Yazıldı: 'admin-sistemi/src/pages/EmployeeDetails.jsx'
[2026-07-22 01:00:08] [INFO] Maksimal AI Analiz Bazaya Yazıldı: 'admin-sistemi/src/pages/Employees.jsx'
[2026-07-22 01:00:08] [INFO] Maksimal AI Analiz Bazaya Yazıldı: 'admin-sistemi/src/pages/Home.css'
[2026-07-22 01:00:08] [INFO] Maksimal AI Analiz Bazaya Yazıldı: 'admin-sistemi/src/pages/Home.jsx'
[2026-07-22 01:00:08] [INFO] Maksimal AI Analiz Bazaya Yazıldı: 'admin-sistemi/src/pages/Login.jsx'
[2026-07-22 01:00:09] [INFO] Maksimal AI Analiz Bazaya Yazıldı: 'admin-sistemi/src/pages/ProfilePage.jsx'
[2026-07-22 01:00:09] [INFO] Maksimal AI Analiz Bazaya Yazıldı: 'admin-sistemi/src/pages/Register.css'
[2026-07-22 01:00:09] [INFO] Maksimal AI Analiz Bazaya Yazıldı: 'admin-sistemi/src/pages/Register.jsx'
[2026-07-22 01:00:09] [INFO] Maksimal AI Analiz Bazaya Yazıldı: 'admin-sistemi/src/pages/ReportsPage.jsx'
[2026-07-22 01:00:09] [INFO] Maksimal AI Analiz Bazaya Yazıldı: 'admin-sistemi/src/pages/SecurityPage.jsx'
[2026-07-22 01:00:09] [INFO] Maksimal AI Analiz Bazaya Yazıldı: 'admin-sistemi/src/pages/SettingsPage.jsx'
[2026-07-22 01:00:10] [INFO] Maksimal AI Analiz Bazaya Yazıldı: 'admin-sistemi/src/pages/SetupCompany.jsx'
[2026-07-22 01:00:10] [INFO] Maksimal AI Analiz Bazaya Yazıldı: 'admin-sistemi/src/pages/TestCalendarPage.jsx'
[2026-07-22 01:00:10] [INFO] Maksimal AI Analiz Bazaya Yazıldı: 'admin-sistemi/src/pages/TestCardDesign.jsx'
[2026-07-22 01:00:10] [INFO] Maksimal AI Analiz Bazaya Yazıldı: 'admin-sistemi/src/pages/TestEmployees.jsx'
[2026-07-22 01:00:10] [INFO] Maksimal AI Analiz Bazaya Yazıldı: 'admin-sistemi/src/pages/TestLottie.jsx'
[2026-07-22 01:00:10] [INFO] Maksimal AI Analiz Bazaya Yazıldı: 'admin-sistemi/src/pages/TestProfilePage.jsx'
[2026-07-22 01:00:11] [INFO] Maksimal AI Analiz Bazaya Yazıldı: 'admin-sistemi/src/pages/VacationRequestsPage.jsx'
[2026-07-22 01:00:11] [INFO] Maksimal AI Analiz Bazaya Yazıldı: 'admin-sistemi/src/pages/AdminTools/AdminClientLogs.jsx'
[2026-07-22 01:00:11] [INFO] Maksimal AI Analiz Bazaya Yazıldı: 'admin-sistemi/src/pages/AdminTools/AdminManagement.jsx'
[2026-07-22 01:00:11] [INFO] Maksimal AI Analiz Bazaya Yazıldı: 'admin-sistemi/src/pages/AdminTools/AdminToolsPage.jsx'
[2026-07-22 01:00:11] [INFO] Maksimal AI Analiz Bazaya Yazıldı: 'admin-sistemi/src/pages/AdminTools/DictionaryManager.jsx'
[2026-07-22 01:00:11] [INFO] Maksimal AI Analiz Bazaya Yazıldı: 'admin-sistemi/src/pages/AdminTools/SystemTestManager.jsx'
[2026-07-22 01:00:11] [INFO] Maksimal AI Analiz Bazaya Yazıldı: 'admin-sistemi/src/pages/Notifications/NotificationsPage.jsx'
[2026-07-22 01:00:12] [INFO] Maksimal AI Analiz Bazaya Yazıldı: 'admin-sistemi/src/services/adminApi.js'
[2026-07-22 01:00:12] [INFO] Maksimal AI Analiz Bazaya Yazıldı: 'admin-sistemi/src/services/api.js'
[2026-07-22 01:00:12] [INFO] Maksimal AI Analiz Bazaya Yazıldı: 'admin-sistemi/src/services/errorReporter.js'
[2026-07-22 01:00:12] [INFO] Maksimal AI Analiz Bazaya Yazıldı: 'admin-sistemi/src/services/logService.js'
[2026-07-22 01:00:12] [INFO] Maksimal AI Analiz Bazaya Yazıldı: 'admin-sistemi/src/services/versionService.js'
[2026-07-22 01:00:12] [INFO] Maksimal AI Analiz Bazaya Yazıldı: 'admin-sistemi/src/test/apiService.test.js'
[2026-07-22 01:00:13] [INFO] Maksimal AI Analiz Bazaya Yazıldı: 'admin-sistemi/src/test/app_health.test.js'
[2026-07-22 01:00:13] [INFO] Maksimal AI Analiz Bazaya Yazıldı: 'admin-sistemi/src/test/login.test.jsx'
[2026-07-22 01:00:13] [INFO] Maksimal AI Analiz Bazaya Yazıldı: 'admin-sistemi/src/test/setup.js'
[2026-07-22 01:00:13] [INFO] Maksimal AI Analiz Bazaya Yazıldı: 'admin-sistemi/src/theme/design-system.css'
[2026-07-22 01:00:13] [INFO] Maksimal AI Analiz Bazaya Yazıldı: 'admin-sistemi/src/theme/theme.js'
[2026-07-22 01:00:13] [INFO] Maksimal AI Analiz Bazaya Yazıldı: 'admin-sistemi/src-tauri/Cargo.lock'
[2026-07-22 01:00:13] [INFO] Maksimal AI Analiz Bazaya Yazıldı: 'admin-sistemi/src-tauri/Cargo.toml'
[2026-07-22 01:00:14] [INFO] Maksimal AI Analiz Bazaya Yazıldı: 'admin-sistemi/src-tauri/build.rs'
[2026-07-22 01:00:14] [INFO] Maksimal AI Analiz Bazaya Yazıldı: 'admin-sistemi/src-tauri/build_err.log'
[2026-07-22 01:00:14] [INFO] Maksimal AI Analiz Bazaya Yazıldı: 'admin-sistemi/src-tauri/custom_api.txt'
[2026-07-22 01:00:14] [INFO] Maksimal AI Analiz Bazaya Yazıldı: 'admin-sistemi/src-tauri/error.log'
[2026-07-22 01:00:14] [INFO] Maksimal AI Analiz Bazaya Yazıldı: 'admin-sistemi/src-tauri/error_utf8.log'
[2026-07-22 01:00:14] [INFO] Maksimal AI Analiz Bazaya Yazıldı: 'admin-sistemi/src-tauri/extract_keys.py'
[2026-07-22 01:00:14] [INFO] Maksimal AI Analiz Bazaya Yazıldı: 'admin-sistemi/src-tauri/private.key'
[2026-07-22 01:00:15] [INFO] Maksimal AI Analiz Bazaya Yazıldı: 'admin-sistemi/src-tauri/public.key'
[2026-07-22 01:00:15] [INFO] Maksimal AI Analiz Bazaya Yazıldı: 'admin-sistemi/src-tauri/tauri.conf.json'
[2026-07-22 01:00:15] [INFO] Maksimal AI Analiz Bazaya Yazıldı: 'admin-sistemi/src-tauri/build/hooks.nsh'
[2026-07-22 01:00:15] [INFO] Maksimal AI Analiz Bazaya Yazıldı: 'admin-sistemi/src-tauri/capabilities/default.json'
[2026-07-22 01:00:15] [INFO] Maksimal AI Analiz Bazaya Yazıldı: 'admin-sistemi/src-tauri/gen/schemas/acl-manifests.json'
[2026-07-22 01:00:15] [INFO] Maksimal AI Analiz Bazaya Yazıldı: 'admin-sistemi/src-tauri/gen/schemas/capabilities.json'
[2026-07-22 01:00:16] [INFO] Maksimal AI Analiz Bazaya Yazıldı: 'admin-sistemi/src-tauri/gen/schemas/desktop-schema.json'
[2026-07-22 01:00:16] [INFO] Maksimal AI Analiz Bazaya Yazıldı: 'admin-sistemi/src-tauri/gen/schemas/windows-schema.json'
[2026-07-22 01:00:16] [INFO] Maksimal AI Analiz Bazaya Yazıldı: 'admin-sistemi/src-tauri/icons/128x128.png'
[2026-07-22 01:00:16] [INFO] Maksimal AI Analiz Bazaya Yazıldı: 'admin-sistemi/src-tauri/icons/128x128@2x.png'
[2026-07-22 01:00:16] [INFO] Maksimal AI Analiz Bazaya Yazıldı: 'admin-sistemi/src-tauri/icons/32x32.png'
[2026-07-22 01:00:17] [INFO] Maksimal AI Analiz Bazaya Yazıldı: 'admin-sistemi/src-tauri/icons/icon.icns'
[2026-07-22 01:00:17] [INFO] Maksimal AI Analiz Bazaya Yazıldı: 'admin-sistemi/src-tauri/icons/icon.ico'
[2026-07-22 01:00:18] [INFO] Maksimal AI Analiz Bazaya Yazıldı: 'admin-sistemi/src-tauri/icons/icon.png'
[2026-07-22 01:00:18] [INFO] Maksimal AI Analiz Bazaya Yazıldı: 'admin-sistemi/src-tauri/icons/icons.icns'
[2026-07-22 01:00:18] [INFO] Maksimal AI Analiz Bazaya Yazıldı: 'admin-sistemi/src-tauri/icons/icons.ico'
[2026-07-22 01:00:19] [INFO] Maksimal AI Analiz Bazaya Yazıldı: 'admin-sistemi/src-tauri/icons/icons.png'
[2026-07-22 01:00:19] [INFO] Maksimal AI Analiz Bazaya Yazıldı: 'admin-sistemi/src-tauri/settings/pre_install.nsh'
[2026-07-22 01:00:19] [INFO] Maksimal AI Analiz Bazaya Yazıldı: 'admin-sistemi/src-tauri/src/main.rs'
[2026-07-22 01:00:19] [INFO] Maksimal AI Analiz Bazaya Yazıldı: 'beledci/MUNDERICAT.md'
[2026-07-22 01:00:19] [INFO] Maksimal AI Analiz Bazaya Yazıldı: 'beledci/README.md'
[2026-07-22 01:00:19] [INFO] Maksimal AI Analiz Bazaya Yazıldı: 'beledci/YENILIKLER_PLAN.md'
[2026-07-22 01:00:20] [INFO] Maksimal AI Analiz Bazaya Yazıldı: 'beledci/YENILIKLER_PLAN_2.md'
[2026-07-22 01:00:27] [INFO] Maksimal AI Analiz Bazaya Yazıldı: 'beledci/beledci.html'
[2026-07-22 01:00:27] [INFO] Maksimal AI Analiz Bazaya Yazıldı: 'beledci/beledci.log'
[2026-07-22 01:00:28] [INFO] Maksimal AI Analiz Bazaya Yazıldı: 'beledci/beledci_generator.py'
[2026-07-22 01:00:33] [INFO] Maksimal AI Analiz Bazaya Yazıldı: 'beledci/beledci_kb.db'
[2026-07-22 01:00:33] [INFO] Maksimal AI Analiz Bazaya Yazıldı: 'beledci/descriptions.json'
[2026-07-22 01:00:33] [INFO] Maksimal AI Analiz Bazaya Yazıldı: 'docs/README.md'
[2026-07-22 01:00:33] [INFO] Maksimal AI Analiz Bazaya Yazıldı: 'github/repo_gui copy.py'
[2026-07-22 01:00:33] [INFO] Maksimal AI Analiz Bazaya Yazıldı: 'github/repo_gui.py'
[2026-07-22 01:00:34] [INFO] Maksimal AI Analiz Bazaya Yazıldı: 'github/repo_logs/log_2026-06-22.txt'
[2026-07-22 01:00:34] [INFO] Maksimal AI Analiz Bazaya Yazıldı: 'github/repo_logs/log_2026-07-01.txt'
[2026-07-22 01:00:34] [INFO] Maksimal AI Analiz Bazaya Yazıldı: 'github/repo_logs/log_2026-07-05.txt'
[2026-07-22 01:00:34] [INFO] Maksimal AI Analiz Bazaya Yazıldı: 'github/repo_logs/log_2026-07-06.txt'
[2026-07-22 01:00:34] [INFO] Maksimal AI Analiz Bazaya Yazıldı: 'github/repo_logs/log_2026-07-07.txt'
[2026-07-22 01:00:34] [INFO] Maksimal AI Analiz Bazaya Yazıldı: 'github/repo_logs/log_2026-07-08.txt'
[2026-07-22 01:00:35] [INFO] Maksimal AI Analiz Bazaya Yazıldı: 'github/repo_logs/log_2026-07-09.txt'
[2026-07-22 01:00:35] [INFO] Maksimal AI Analiz Bazaya Yazıldı: 'github/repo_logs/log_2026-07-10.txt'
[2026-07-22 01:00:35] [INFO] Maksimal AI Analiz Bazaya Yazıldı: 'github/repo_logs/log_2026-07-11.txt'
[2026-07-22 01:00:36] [INFO] Maksimal AI Analiz Bazaya Yazıldı: 'github/repo_logs/log_2026-07-12.txt'
[2026-07-22 01:00:36] [INFO] Maksimal AI Analiz Bazaya Yazıldı: 'github/repo_logs/log_2026-07-13.txt'
[2026-07-22 01:00:36] [INFO] Maksimal AI Analiz Bazaya Yazıldı: 'github/repo_logs/log_2026-07-14.txt'
[2026-07-22 01:00:36] [INFO] Maksimal AI Analiz Bazaya Yazıldı: 'github/repo_logs/log_2026-07-16.txt'
[2026-07-22 01:00:36] [INFO] Maksimal AI Analiz Bazaya Yazıldı: 'github/repo_logs/log_2026-07-19.txt'
[2026-07-22 01:00:36] [INFO] Maksimal AI Analiz Bazaya Yazıldı: 'github/repo_logs/log_2026-07-20.txt'
[2026-07-22 01:00:37] [INFO] Maksimal AI Analiz Bazaya Yazıldı: 'github/repo_logs/log_2026-07-21.txt'
[2026-07-22 01:00:37] [INFO] Maksimal AI Analiz Bazaya Yazıldı: 'mezuniyyet/MIGRATION_GUIDE.md'
[2026-07-22 01:00:37] [INFO] Maksimal AI Analiz Bazaya Yazıldı: 'mezuniyyet/NEXT_AGENT_INSTRUCTIONS.md'
[2026-07-22 01:00:37] [INFO] Maksimal AI Analiz Bazaya Yazıldı: 'mezuniyyet/beledci_mema.md'
[2026-07-22 01:00:37] [INFO] Maksimal AI Analiz Bazaya Yazıldı: 'mezuniyyet/build_and_push_app.py'
[2026-07-22 01:00:37] [INFO] Maksimal AI Analiz Bazaya Yazıldı: 'mezuniyyet/build_log.md'
[2026-07-22 01:00:37] [INFO] Maksimal AI Analiz Bazaya Yazıldı: 'mezuniyyet/custom_api.txt'
[2026-07-22 01:00:38] [INFO] Maksimal AI Analiz Bazaya Yazıldı: 'mezuniyyet/gelecek_planlar.md'
[2026-07-22 01:00:38] [INFO] Maksimal AI Analiz Bazaya Yazıldı: 'mezuniyyet/history_manager.py'
[2026-07-22 01:00:38] [INFO] Maksimal AI Analiz Bazaya Yazıldı: 'mezuniyyet/mema.md'
[2026-07-22 01:00:38] [INFO] Maksimal AI Analiz Bazaya Yazıldı: 'mezuniyyet/mezuniyyet-rust-taurisiz-olan.code-workspace'
[2026-07-22 01:00:38] [INFO] Maksimal AI Analiz Bazaya Yazıldı: 'mezuniyyet/run_app.py'
[2026-07-22 01:00:38] [INFO] Maksimal AI Analiz Bazaya Yazıldı: 'mezuniyyet/tauri_simulator.py'
[2026-07-22 01:00:39] [INFO] Maksimal AI Analiz Bazaya Yazıldı: 'mezuniyyet/test_smart_gate.py'
[2026-07-22 01:00:39] [INFO] Maksimal AI Analiz Bazaya Yazıldı: 'mezuniyyet/update_debug.py'
[2026-07-22 01:00:39] [INFO] Maksimal AI Analiz Bazaya Yazıldı: 'mezuniyyet/cloudflare-gate/wrangler.toml'
[2026-07-22 01:00:39] [INFO] Maksimal AI Analiz Bazaya Yazıldı: 'mezuniyyet/cloudflare-gate/src/index.js'
[2026-07-22 01:00:39] [INFO] Maksimal AI Analiz Bazaya Yazıldı: 'mezuniyyet/dizayn/index.html'
[2026-07-22 01:00:39] [INFO] Maksimal AI Analiz Bazaya Yazıldı: 'mezuniyyet/dizayn/script.js'
[2026-07-22 01:00:39] [INFO] Maksimal AI Analiz Bazaya Yazıldı: 'mezuniyyet/dizayn/style.css'
[2026-07-22 01:00:40] [INFO] Maksimal AI Analiz Bazaya Yazıldı: 'mezuniyyet/docs/MIGRATION_GUIDE.md'
[2026-07-22 01:00:40] [INFO] Maksimal AI Analiz Bazaya Yazıldı: 'mezuniyyet/docs/NEXT_AGENT_INSTRUCTIONS.md'
[2026-07-22 01:00:40] [INFO] Maksimal AI Analiz Bazaya Yazıldı: 'mezuniyyet/docs/beledci_mema.md'
[2026-07-22 01:00:40] [INFO] Maksimal AI Analiz Bazaya Yazıldı: 'mezuniyyet/docs/build_log.md'
[2026-07-22 01:00:40] [INFO] Maksimal AI Analiz Bazaya Yazıldı: 'mezuniyyet/docs/external-games__client__README.md'
[2026-07-22 01:00:40] [INFO] Maksimal AI Analiz Bazaya Yazıldı: 'mezuniyyet/docs/gelecek_planlar.md'
[2026-07-22 01:00:40] [INFO] Maksimal AI Analiz Bazaya Yazıldı: 'mezuniyyet/docs/mema.md'
[2026-07-22 01:00:41] [INFO] Maksimal AI Analiz Bazaya Yazıldı: 'mezuniyyet/docs/tests__README.md'
[2026-07-22 01:00:41] [INFO] Maksimal AI Analiz Bazaya Yazıldı: 'mezuniyyet/docs/tests__TEST_BASLAMA_REHBERI.md'
[2026-07-22 01:00:41] [INFO] Maksimal AI Analiz Bazaya Yazıldı: 'mezuniyyet/external-games/client/README.md'
[2026-07-22 01:00:41] [INFO] Maksimal AI Analiz Bazaya Yazıldı: 'mezuniyyet/external-games/client/eslint.config.js'
[2026-07-22 01:00:41] [INFO] Maksimal AI Analiz Bazaya Yazıldı: 'mezuniyyet/external-games/client/index.html'
[2026-07-22 01:00:41] [INFO] Maksimal AI Analiz Bazaya Yazıldı: 'mezuniyyet/external-games/client/package-lock.json'
[2026-07-22 01:00:41] [INFO] Maksimal AI Analiz Bazaya Yazıldı: 'mezuniyyet/external-games/client/package.json'
[2026-07-22 01:00:42] [INFO] Maksimal AI Analiz Bazaya Yazıldı: 'mezuniyyet/external-games/client/vite.config.js'
[2026-07-22 01:00:42] [INFO] Maksimal AI Analiz Bazaya Yazıldı: 'mezuniyyet/external-games/client/public/favicon.svg'
[2026-07-22 01:00:42] [INFO] Maksimal AI Analiz Bazaya Yazıldı: 'mezuniyyet/external-games/client/public/icons.svg'
[2026-07-22 01:00:42] [INFO] Maksimal AI Analiz Bazaya Yazıldı: 'mezuniyyet/external-games/client/src/App.css'
[2026-07-22 01:00:42] [INFO] Maksimal AI Analiz Bazaya Yazıldı: 'mezuniyyet/external-games/client/src/App.jsx'
[2026-07-22 01:00:42] [INFO] Maksimal AI Analiz Bazaya Yazıldı: 'mezuniyyet/external-games/client/src/SocketContext.jsx'
[2026-07-22 01:00:42] [INFO] Maksimal AI Analiz Bazaya Yazıldı: 'mezuniyyet/external-games/client/src/index.css'
[2026-07-22 01:00:43] [INFO] Maksimal AI Analiz Bazaya Yazıldı: 'mezuniyyet/external-games/client/src/main.jsx'
[2026-07-22 01:00:43] [INFO] Maksimal AI Analiz Bazaya Yazıldı: 'mezuniyyet/external-games/client/src/assets/hero.png'
[2026-07-22 01:00:43] [INFO] Maksimal AI Analiz Bazaya Yazıldı: 'mezuniyyet/external-games/client/src/assets/react.svg'
[2026-07-22 01:00:43] [INFO] Maksimal AI Analiz Bazaya Yazıldı: 'mezuniyyet/external-games/client/src/assets/vite.svg'
[2026-07-22 01:00:43] [INFO] Maksimal AI Analiz Bazaya Yazıldı: 'mezuniyyet/external-games/client/src/components/Games/TicTacToe/Board.jsx'
[2026-07-22 01:00:43] [INFO] Maksimal AI Analiz Bazaya Yazıldı: 'mezuniyyet/external-games/client/src/components/Games/TicTacToe/Dice3D.jsx'
[2026-07-22 01:00:43] [INFO] Maksimal AI Analiz Bazaya Yazıldı: 'mezuniyyet/external-games/client/src/components/Games/TicTacToe/DiceOverlay.jsx'
[2026-07-22 01:00:44] [INFO] Maksimal AI Analiz Bazaya Yazıldı: 'mezuniyyet/external-games/client/src/components/Games/TicTacToe/TicTacToe.jsx'
[2026-07-22 01:00:44] [INFO] Maksimal AI Analiz Bazaya Yazıldı: 'mezuniyyet/external-games/server/index.js'
[2026-07-22 01:00:44] [INFO] Maksimal AI Analiz Bazaya Yazıldı: 'mezuniyyet/external-games/server/package-lock.json'
[2026-07-22 01:00:44] [INFO] Maksimal AI Analiz Bazaya Yazıldı: 'mezuniyyet/external-games/server/package.json'
[2026-07-22 01:00:44] [INFO] Maksimal AI Analiz Bazaya Yazıldı: 'mezuniyyet/external-games/server/unban.js'
[2026-07-22 01:00:44] [INFO] Maksimal AI Analiz Bazaya Yazıldı: 'mezuniyyet/private key game/ssh-key-2026-06-15 (5).key'
[2026-07-22 01:00:44] [INFO] Maksimal AI Analiz Bazaya Yazıldı: 'mezuniyyet/requirements/requirements-dev.txt'
[2026-07-22 01:00:45] [INFO] Maksimal AI Analiz Bazaya Yazıldı: 'mezuniyyet/requirements/requirements-lock.txt'
[2026-07-22 01:00:45] [INFO] Maksimal AI Analiz Bazaya Yazıldı: 'mezuniyyet/requirements/requirements.txt'
[2026-07-22 01:00:45] [INFO] Maksimal AI Analiz Bazaya Yazıldı: 'mezuniyyet/rust-sistemi/add-defender-exclusion.ps1'
[2026-07-22 01:00:45] [INFO] Maksimal AI Analiz Bazaya Yazıldı: 'mezuniyyet/rust-sistemi/custom_api.txt'
[2026-07-22 01:00:45] [INFO] Maksimal AI Analiz Bazaya Yazıldı: 'mezuniyyet/rust-sistemi/dummy_test.txt.sig'
[2026-07-22 01:00:45] [INFO] Maksimal AI Analiz Bazaya Yazıldı: 'mezuniyyet/rust-sistemi/eslint.config.js'
[2026-07-22 01:00:45] [INFO] Maksimal AI Analiz Bazaya Yazıldı: 'mezuniyyet/rust-sistemi/generate_print_designs.cjs'
[2026-07-22 01:00:46] [INFO] Maksimal AI Analiz Bazaya Yazıldı: 'mezuniyyet/rust-sistemi/icon.png'
[2026-07-22 01:00:46] [INFO] Maksimal AI Analiz Bazaya Yazıldı: 'mezuniyyet/rust-sistemi/index.html'
[2026-07-22 01:00:46] [INFO] Maksimal AI Analiz Bazaya Yazıldı: 'mezuniyyet/rust-sistemi/package-lock.json'
[2026-07-22 01:00:46] [INFO] Maksimal AI Analiz Bazaya Yazıldı: 'mezuniyyet/rust-sistemi/package.json'
[2026-07-22 01:00:46] [INFO] Maksimal AI Analiz Bazaya Yazıldı: 'mezuniyyet/rust-sistemi/start_dev.bat'
[2026-07-22 01:00:46] [INFO] Maksimal AI Analiz Bazaya Yazıldı: 'mezuniyyet/rust-sistemi/vite.config.js'
[2026-07-22 01:00:47] [INFO] Maksimal AI Analiz Bazaya Yazıldı: 'mezuniyyet/rust-sistemi/new-api/Cargo.lock'
[2026-07-22 01:00:47] [INFO] Maksimal AI Analiz Bazaya Yazıldı: 'mezuniyyet/rust-sistemi/new-api/Cargo.toml'
[2026-07-22 01:00:47] [INFO] Maksimal AI Analiz Bazaya Yazıldı: 'mezuniyyet/rust-sistemi/new-api/Dockerfile'
[2026-07-22 01:00:47] [INFO] Maksimal AI Analiz Bazaya Yazıldı: 'mezuniyyet/rust-sistemi/new-api/build_and_deploy_api_local.py'
[2026-07-22 01:00:47] [INFO] Maksimal AI Analiz Bazaya Yazıldı: 'mezuniyyet/rust-sistemi/new-api/check2.txt'
[2026-07-22 01:00:47] [INFO] Maksimal AI Analiz Bazaya Yazıldı: 'mezuniyyet/rust-sistemi/new-api/check_errors.txt'
[2026-07-22 01:00:47] [INFO] Maksimal AI Analiz Bazaya Yazıldı: 'mezuniyyet/rust-sistemi/new-api/check_output.txt'
[2026-07-22 01:00:48] [INFO] Maksimal AI Analiz Bazaya Yazıldı: 'mezuniyyet/rust-sistemi/new-api/check_output_utf8.txt'
[2026-07-22 01:00:48] [INFO] Maksimal AI Analiz Bazaya Yazıldı: 'mezuniyyet/rust-sistemi/new-api/check_stderr.txt'
[2026-07-22 01:00:48] [INFO] Maksimal AI Analiz Bazaya Yazıldı: 'mezuniyyet/rust-sistemi/new-api/check_stdout.txt'
[2026-07-22 01:00:48] [INFO] Maksimal AI Analiz Bazaya Yazıldı: 'mezuniyyet/rust-sistemi/new-api/error.log'
[2026-07-22 01:00:48] [INFO] Maksimal AI Analiz Bazaya Yazıldı: 'mezuniyyet/rust-sistemi/new-api/error_ansi.txt'
[2026-07-22 01:00:48] [INFO] Maksimal AI Analiz Bazaya Yazıldı: 'mezuniyyet/rust-sistemi/new-api/errors.log'
[2026-07-22 01:00:48] [INFO] Maksimal AI Analiz Bazaya Yazıldı: 'mezuniyyet/rust-sistemi/new-api/errors.txt'
[2026-07-22 01:00:49] [INFO] Maksimal AI Analiz Bazaya Yazıldı: 'mezuniyyet/rust-sistemi/new-api/errors_json.log'
[2026-07-22 01:00:49] [INFO] Maksimal AI Analiz Bazaya Yazıldı: 'mezuniyyet/rust-sistemi/new-api/errors_utf8.log'
[2026-07-22 01:00:49] [INFO] Maksimal AI Analiz Bazaya Yazıldı: 'mezuniyyet/rust-sistemi/new-api/errors_utf8.txt'
[2026-07-22 01:00:49] [INFO] Maksimal AI Analiz Bazaya Yazıldı: 'mezuniyyet/rust-sistemi/new-api/last_test_run.log'
[2026-07-22 01:00:49] [INFO] Maksimal AI Analiz Bazaya Yazıldı: 'mezuniyyet/rust-sistemi/new-api/read_log.py'
[2026-07-22 01:00:49] [INFO] Maksimal AI Analiz Bazaya Yazıldı: 'mezuniyyet/rust-sistemi/new-api/render.yaml'
[2026-07-22 01:00:49] [INFO] Maksimal AI Analiz Bazaya Yazıldı: 'mezuniyyet/rust-sistemi/new-api/test_results.log'
[2026-07-22 01:00:50] [INFO] Maksimal AI Analiz Bazaya Yazıldı: 'mezuniyyet/rust-sistemi/new-api/tests_output.log'
[2026-07-22 01:00:50] [INFO] Maksimal AI Analiz Bazaya Yazıldı: 'mezuniyyet/rust-sistemi/new-api/logs/client_logs_2026-06-01.jsonl'
[2026-07-22 01:00:50] [INFO] Maksimal AI Analiz Bazaya Yazıldı: 'mezuniyyet/rust-sistemi/new-api/logs/client_logs_2026-06-02.jsonl'
[2026-07-22 01:00:50] [INFO] Maksimal AI Analiz Bazaya Yazıldı: 'mezuniyyet/rust-sistemi/new-api/logs/client_logs_2026-06-03.jsonl'
[2026-07-22 01:00:50] [INFO] Maksimal AI Analiz Bazaya Yazıldı: 'mezuniyyet/rust-sistemi/new-api/logs/client_logs_2026-06-04.jsonl'
[2026-07-22 01:00:51] [INFO] Maksimal AI Analiz Bazaya Yazıldı: 'mezuniyyet/rust-sistemi/new-api/logs/client_logs_2026-06-05.jsonl'
[2026-07-22 01:00:51] [INFO] Maksimal AI Analiz Bazaya Yazıldı: 'mezuniyyet/rust-sistemi/new-api/logs/client_logs_2026-06-08.jsonl'
[2026-07-22 01:00:51] [INFO] Maksimal AI Analiz Bazaya Yazıldı: 'mezuniyyet/rust-sistemi/new-api/logs/client_logs_2026-06-09.jsonl'
[2026-07-22 01:00:51] [INFO] Maksimal AI Analiz Bazaya Yazıldı: 'mezuniyyet/rust-sistemi/new-api/logs/client_logs_2026-06-10.jsonl'
[2026-07-22 01:00:52] [INFO] Maksimal AI Analiz Bazaya Yazıldı: 'mezuniyyet/rust-sistemi/new-api/logs/client_logs_2026-06-11.jsonl'
[2026-07-22 01:00:52] [INFO] Maksimal AI Analiz Bazaya Yazıldı: 'mezuniyyet/rust-sistemi/new-api/logs/client_logs_2026-06-15.jsonl'
[2026-07-22 01:00:52] [INFO] Maksimal AI Analiz Bazaya Yazıldı: 'mezuniyyet/rust-sistemi/new-api/logs/client_logs_2026-06-16.jsonl'
[2026-07-22 01:00:52] [INFO] Maksimal AI Analiz Bazaya Yazıldı: 'mezuniyyet/rust-sistemi/new-api/logs/client_logs_2026-06-19.jsonl'
[2026-07-22 01:00:52] [INFO] Maksimal AI Analiz Bazaya Yazıldı: 'mezuniyyet/rust-sistemi/new-api/logs/client_logs_2026-06-21.jsonl'
[2026-07-22 01:00:53] [INFO] Maksimal AI Analiz Bazaya Yazıldı: 'mezuniyyet/rust-sistemi/new-api/logs/client_logs_2026-06-29.jsonl'
[2026-07-22 01:00:53] [INFO] Maksimal AI Analiz Bazaya Yazıldı: 'mezuniyyet/rust-sistemi/new-api/logs/client_logs_2026-07-10.jsonl'
[2026-07-22 01:00:53] [INFO] Maksimal AI Analiz Bazaya Yazıldı: 'mezuniyyet/rust-sistemi/new-api/logs/client_logs_2026-07-11.jsonl'
[2026-07-22 01:00:54] [INFO] Maksimal AI Analiz Bazaya Yazıldı: 'mezuniyyet/rust-sistemi/new-api/logs/client_logs_2026-07-12.jsonl'
[2026-07-22 01:00:54] [INFO] Maksimal AI Analiz Bazaya Yazıldı: 'mezuniyyet/rust-sistemi/new-api/logs/client_logs_2026-07-20.jsonl'
[2026-07-22 01:00:54] [INFO] Maksimal AI Analiz Bazaya Yazıldı: 'mezuniyyet/rust-sistemi/new-api/logs/client_logs_2026-07-21.jsonl'
[2026-07-22 01:00:54] [INFO] Maksimal AI Analiz Bazaya Yazıldı: 'mezuniyyet/rust-sistemi/new-api/migrations/20240101000000_init.sql'
[2026-07-22 01:00:54] [INFO] Maksimal AI Analiz Bazaya Yazıldı: 'mezuniyyet/rust-sistemi/new-api/migrations/20260107_expand_chat_schema.sql'
[2026-07-22 01:00:54] [INFO] Maksimal AI Analiz Bazaya Yazıldı: 'mezuniyyet/rust-sistemi/new-api/migrations/20260710000000_setup_tokens.sql'
[2026-07-22 01:00:54] [INFO] Maksimal AI Analiz Bazaya Yazıldı: 'mezuniyyet/rust-sistemi/new-api/src/db.rs'
[2026-07-22 01:00:55] [INFO] Maksimal AI Analiz Bazaya Yazıldı: 'mezuniyyet/rust-sistemi/new-api/src/handlers.rs'
[2026-07-22 01:00:55] [INFO] Maksimal AI Analiz Bazaya Yazıldı: 'mezuniyyet/rust-sistemi/new-api/src/main.rs'
[2026-07-22 01:00:55] [INFO] Maksimal AI Analiz Bazaya Yazıldı: 'mezuniyyet/rust-sistemi/new-api/src/migrations.rs'
[2026-07-22 01:00:55] [INFO] Maksimal AI Analiz Bazaya Yazıldı: 'mezuniyyet/rust-sistemi/new-api/src/models.rs'
[2026-07-22 01:00:55] [INFO] Maksimal AI Analiz Bazaya Yazıldı: 'mezuniyyet/rust-sistemi/new-api/src/tests_integration.rs'
[2026-07-22 01:00:55] [INFO] Maksimal AI Analiz Bazaya Yazıldı: 'mezuniyyet/rust-sistemi/new-api/src/utils.rs'
[2026-07-22 01:00:55] [INFO] Maksimal AI Analiz Bazaya Yazıldı: 'mezuniyyet/rust-sistemi/new-api/src/handlers/admin.rs'
[2026-07-22 01:00:56] [INFO] Maksimal AI Analiz Bazaya Yazıldı: 'mezuniyyet/rust-sistemi/new-api/src/handlers/auth.rs'
[2026-07-22 01:00:56] [INFO] Maksimal AI Analiz Bazaya Yazıldı: 'mezuniyyet/rust-sistemi/new-api/src/handlers/business.rs'
[2026-07-22 01:00:56] [INFO] Maksimal AI Analiz Bazaya Yazıldı: 'mezuniyyet/rust-sistemi/new-api/src/handlers/chat.rs'
[2026-07-22 01:00:56] [INFO] Maksimal AI Analiz Bazaya Yazıldı: 'mezuniyyet/rust-sistemi/new-api/src/handlers/client_logs.rs'
[2026-07-22 01:00:56] [INFO] Maksimal AI Analiz Bazaya Yazıldı: 'mezuniyyet/rust-sistemi/new-api/src/handlers/dashboard.rs'
[2026-07-22 01:00:56] [INFO] Maksimal AI Analiz Bazaya Yazıldı: 'mezuniyyet/rust-sistemi/new-api/src/handlers/employees.rs'
[2026-07-22 01:00:56] [INFO] Maksimal AI Analiz Bazaya Yazıldı: 'mezuniyyet/rust-sistemi/new-api/src/handlers/errors.rs'
[2026-07-22 01:00:57] [INFO] Maksimal AI Analiz Bazaya Yazıldı: 'mezuniyyet/rust-sistemi/new-api/src/handlers/notification.rs'
[2026-07-22 01:00:57] [INFO] Maksimal AI Analiz Bazaya Yazıldı: 'mezuniyyet/rust-sistemi/new-api/src/handlers/notifications.rs'
[2026-07-22 01:00:57] [INFO] Maksimal AI Analiz Bazaya Yazıldı: 'mezuniyyet/rust-sistemi/new-api/src/handlers/profile.rs'
[2026-07-22 01:00:57] [INFO] Maksimal AI Analiz Bazaya Yazıldı: 'mezuniyyet/rust-sistemi/new-api/src/handlers/super_admin.rs'
[2026-07-22 01:00:57] [INFO] Maksimal AI Analiz Bazaya Yazıldı: 'mezuniyyet/rust-sistemi/new-api/src/handlers/tenant.rs'
[2026-07-22 01:00:57] [INFO] Maksimal AI Analiz Bazaya Yazıldı: 'mezuniyyet/rust-sistemi/new-api/src/handlers/tenants.rs'
[2026-07-22 01:00:57] [INFO] Maksimal AI Analiz Bazaya Yazıldı: 'mezuniyyet/rust-sistemi/new-api/src/handlers/vacations.rs'
[2026-07-22 01:00:58] [INFO] Maksimal AI Analiz Bazaya Yazıldı: 'mezuniyyet/rust-sistemi/new-api/src/handlers/version.rs'
[2026-07-22 01:00:58] [INFO] Maksimal AI Analiz Bazaya Yazıldı: 'mezuniyyet/rust-sistemi/new-api/src/handlers/websocket.rs'
[2026-07-22 01:00:58] [INFO] Maksimal AI Analiz Bazaya Yazıldı: 'mezuniyyet/rust-sistemi/new-api/src/middleware/admin.rs'
[2026-07-22 01:00:58] [INFO] Maksimal AI Analiz Bazaya Yazıldı: 'mezuniyyet/rust-sistemi/new-api/src/middleware/auth.rs'
[2026-07-22 01:00:58] [INFO] Maksimal AI Analiz Bazaya Yazıldı: 'mezuniyyet/rust-sistemi/new-api/src/middleware/gateway_auth.rs'
[2026-07-22 01:00:58] [INFO] Maksimal AI Analiz Bazaya Yazıldı: 'mezuniyyet/rust-sistemi/new-api/src/middleware/ip.rs'
[2026-07-22 01:00:58] [INFO] Maksimal AI Analiz Bazaya Yazıldı: 'mezuniyyet/rust-sistemi/new-api/src/middleware/logger.rs'
[2026-07-22 01:00:58] [INFO] Maksimal AI Analiz Bazaya Yazıldı: 'mezuniyyet/rust-sistemi/new-api/src/middleware/mod.rs'
[2026-07-22 01:00:59] [INFO] Maksimal AI Analiz Bazaya Yazıldı: 'mezuniyyet/rust-sistemi/new-api/src/middleware/rate_limit.rs'
[2026-07-22 01:00:59] [INFO] Maksimal AI Analiz Bazaya Yazıldı: 'mezuniyyet/rust-sistemi/new-api/src/middleware/rate_limit_tracker.rs'
[2026-07-22 01:00:59] [INFO] Maksimal AI Analiz Bazaya Yazıldı: 'mezuniyyet/rust-sistemi/new-api/src/middleware/server_logger.rs'
[2026-07-22 01:00:59] [INFO] Maksimal AI Analiz Bazaya Yazıldı: 'mezuniyyet/rust-sistemi/public/Airplane.json'
[2026-07-22 01:00:59] [INFO] Maksimal AI Analiz Bazaya Yazıldı: 'mezuniyyet/rust-sistemi/public/calendar_design.html'
[2026-07-22 01:00:59] [INFO] Maksimal AI Analiz Bazaya Yazıldı: 'mezuniyyet/rust-sistemi/public/home_design.html'
[2026-07-22 01:00:59] [INFO] Maksimal AI Analiz Bazaya Yazıldı: 'mezuniyyet/rust-sistemi/public/log_designs.html'
[2026-07-22 01:01:00] [INFO] Maksimal AI Analiz Bazaya Yazıldı: 'mezuniyyet/rust-sistemi/public/splash.html'
[2026-07-22 01:01:00] [INFO] Maksimal AI Analiz Bazaya Yazıldı: 'mezuniyyet/rust-sistemi/public/test_airplane.html'
[2026-07-22 01:01:00] [INFO] Maksimal AI Analiz Bazaya Yazıldı: 'mezuniyyet/rust-sistemi/public/test_lottie.html'
[2026-07-22 01:01:00] [INFO] Maksimal AI Analiz Bazaya Yazıldı: 'mezuniyyet/rust-sistemi/public/test_print.html'
[2026-07-22 01:01:00] [INFO] Maksimal AI Analiz Bazaya Yazıldı: 'mezuniyyet/rust-sistemi/public/splash-animations/lego.html'
[2026-07-22 01:01:00] [INFO] Maksimal AI Analiz Bazaya Yazıldı: 'mezuniyyet/rust-sistemi/public/splash-animations/tree.html'
[2026-07-22 01:01:01] [INFO] Maksimal AI Analiz Bazaya Yazıldı: 'mezuniyyet/rust-sistemi/src/App.jsx'
[2026-07-22 01:01:01] [INFO] Maksimal AI Analiz Bazaya Yazıldı: 'mezuniyyet/rust-sistemi/src/index.css'
[2026-07-22 01:01:01] [INFO] Maksimal AI Analiz Bazaya Yazıldı: 'mezuniyyet/rust-sistemi/src/main.jsx'
[2026-07-22 01:01:01] [INFO] Maksimal AI Analiz Bazaya Yazıldı: 'mezuniyyet/rust-sistemi/src/components/AnimatedLoader.css'
[2026-07-22 01:01:01] [INFO] Maksimal AI Analiz Bazaya Yazıldı: 'mezuniyyet/rust-sistemi/src/components/AnimatedLoader.css.map'
[2026-07-22 01:01:01] [INFO] Maksimal AI Analiz Bazaya Yazıldı: 'mezuniyyet/rust-sistemi/src/components/AnimatedLoader.jsx'
[2026-07-22 01:01:02] [INFO] Maksimal AI Analiz Bazaya Yazıldı: 'mezuniyyet/rust-sistemi/src/components/CardCustomizerOverlay.jsx'
[2026-07-22 01:01:02] [INFO] Maksimal AI Analiz Bazaya Yazıldı: 'mezuniyyet/rust-sistemi/src/components/CreepyButton.css'
[2026-07-22 01:01:02] [INFO] Maksimal AI Analiz Bazaya Yazıldı: 'mezuniyyet/rust-sistemi/src/components/CreepyButton.jsx'
[2026-07-22 01:01:02] [INFO] Maksimal AI Analiz Bazaya Yazıldı: 'mezuniyyet/rust-sistemi/src/components/DebugConsole.jsx'
[2026-07-22 01:01:02] [INFO] Maksimal AI Analiz Bazaya Yazıldı: 'mezuniyyet/rust-sistemi/src/components/DebugToggleButton.jsx'
[2026-07-22 01:01:02] [INFO] Maksimal AI Analiz Bazaya Yazıldı: 'mezuniyyet/rust-sistemi/src/components/EditEmployeeModal.jsx'
[2026-07-22 01:01:02] [INFO] Maksimal AI Analiz Bazaya Yazıldı: 'mezuniyyet/rust-sistemi/src/components/EmployeeFormDialog.jsx'
[2026-07-22 01:01:03] [INFO] Maksimal AI Analiz Bazaya Yazıldı: 'mezuniyyet/rust-sistemi/src/components/ErrorBoundary.jsx'
[2026-07-22 01:01:03] [INFO] Maksimal AI Analiz Bazaya Yazıldı: 'mezuniyyet/rust-sistemi/src/components/Footer.jsx'
[2026-07-22 01:01:03] [INFO] Maksimal AI Analiz Bazaya Yazıldı: 'mezuniyyet/rust-sistemi/src/components/LeafTransition.jsx'
[2026-07-22 01:01:03] [INFO] Maksimal AI Analiz Bazaya Yazıldı: 'mezuniyyet/rust-sistemi/src/components/ProtectedRoute.jsx'
[2026-07-22 01:01:03] [INFO] Maksimal AI Analiz Bazaya Yazıldı: 'mezuniyyet/rust-sistemi/src/components/RateLimitOverlay.jsx'
[2026-07-22 01:01:03] [INFO] Maksimal AI Analiz Bazaya Yazıldı: 'mezuniyyet/rust-sistemi/src/components/TableToolbar.jsx'
[2026-07-22 01:01:03] [INFO] Maksimal AI Analiz Bazaya Yazıldı: 'mezuniyyet/rust-sistemi/src/components/TopBar.jsx'
[2026-07-22 01:01:03] [INFO] Maksimal AI Analiz Bazaya Yazıldı: 'mezuniyyet/rust-sistemi/src/components/UpdateNotification.jsx'
[2026-07-22 01:01:04] [INFO] Maksimal AI Analiz Bazaya Yazıldı: 'mezuniyyet/rust-sistemi/src/components/VacationCalendar.jsx'
[2026-07-22 01:01:04] [INFO] Maksimal AI Analiz Bazaya Yazıldı: 'mezuniyyet/rust-sistemi/src/components/VacationCalendar_backup.jsx'
[2026-07-22 01:01:04] [INFO] Maksimal AI Analiz Bazaya Yazıldı: 'mezuniyyet/rust-sistemi/src/components/auth/LoginPage.jsx'
[2026-07-22 01:01:04] [INFO] Maksimal AI Analiz Bazaya Yazıldı: 'mezuniyyet/rust-sistemi/src/components/calendar/CalendarPage.jsx'
[2026-07-22 01:01:04] [INFO] Maksimal AI Analiz Bazaya Yazıldı: 'mezuniyyet/rust-sistemi/src/components/common/LoadingOverlay.jsx'
[2026-07-22 01:01:04] [INFO] Maksimal AI Analiz Bazaya Yazıldı: 'mezuniyyet/rust-sistemi/src/components/common/ServerAwakening.jsx'
[2026-07-22 01:01:04] [INFO] Maksimal AI Analiz Bazaya Yazıldı: 'mezuniyyet/rust-sistemi/src/components/common/SplashScreen.jsx'
[2026-07-22 01:01:05] [INFO] Maksimal AI Analiz Bazaya Yazıldı: 'mezuniyyet/rust-sistemi/src/components/dashboard/DashboardPage.jsx'
[2026-07-22 01:01:05] [INFO] Maksimal AI Analiz Bazaya Yazıldı: 'mezuniyyet/rust-sistemi/src/components/employees/EmployeeList.jsx'
[2026-07-22 01:01:05] [INFO] Maksimal AI Analiz Bazaya Yazıldı: 'mezuniyyet/rust-sistemi/src/components/Games/ExternalGameWindow.jsx'
[2026-07-22 01:01:05] [INFO] Maksimal AI Analiz Bazaya Yazıldı: 'mezuniyyet/rust-sistemi/src/components/Games/TicTacToe/Board.jsx'
[2026-07-22 01:01:05] [INFO] Maksimal AI Analiz Bazaya Yazıldı: 'mezuniyyet/rust-sistemi/src/components/Games/TicTacToe/Dice3D.jsx'
[2026-07-22 01:01:05] [INFO] Maksimal AI Analiz Bazaya Yazıldı: 'mezuniyyet/rust-sistemi/src/components/Games/TicTacToe/DiceOverlay.jsx'
[2026-07-22 01:01:05] [INFO] Maksimal AI Analiz Bazaya Yazıldı: 'mezuniyyet/rust-sistemi/src/components/Games/TicTacToe/TicTacToe.jsx'
[2026-07-22 01:01:06] [INFO] Maksimal AI Analiz Bazaya Yazıldı: 'mezuniyyet/rust-sistemi/src/components/layout/AppLayout.jsx'
[2026-07-22 01:01:06] [INFO] Maksimal AI Analiz Bazaya Yazıldı: 'mezuniyyet/rust-sistemi/src/components/settings/SettingsPage.jsx'
[2026-07-22 01:01:06] [INFO] Maksimal AI Analiz Bazaya Yazıldı: 'mezuniyyet/rust-sistemi/src/components/Sidebar/EmployeeListSidebar.jsx'
[2026-07-22 01:01:06] [INFO] Maksimal AI Analiz Bazaya Yazıldı: 'mezuniyyet/rust-sistemi/src/components/Sidebar/IconSidebar.jsx'
[2026-07-22 01:01:06] [INFO] Maksimal AI Analiz Bazaya Yazıldı: 'mezuniyyet/rust-sistemi/src/components/ThemeSelector/ThemeSelector.jsx'
[2026-07-22 01:01:06] [INFO] Maksimal AI Analiz Bazaya Yazıldı: 'mezuniyyet/rust-sistemi/src/components/vacations/EditVacationDialog.jsx'
[2026-07-22 01:01:07] [INFO] Maksimal AI Analiz Bazaya Yazıldı: 'mezuniyyet/rust-sistemi/src/components/vacations/VacationList.jsx'
[2026-07-22 01:01:07] [INFO] Maksimal AI Analiz Bazaya Yazıldı: 'mezuniyyet/rust-sistemi/src/context/AuthContext.jsx'
[2026-07-22 01:01:07] [INFO] Maksimal AI Analiz Bazaya Yazıldı: 'mezuniyyet/rust-sistemi/src/context/NotificationContext.jsx'
[2026-07-22 01:01:07] [INFO] Maksimal AI Analiz Bazaya Yazıldı: 'mezuniyyet/rust-sistemi/src/context/SocketContext.jsx'
[2026-07-22 01:01:10] [INFO] Maksimal AI Analiz Bazaya Yazıldı: 'mezuniyyet/rust-sistemi/src/context/SoundAssets.js'
[2026-07-22 01:01:10] [INFO] Maksimal AI Analiz Bazaya Yazıldı: 'mezuniyyet/rust-sistemi/src/context/SoundContext.jsx'
[2026-07-22 01:01:10] [INFO] Maksimal AI Analiz Bazaya Yazıldı: 'mezuniyyet/rust-sistemi/src/context/ThemeContext.jsx'
[2026-07-22 01:01:10] [INFO] Maksimal AI Analiz Bazaya Yazıldı: 'mezuniyyet/rust-sistemi/src/layouts/MainLayout.jsx'
[2026-07-22 01:01:10] [INFO] Maksimal AI Analiz Bazaya Yazıldı: 'mezuniyyet/rust-sistemi/src/pages/AdminErrorLogs.jsx'
[2026-07-22 01:01:10] [INFO] Maksimal AI Analiz Bazaya Yazıldı: 'mezuniyyet/rust-sistemi/src/pages/AnimationShowcase.jsx'
[2026-07-22 01:01:11] [INFO] Maksimal AI Analiz Bazaya Yazıldı: 'mezuniyyet/rust-sistemi/src/pages/ArchivePage.jsx'
[2026-07-22 01:01:11] [INFO] Maksimal AI Analiz Bazaya Yazıldı: 'mezuniyyet/rust-sistemi/src/pages/CalendarPage.jsx'
[2026-07-22 01:01:11] [INFO] Maksimal AI Analiz Bazaya Yazıldı: 'mezuniyyet/rust-sistemi/src/pages/CalendarPage_backup.jsx'
[2026-07-22 01:01:11] [INFO] Maksimal AI Analiz Bazaya Yazıldı: 'mezuniyyet/rust-sistemi/src/pages/ChatPage.jsx'
[2026-07-22 01:01:11] [INFO] Maksimal AI Analiz Bazaya Yazıldı: 'mezuniyyet/rust-sistemi/src/pages/Dashboard.jsx'
[2026-07-22 01:01:11] [INFO] Maksimal AI Analiz Bazaya Yazıldı: 'mezuniyyet/rust-sistemi/src/pages/EmployeeDetails.jsx'
[2026-07-22 01:01:12] [INFO] Maksimal AI Analiz Bazaya Yazıldı: 'mezuniyyet/rust-sistemi/src/pages/Employees.jsx'
[2026-07-22 01:01:12] [INFO] Maksimal AI Analiz Bazaya Yazıldı: 'mezuniyyet/rust-sistemi/src/pages/Home.css'
[2026-07-22 01:01:12] [INFO] Maksimal AI Analiz Bazaya Yazıldı: 'mezuniyyet/rust-sistemi/src/pages/Home.jsx'
[2026-07-22 01:01:12] [INFO] Maksimal AI Analiz Bazaya Yazıldı: 'mezuniyyet/rust-sistemi/src/pages/Login.jsx'
[2026-07-22 01:01:12] [INFO] Maksimal AI Analiz Bazaya Yazıldı: 'mezuniyyet/rust-sistemi/src/pages/ProfilePage.jsx'
[2026-07-22 01:01:12] [INFO] Maksimal AI Analiz Bazaya Yazıldı: 'mezuniyyet/rust-sistemi/src/pages/Register.css'
[2026-07-22 01:01:12] [INFO] Maksimal AI Analiz Bazaya Yazıldı: 'mezuniyyet/rust-sistemi/src/pages/Register.jsx'
[2026-07-22 01:01:13] [INFO] Maksimal AI Analiz Bazaya Yazıldı: 'mezuniyyet/rust-sistemi/src/pages/ReportsPage.jsx'
[2026-07-22 01:01:13] [INFO] Maksimal AI Analiz Bazaya Yazıldı: 'mezuniyyet/rust-sistemi/src/pages/SecurityPage.jsx'
[2026-07-22 01:01:13] [INFO] Maksimal AI Analiz Bazaya Yazıldı: 'mezuniyyet/rust-sistemi/src/pages/SettingsPage.jsx'
[2026-07-22 01:01:13] [INFO] Maksimal AI Analiz Bazaya Yazıldı: 'mezuniyyet/rust-sistemi/src/pages/SetupCompany.jsx'
[2026-07-22 01:01:13] [INFO] Maksimal AI Analiz Bazaya Yazıldı: 'mezuniyyet/rust-sistemi/src/pages/TestCalendarPage.jsx'
[2026-07-22 01:01:13] [INFO] Maksimal AI Analiz Bazaya Yazıldı: 'mezuniyyet/rust-sistemi/src/pages/TestCardDesign.jsx'
[2026-07-22 01:01:13] [INFO] Maksimal AI Analiz Bazaya Yazıldı: 'mezuniyyet/rust-sistemi/src/pages/TestEmployees.jsx'
[2026-07-22 01:01:14] [INFO] Maksimal AI Analiz Bazaya Yazıldı: 'mezuniyyet/rust-sistemi/src/pages/TestLottie.jsx'
[2026-07-22 01:01:14] [INFO] Maksimal AI Analiz Bazaya Yazıldı: 'mezuniyyet/rust-sistemi/src/pages/TestProfilePage.jsx'
[2026-07-22 01:01:14] [INFO] Maksimal AI Analiz Bazaya Yazıldı: 'mezuniyyet/rust-sistemi/src/pages/VacationRequestsPage.jsx'
[2026-07-22 01:01:14] [INFO] Maksimal AI Analiz Bazaya Yazıldı: 'mezuniyyet/rust-sistemi/src/pages/AdminTools/AdminClientLogs.jsx'
[2026-07-22 01:01:14] [INFO] Maksimal AI Analiz Bazaya Yazıldı: 'mezuniyyet/rust-sistemi/src/pages/AdminTools/AdminManagement.jsx'
[2026-07-22 01:01:14] [INFO] Maksimal AI Analiz Bazaya Yazıldı: 'mezuniyyet/rust-sistemi/src/pages/AdminTools/AdminToolsPage.jsx'
[2026-07-22 01:01:14] [INFO] Maksimal AI Analiz Bazaya Yazıldı: 'mezuniyyet/rust-sistemi/src/pages/AdminTools/DictionaryManager.jsx'
[2026-07-22 01:01:15] [INFO] Maksimal AI Analiz Bazaya Yazıldı: 'mezuniyyet/rust-sistemi/src/pages/AdminTools/SystemTestManager.jsx'
[2026-07-22 01:01:15] [INFO] Maksimal AI Analiz Bazaya Yazıldı: 'mezuniyyet/rust-sistemi/src/pages/Notifications/NotificationsPage.jsx'
[2026-07-22 01:01:15] [INFO] Maksimal AI Analiz Bazaya Yazıldı: 'mezuniyyet/rust-sistemi/src/services/api.js'
[2026-07-22 01:01:15] [INFO] Maksimal AI Analiz Bazaya Yazıldı: 'mezuniyyet/rust-sistemi/src/services/errorReporter.js'
[2026-07-22 01:01:15] [INFO] Maksimal AI Analiz Bazaya Yazıldı: 'mezuniyyet/rust-sistemi/src/services/logService.js'
[2026-07-22 01:01:15] [INFO] Maksimal AI Analiz Bazaya Yazıldı: 'mezuniyyet/rust-sistemi/src/services/versionService.js'
[2026-07-22 01:01:15] [INFO] Maksimal AI Analiz Bazaya Yazıldı: 'mezuniyyet/rust-sistemi/src/test/apiService.test.js'
[2026-07-22 01:01:16] [INFO] Maksimal AI Analiz Bazaya Yazıldı: 'mezuniyyet/rust-sistemi/src/test/app_health.test.js'
[2026-07-22 01:01:16] [INFO] Maksimal AI Analiz Bazaya Yazıldı: 'mezuniyyet/rust-sistemi/src/test/login.test.jsx'
[2026-07-22 01:01:16] [INFO] Maksimal AI Analiz Bazaya Yazıldı: 'mezuniyyet/rust-sistemi/src/test/setup.js'
[2026-07-22 01:01:16] [INFO] Maksimal AI Analiz Bazaya Yazıldı: 'mezuniyyet/rust-sistemi/src/theme/design-system.css'
[2026-07-22 01:01:16] [INFO] Maksimal AI Analiz Bazaya Yazıldı: 'mezuniyyet/rust-sistemi/src/theme/theme.js'
[2026-07-22 01:01:16] [INFO] Maksimal AI Analiz Bazaya Yazıldı: 'mezuniyyet/rust-sistemi/src-tauri/Cargo.lock'
[2026-07-22 01:01:16] [INFO] Maksimal AI Analiz Bazaya Yazıldı: 'mezuniyyet/rust-sistemi/src-tauri/Cargo.toml'
[2026-07-22 01:01:17] [INFO] Maksimal AI Analiz Bazaya Yazıldı: 'mezuniyyet/rust-sistemi/src-tauri/build.rs'
[2026-07-22 01:01:17] [INFO] Maksimal AI Analiz Bazaya Yazıldı: 'mezuniyyet/rust-sistemi/src-tauri/custom_api.txt'
[2026-07-22 01:01:17] [INFO] Maksimal AI Analiz Bazaya Yazıldı: 'mezuniyyet/rust-sistemi/src-tauri/extract_keys.py'
[2026-07-22 01:01:17] [INFO] Maksimal AI Analiz Bazaya Yazıldı: 'mezuniyyet/rust-sistemi/src-tauri/private.key'
[2026-07-22 01:01:17] [INFO] Maksimal AI Analiz Bazaya Yazıldı: 'mezuniyyet/rust-sistemi/src-tauri/public.key'
[2026-07-22 01:01:17] [INFO] Maksimal AI Analiz Bazaya Yazıldı: 'mezuniyyet/rust-sistemi/src-tauri/tauri.conf.json'
[2026-07-22 01:01:17] [INFO] Maksimal AI Analiz Bazaya Yazıldı: 'mezuniyyet/rust-sistemi/src-tauri/build/hooks.nsh'
[2026-07-22 01:01:18] [INFO] Maksimal AI Analiz Bazaya Yazıldı: 'mezuniyyet/rust-sistemi/src-tauri/capabilities/default.json'
[2026-07-22 01:01:18] [INFO] Maksimal AI Analiz Bazaya Yazıldı: 'mezuniyyet/rust-sistemi/src-tauri/gen/schemas/acl-manifests.json'
[2026-07-22 01:01:18] [INFO] Maksimal AI Analiz Bazaya Yazıldı: 'mezuniyyet/rust-sistemi/src-tauri/gen/schemas/capabilities.json'
[2026-07-22 01:01:18] [INFO] Maksimal AI Analiz Bazaya Yazıldı: 'mezuniyyet/rust-sistemi/src-tauri/gen/schemas/desktop-schema.json'
[2026-07-22 01:01:18] [INFO] Maksimal AI Analiz Bazaya Yazıldı: 'mezuniyyet/rust-sistemi/src-tauri/gen/schemas/linux-schema.json'
[2026-07-22 01:01:19] [INFO] Maksimal AI Analiz Bazaya Yazıldı: 'mezuniyyet/rust-sistemi/src-tauri/gen/schemas/windows-schema.json'
[2026-07-22 01:01:19] [INFO] Maksimal AI Analiz Bazaya Yazıldı: 'mezuniyyet/rust-sistemi/src-tauri/icons/128x128.png'
[2026-07-22 01:01:19] [INFO] Maksimal AI Analiz Bazaya Yazıldı: 'mezuniyyet/rust-sistemi/src-tauri/icons/128x128@2x.png'
[2026-07-22 01:01:19] [INFO] Maksimal AI Analiz Bazaya Yazıldı: 'mezuniyyet/rust-sistemi/src-tauri/icons/32x32.png'
[2026-07-22 01:01:20] [INFO] Maksimal AI Analiz Bazaya Yazıldı: 'mezuniyyet/rust-sistemi/src-tauri/icons/icon.icns'
[2026-07-22 01:01:20] [INFO] Maksimal AI Analiz Bazaya Yazıldı: 'mezuniyyet/rust-sistemi/src-tauri/icons/icon.ico'
[2026-07-22 01:01:20] [INFO] Maksimal AI Analiz Bazaya Yazıldı: 'mezuniyyet/rust-sistemi/src-tauri/icons/icon.png'
[2026-07-22 01:01:20] [INFO] Maksimal AI Analiz Bazaya Yazıldı: 'mezuniyyet/rust-sistemi/src-tauri/icons/icons.icns'
[2026-07-22 01:01:21] [INFO] Maksimal AI Analiz Bazaya Yazıldı: 'mezuniyyet/rust-sistemi/src-tauri/icons/icons.ico'
[2026-07-22 01:01:21] [INFO] Maksimal AI Analiz Bazaya Yazıldı: 'mezuniyyet/rust-sistemi/src-tauri/icons/icons.png'
[2026-07-22 01:01:21] [INFO] Maksimal AI Analiz Bazaya Yazıldı: 'mezuniyyet/rust-sistemi/src-tauri/settings/pre_install.nsh'
[2026-07-22 01:01:21] [INFO] Maksimal AI Analiz Bazaya Yazıldı: 'mezuniyyet/rust-sistemi/src-tauri/src/main.rs'
[2026-07-22 01:01:21] [INFO] Maksimal AI Analiz Bazaya Yazıldı: 'mezuniyyet/tests/README.md'
[2026-07-22 01:01:21] [INFO] Maksimal AI Analiz Bazaya Yazıldı: 'mezuniyyet/tests/TEST_BASLAMA_REHBERI.md'
[2026-07-22 01:01:22] [INFO] Maksimal AI Analiz Bazaya Yazıldı: 'mezuniyyet/tests/conftest.py'
[2026-07-22 01:01:22] [INFO] Maksimal AI Analiz Bazaya Yazıldı: 'mezuniyyet/tests/package-lock.json'
[2026-07-22 01:01:22] [INFO] Maksimal AI Analiz Bazaya Yazıldı: 'mezuniyyet/tests/package.json'
[2026-07-22 01:01:22] [INFO] Maksimal AI Analiz Bazaya Yazıldı: 'mezuniyyet/tests/playwright.config.js'
[2026-07-22 01:01:22] [INFO] Maksimal AI Analiz Bazaya Yazıldı: 'mezuniyyet/tests/pytest.ini'
[2026-07-22 01:01:22] [INFO] Maksimal AI Analiz Bazaya Yazıldı: 'mezuniyyet/tests/run_tests.py'
[2026-07-22 01:01:22] [INFO] Maksimal AI Analiz Bazaya Yazıldı: 'mezuniyyet/tests/test_backend.py'
[2026-07-22 01:01:23] [INFO] Maksimal AI Analiz Bazaya Yazıldı: 'mezuniyyet/tests/diagnostics/check_cols.py'
[2026-07-22 01:01:23] [INFO] Maksimal AI Analiz Bazaya Yazıldı: 'mezuniyyet/tests/diagnostics/check_db.py'
[2026-07-22 01:01:23] [INFO] Maksimal AI Analiz Bazaya Yazıldı: 'mezuniyyet/tests/diagnostics/check_db_full.py'
[2026-07-22 01:01:23] [INFO] Maksimal AI Analiz Bazaya Yazıldı: 'mezuniyyet/tests/diagnostics/diagnose_api.py'
[2026-07-22 01:01:23] [INFO] Maksimal AI Analiz Bazaya Yazıldı: 'mezuniyyet/tests/diagnostics/extract_schema.py'
[2026-07-22 01:01:23] [INFO] Maksimal AI Analiz Bazaya Yazıldı: 'mezuniyyet/tests/diagnostics/full_schema.sql'
[2026-07-22 01:01:24] [INFO] Maksimal AI Analiz Bazaya Yazıldı: 'mezuniyyet/tests/diagnostics/get_tenant_db.py'
[2026-07-22 01:01:24] [INFO] Maksimal AI Analiz Bazaya Yazıldı: 'mezuniyyet/tests/diagnostics/launch_multi.py'
[2026-07-22 01:01:24] [INFO] Maksimal AI Analiz Bazaya Yazıldı: 'mezuniyyet/tests/diagnostics/list_tenants.py'
[2026-07-22 01:01:24] [INFO] Maksimal AI Analiz Bazaya Yazıldı: 'mezuniyyet/tests/diagnostics/setup_build_tools.py'
[2026-07-22 01:01:24] [INFO] Maksimal AI Analiz Bazaya Yazıldı: 'mezuniyyet/tests/diagnostics/setup_local_db.py'
[2026-07-22 01:01:24] [INFO] Maksimal AI Analiz Bazaya Yazıldı: 'mezuniyyet/tests/diagnostics/test_official_api.py'
[2026-07-22 01:01:24] [INFO] Maksimal AI Analiz Bazaya Yazıldı: 'mezuniyyet/tests/e2e/test_auth.spec.js'
[2026-07-22 01:01:25] [INFO] Maksimal AI Analiz Bazaya Yazıldı: 'mezuniyyet/tests/e2e/test_dashboard.spec.js'
[2026-07-22 01:01:28] [INFO] Beledci Maksimal AI Analizator Mühərriki başladıldı.
[2026-07-22 01:01:28] [INFO] SQLite file_analysis bazası yeni sxemlə (OWASP Security, Impact & Code Preview) hazırlandı.
[2026-07-22 01:01:29] [INFO] CANLI BELEDCI SERVERI ISLEDIR: http://localhost:8090
[2026-07-22 01:01:31] [INFO] Maksimal AI Analiz Bazaya Yazıldı: 'mezuniyyet/tests/playwright-report/index.html'
[2026-07-22 01:01:31] [INFO] Maksimal AI Analiz Bazaya Yazıldı: 'scratch/check_key.py'
[2026-07-22 01:01:32] [INFO] Maksimal AI Analiz Bazaya Yazıldı: 'scratch/cleanup_vm.py'
[2026-07-22 01:01:32] [INFO] Maksimal AI Analiz Bazaya Yazıldı: 'scratch/decode_key.py'
[2026-07-22 01:01:32] [INFO] Maksimal AI Analiz Bazaya Yazıldı: 'scratch/diagnose_vm.py'
[2026-07-22 01:01:32] [INFO] Maksimal AI Analiz Bazaya Yazıldı: 'scratch/increase_swap.py'
[2026-07-22 01:01:32] [INFO] Maksimal AI Analiz Bazaya Yazıldı: 'scratch/install_panel_local.py'
[2026-07-22 01:01:32] [INFO] Maksimal AI Analiz Bazaya Yazıldı: 'scratch/test_sigs.py'
[2026-07-22 01:01:33] [INFO] Maksimal AI Analiz Bazaya Yazıldı: 'scratch/token_check.py'
[2026-07-22 01:01:33] [INFO] Maksimal AI Analiz Bazaya Yazıldı: 'server-repo-rust/README.md'
[2026-07-22 01:01:33] [INFO] Maksimal AI Analiz Bazaya Yazıldı: 'server-repo-rust/build_and_push_masterdeploy_local.py'
[2026-07-22 01:01:33] [INFO] Maksimal AI Analiz Bazaya Yazıldı: 'server-repo-rust/config.json'
[2026-07-22 01:01:33] [INFO] Maksimal AI Analiz Bazaya Yazıldı: 'server-repo-rust/gite_gonder_yeni.py'
[2026-07-22 01:01:33] [INFO] Maksimal AI Analiz Bazaya Yazıldı: 'server-repo-rust/github_repo_manager.py'
[2026-07-22 01:01:33] [INFO] Maksimal AI Analiz Bazaya Yazıldı: 'server-repo-rust/install.ps1'
[2026-07-22 01:01:33] [INFO] Maksimal AI Analiz Bazaya Yazıldı: 'server-repo-rust/install.sh'
[2026-07-22 01:01:34] [INFO] Maksimal AI Analiz Bazaya Yazıldı: 'server-repo-rust/install_remote.sh'
[2026-07-22 01:01:34] [INFO] Maksimal AI Analiz Bazaya Yazıldı: 'server-repo-rust/installer_gui.py'
[2026-07-22 01:01:34] [INFO] Maksimal AI Analiz Bazaya Yazıldı: 'server-repo-rust/installer_gui.py.mybackup'
[2026-07-22 01:01:34] [INFO] Maksimal AI Analiz Bazaya Yazıldı: 'server-repo-rust/remote_installer.py'
[2026-07-22 01:01:34] [INFO] Maksimal AI Analiz Bazaya Yazıldı: 'server-repo-rust/remote_installer.py.mybackup'
[2026-07-22 01:01:35] [INFO] Maksimal AI Analiz Bazaya Yazıldı: 'server-repo-rust/run_project.py'
[2026-07-22 01:01:35] [INFO] Maksimal AI Analiz Bazaya Yazıldı: 'server-repo-rust/run_test_project.py'
[2026-07-22 01:01:35] [INFO] Maksimal AI Analiz Bazaya Yazıldı: 'server-repo-rust/ssh-key-132.key'
[2026-07-22 01:01:35] [INFO] Maksimal AI Analiz Bazaya Yazıldı: 'server-repo-rust/ssh-key-84.key'
[2026-07-22 01:01:35] [INFO] Maksimal AI Analiz Bazaya Yazıldı: 'server-repo-rust/backup_static/app.js'
[2026-07-22 01:01:35] [INFO] Maksimal AI Analiz Bazaya Yazıldı: 'server-repo-rust/backup_static/changelog.json'
[2026-07-22 01:01:35] [INFO] Maksimal AI Analiz Bazaya Yazıldı: 'server-repo-rust/backup_static/docs.json'
[2026-07-22 01:01:36] [INFO] Maksimal AI Analiz Bazaya Yazıldı: 'server-repo-rust/backup_static/index.html'
[2026-07-22 01:01:36] [INFO] Maksimal AI Analiz Bazaya Yazıldı: 'server-repo-rust/backup_static/style.css'
[2026-07-22 01:01:36] [INFO] Maksimal AI Analiz Bazaya Yazıldı: 'server-repo-rust/backup_static/sw.js'
[2026-07-22 01:01:36] [INFO] Maksimal AI Analiz Bazaya Yazıldı: 'server-repo-rust/docs/README.md'
[2026-07-22 01:01:36] [INFO] Maksimal AI Analiz Bazaya Yazıldı: 'server-repo-rust/local_data/masterdeploy.db'
[2026-07-22 01:01:36] [INFO] Maksimal AI Analiz Bazaya Yazıldı: 'server-repo-rust/MasterDeploy-rust/Cargo.lock'
[2026-07-22 01:01:36] [INFO] Maksimal AI Analiz Bazaya Yazıldı: 'server-repo-rust/MasterDeploy-rust/Cargo.toml'
[2026-07-22 01:01:37] [INFO] Maksimal AI Analiz Bazaya Yazıldı: 'server-repo-rust/MasterDeploy-rust/Dockerfile'
[2026-07-22 01:01:39] [INFO] Maksimal AI Analiz Bazaya Yazıldı: 'server-repo-rust/MasterDeploy-rust/masterdeploy.db'
[2026-07-22 01:01:39] [INFO] Maksimal AI Analiz Bazaya Yazıldı: 'server-repo-rust/MasterDeploy-rust/temp_cmd_key_05a3fde7-98f3-4224-8b2d-954d30573792.key'
[2026-07-22 01:01:39] [INFO] Maksimal AI Analiz Bazaya Yazıldı: 'server-repo-rust/MasterDeploy-rust/temp_cmd_key_0ca08041-c84f-411a-ad67-160715bf4b19.key'
[2026-07-22 01:01:39] [INFO] Maksimal AI Analiz Bazaya Yazıldı: 'server-repo-rust/MasterDeploy-rust/temp_cmd_key_4aeb72cb-98b7-4e51-a8ed-7a1ee18f555a.key'
[2026-07-22 01:01:40] [INFO] Maksimal AI Analiz Bazaya Yazıldı: 'server-repo-rust/MasterDeploy-rust/temp_cmd_key_6eee0be5-20c7-4801-9790-e87b0807b713.key'
[2026-07-22 01:01:40] [INFO] Maksimal AI Analiz Bazaya Yazıldı: 'server-repo-rust/MasterDeploy-rust/temp_cmd_key_724a50b3-1a72-48b1-bda1-8a523d1d9c2f.key'
[2026-07-22 01:01:40] [INFO] Maksimal AI Analiz Bazaya Yazıldı: 'server-repo-rust/MasterDeploy-rust/temp_cmd_key_7670fabe-eb24-4ed4-8210-da39973e6866.key'
[2026-07-22 01:01:40] [INFO] Maksimal AI Analiz Bazaya Yazıldı: 'server-repo-rust/MasterDeploy-rust/temp_cmd_key_8b23d8ed-7c0d-4a26-ab14-dd58c7debdd9.key'
[2026-07-22 01:01:40] [INFO] Maksimal AI Analiz Bazaya Yazıldı: 'server-repo-rust/MasterDeploy-rust/temp_cmd_key_99182045-ad07-401c-8ee8-8817652863a8.key'
[2026-07-22 01:01:40] [INFO] Maksimal AI Analiz Bazaya Yazıldı: 'server-repo-rust/MasterDeploy-rust/temp_cmd_key_a2bb0531-ab32-4785-ab9f-1bcdebede0cd.key'
[2026-07-22 01:01:40] [INFO] Maksimal AI Analiz Bazaya Yazıldı: 'server-repo-rust/MasterDeploy-rust/temp_cmd_key_d86f0f92-858c-4f33-a358-860b37188443.key'
[2026-07-22 01:01:41] [INFO] Maksimal AI Analiz Bazaya Yazıldı: 'server-repo-rust/MasterDeploy-rust/temp_deploy_key_a87d4c57-308a-472c-881b-0c9f0993b2d1.key'
[2026-07-22 01:01:41] [INFO] Maksimal AI Analiz Bazaya Yazıldı: 'server-repo-rust/MasterDeploy-rust/temp_deploy_key_d1949937-dc24-4279-ba85-1cfb6b1e4066.key'
[2026-07-22 01:01:41] [INFO] Maksimal AI Analiz Bazaya Yazıldı: 'server-repo-rust/MasterDeploy-rust/temp_deploy_key_e27136e8-bef4-4fc9-96b4-63198d671e26.key'
[2026-07-22 01:01:41] [INFO] Maksimal AI Analiz Bazaya Yazıldı: 'server-repo-rust/MasterDeploy-rust/temp_deploy_key_fdbdecb5-0aed-4bca-8cd1-fceb982ef963.key'
[2026-07-22 01:01:41] [INFO] Maksimal AI Analiz Bazaya Yazıldı: 'server-repo-rust/MasterDeploy-rust/temp_key_2105cacd-efb6-4775-b4dd-5cc8f1b544c0.key'
[2026-07-22 01:01:41] [INFO] Maksimal AI Analiz Bazaya Yazıldı: 'server-repo-rust/MasterDeploy-rust/temp_logs_key_388df376-123a-46a4-a5df-ded3c7557af2.key'
[2026-07-22 01:01:41] [INFO] Maksimal AI Analiz Bazaya Yazıldı: 'server-repo-rust/MasterDeploy-rust/temp_logs_key_aef0ed19-3f3b-48eb-b7fa-c99bcb253e84.key'
[2026-07-22 01:01:42] [INFO] Maksimal AI Analiz Bazaya Yazıldı: 'server-repo-rust/MasterDeploy-rust/temp_logs_key_ea6397bb-6e38-42ad-9d5c-7761b7a06761.key'
[2026-07-22 01:01:42] [INFO] Maksimal AI Analiz Bazaya Yazıldı: 'server-repo-rust/MasterDeploy-rust/src/db.rs'
[2026-07-22 01:01:42] [INFO] Maksimal AI Analiz Bazaya Yazıldı: 'server-repo-rust/MasterDeploy-rust/src/main.rs'
[2026-07-22 01:01:42] [INFO] Maksimal AI Analiz Bazaya Yazıldı: 'server-repo-rust/MasterDeploy-rust/src/models.rs'
[2026-07-22 01:01:42] [INFO] Maksimal AI Analiz Bazaya Yazıldı: 'server-repo-rust/MasterDeploy-rust/src/bin/check_db.rs'
[2026-07-22 01:01:42] [INFO] Maksimal AI Analiz Bazaya Yazıldı: 'server-repo-rust/MasterDeploy-rust/src/plugins/cloudflare.rs'
[2026-07-22 01:01:43] [INFO] Maksimal AI Analiz Bazaya Yazıldı: 'server-repo-rust/MasterDeploy-rust/src/plugins/mod.rs'
[2026-07-22 01:01:43] [INFO] Maksimal AI Analiz Bazaya Yazıldı: 'server-repo-rust/MasterDeploy-rust/src-tauri/Cargo.lock'
[2026-07-22 01:01:43] [INFO] Maksimal AI Analiz Bazaya Yazıldı: 'server-repo-rust/MasterDeploy-rust/src-tauri/Cargo.toml'
[2026-07-22 01:01:43] [INFO] Maksimal AI Analiz Bazaya Yazıldı: 'server-repo-rust/MasterDeploy-rust/src-tauri/build.rs'
[2026-07-22 01:01:43] [INFO] Maksimal AI Analiz Bazaya Yazıldı: 'server-repo-rust/MasterDeploy-rust/src-tauri/tauri.conf.json'
[2026-07-22 01:01:43] [INFO] Maksimal AI Analiz Bazaya Yazıldı: 'server-repo-rust/MasterDeploy-rust/src-tauri/capabilities/default.json'
[2026-07-22 01:01:43] [INFO] Maksimal AI Analiz Bazaya Yazıldı: 'server-repo-rust/MasterDeploy-rust/src-tauri/gen/schemas/acl-manifests.json'
[2026-07-22 01:01:43] [INFO] Maksimal AI Analiz Bazaya Yazıldı: 'server-repo-rust/MasterDeploy-rust/src-tauri/gen/schemas/capabilities.json'
[2026-07-22 01:01:44] [INFO] Maksimal AI Analiz Bazaya Yazıldı: 'server-repo-rust/MasterDeploy-rust/src-tauri/gen/schemas/desktop-schema.json'
[2026-07-22 01:01:44] [INFO] Maksimal AI Analiz Bazaya Yazıldı: 'server-repo-rust/MasterDeploy-rust/src-tauri/gen/schemas/windows-schema.json'
[2026-07-22 01:01:44] [INFO] Maksimal AI Analiz Bazaya Yazıldı: 'server-repo-rust/MasterDeploy-rust/src-tauri/icons/128x128.png'
[2026-07-22 01:01:44] [INFO] Maksimal AI Analiz Bazaya Yazıldı: 'server-repo-rust/MasterDeploy-rust/src-tauri/icons/128x128@2x.png'
[2026-07-22 01:01:44] [INFO] Maksimal AI Analiz Bazaya Yazıldı: 'server-repo-rust/MasterDeploy-rust/src-tauri/icons/32x32.png'
[2026-07-22 01:01:44] [INFO] Maksimal AI Analiz Bazaya Yazıldı: 'server-repo-rust/MasterDeploy-rust/src-tauri/icons/Square107x107Logo.png'
[2026-07-22 01:01:44] [INFO] Maksimal AI Analiz Bazaya Yazıldı: 'server-repo-rust/MasterDeploy-rust/src-tauri/icons/Square142x142Logo.png'
[2026-07-22 01:01:45] [INFO] Maksimal AI Analiz Bazaya Yazıldı: 'server-repo-rust/MasterDeploy-rust/src-tauri/icons/Square150x150Logo.png'
[2026-07-22 01:01:45] [INFO] Maksimal AI Analiz Bazaya Yazıldı: 'server-repo-rust/MasterDeploy-rust/src-tauri/icons/Square284x284Logo.png'
[2026-07-22 01:01:45] [INFO] Maksimal AI Analiz Bazaya Yazıldı: 'server-repo-rust/MasterDeploy-rust/src-tauri/icons/Square30x30Logo.png'
[2026-07-22 01:01:45] [INFO] Maksimal AI Analiz Bazaya Yazıldı: 'server-repo-rust/MasterDeploy-rust/src-tauri/icons/Square310x310Logo.png'
[2026-07-22 01:01:45] [INFO] Maksimal AI Analiz Bazaya Yazıldı: 'server-repo-rust/MasterDeploy-rust/src-tauri/icons/Square44x44Logo.png'
[2026-07-22 01:01:45] [INFO] Maksimal AI Analiz Bazaya Yazıldı: 'server-repo-rust/MasterDeploy-rust/src-tauri/icons/Square71x71Logo.png'
[2026-07-22 01:01:46] [INFO] Maksimal AI Analiz Bazaya Yazıldı: 'server-repo-rust/MasterDeploy-rust/src-tauri/icons/Square89x89Logo.png'
[2026-07-22 01:01:46] [INFO] Maksimal AI Analiz Bazaya Yazıldı: 'server-repo-rust/MasterDeploy-rust/src-tauri/icons/StoreLogo.png'
[2026-07-22 01:01:46] [INFO] Maksimal AI Analiz Bazaya Yazıldı: 'server-repo-rust/MasterDeploy-rust/src-tauri/icons/icon.icns'
[2026-07-22 01:01:46] [INFO] Maksimal AI Analiz Bazaya Yazıldı: 'server-repo-rust/MasterDeploy-rust/src-tauri/icons/icon.ico'
[2026-07-22 01:01:46] [INFO] Maksimal AI Analiz Bazaya Yazıldı: 'server-repo-rust/MasterDeploy-rust/src-tauri/icons/icon.png'
[2026-07-22 01:01:46] [INFO] Maksimal AI Analiz Bazaya Yazıldı: 'server-repo-rust/MasterDeploy-rust/src-tauri/src/lib.rs'
[2026-07-22 01:01:46] [INFO] Maksimal AI Analiz Bazaya Yazıldı: 'server-repo-rust/MasterDeploy-rust/src-tauri/src/main.rs'
[2026-07-22 01:01:47] [INFO] Maksimal AI Analiz Bazaya Yazıldı: 'server-repo-rust/MasterDeploy-rust/static/app.js'
[2026-07-22 01:01:47] [INFO] Maksimal AI Analiz Bazaya Yazıldı: 'server-repo-rust/MasterDeploy-rust/static/changelog.json'
[2026-07-22 01:01:47] [INFO] Maksimal AI Analiz Bazaya Yazıldı: 'server-repo-rust/MasterDeploy-rust/static/docs.json'
[2026-07-22 01:01:47] [INFO] Maksimal AI Analiz Bazaya Yazıldı: 'server-repo-rust/MasterDeploy-rust/static/favicon.png'
[2026-07-22 01:01:47] [INFO] Maksimal AI Analiz Bazaya Yazıldı: 'server-repo-rust/MasterDeploy-rust/static/index.html'
[2026-07-22 01:01:47] [INFO] Maksimal AI Analiz Bazaya Yazıldı: 'server-repo-rust/MasterDeploy-rust/static/style.css'
[2026-07-22 01:01:48] [INFO] Maksimal AI Analiz Bazaya Yazıldı: 'server-repo-rust/MasterDeploy-rust/static/sw.js'
[2026-07-22 01:01:48] [INFO] Maksimal AI Analiz Bazaya Yazıldı: 'server-repo-rust/test-layihe/Dockerfile'
[2026-07-22 01:01:48] [INFO] Maksimal AI Analiz Bazaya Yazıldı: 'server-repo-rust/test-layihe/database.db'
[2026-07-22 01:01:48] [INFO] Maksimal AI Analiz Bazaya Yazıldı: 'server-repo-rust/test-layihe/index.js'
[2026-07-22 01:01:48] [INFO] Maksimal AI Analiz Bazaya Yazıldı: 'server-repo-rust/test-layihe/package-lock.json'
[2026-07-22 01:01:48] [INFO] Maksimal AI Analiz Bazaya Yazıldı: 'server-repo-rust/test-layihe/package.json'
[2026-07-22 01:01:48] [INFO] Maksimal AI Analiz Bazaya Yazıldı: 'server-repo-rust/test-layihe/public/index.html'
[2026-07-22 01:02:28] [INFO] beledci_generator.py yenilendi! Server avtomatik restart olunur...
[2026-07-22 01:02:28] [INFO] Beledci Maksimal AI Analizator Mühərriki başladıldı.
[2026-07-22 01:02:28] [INFO] SQLite file_analysis bazası yeni sxemlə (OWASP Security, Impact & Code Preview) hazırlandı.
[2026-07-22 01:02:30] [INFO] CANLI BELEDCI SERVERI ISLEDIR: http://localhost:8090
[2026-07-22 01:02:43] [INFO] Beledci Maksimal AI Analizator Mühərriki başladıldı.
[2026-07-22 01:02:43] [INFO] SQLite file_analysis bazası yeni sxemlə (OWASP Security, Impact & Code Preview) hazırlandı.
[2026-07-22 01:02:45] [INFO] CANLI BELEDCI SERVERI ISLEDIR: http://localhost:8090
[2026-07-22 01:03:38] [INFO] Beledci Maksimal AI Analizator Mühərriki başladıldı.
[2026-07-22 01:03:38] [INFO] SQLite file_analysis bazası yeni sxemlə (OWASP Security, Impact & Code Preview) hazırlandı.
[2026-07-22 01:03:39] [INFO] CANLI BELEDCI SERVERI ISLEDIR: http://localhost:8090
[2026-07-22 01:04:02] [INFO] beledci_generator.py yenilendi! Server avtomatik restart olunur...
[2026-07-22 01:04:02] [INFO] beledci_generator.py yenilendi! Server avtomatik restart olunur...
[2026-07-22 01:04:02] [INFO] Beledci Maksimal AI Analizator Mühərriki başladıldı.
[2026-07-22 01:04:02] [INFO] SQLite file_analysis bazası yeni sxemlə (OWASP Security, Impact & Code Preview) hazırlandı.
[2026-07-22 01:04:04] [INFO] CANLI BELEDCI SERVERI ISLEDIR: http://localhost:8090
[2026-07-22 01:04:09] [INFO] Beledci Maksimal AI Analizator Mühərriki başladıldı.
[2026-07-22 01:04:09] [INFO] SQLite file_analysis bazası yeni sxemlə (OWASP Security, Impact & Code Preview) hazırlandı.
[2026-07-22 01:04:09] [INFO] Maksimal AI Analiz Bazaya Yazıldı: 'README.md'
[2026-07-22 01:04:09] [INFO] Maksimal AI Analiz Bazaya Yazıldı: 'config.json'
[2026-07-22 01:04:09] [INFO] Maksimal AI Analiz Bazaya Yazıldı: 'index.html'
[2026-07-22 01:04:10] [INFO] Maksimal AI Analiz Bazaya Yazıldı: 'masterdeploy_remote_84.db'
[2026-07-22 01:04:10] [INFO] Maksimal AI Analiz Bazaya Yazıldı: 'mezuniyyet-rust-taurisiz-olan.code-workspace'
[2026-07-22 01:04:10] [INFO] Maksimal AI Analiz Bazaya Yazıldı: 'test_release.json'
[2026-07-22 01:04:10] [INFO] Maksimal AI Analiz Bazaya Yazıldı: 'admin-sistemi/add-defender-exclusion.ps1'
[2026-07-22 01:04:10] [INFO] Maksimal AI Analiz Bazaya Yazıldı: 'admin-sistemi/custom_api.txt'
[2026-07-22 01:04:10] [INFO] Maksimal AI Analiz Bazaya Yazıldı: 'admin-sistemi/eslint.config.js'
[2026-07-22 01:04:11] [INFO] Maksimal AI Analiz Bazaya Yazıldı: 'admin-sistemi/generate_print_designs.cjs'
[2026-07-22 01:04:11] [INFO] Maksimal AI Analiz Bazaya Yazıldı: 'admin-sistemi/icon.png'
[2026-07-22 01:04:11] [INFO] Maksimal AI Analiz Bazaya Yazıldı: 'admin-sistemi/index.html'
[2026-07-22 01:04:11] [INFO] Maksimal AI Analiz Bazaya Yazıldı: 'admin-sistemi/package-lock.json'
[2026-07-22 01:04:11] [INFO] Maksimal AI Analiz Bazaya Yazıldı: 'admin-sistemi/package.json'
[2026-07-22 01:04:11] [INFO] Maksimal AI Analiz Bazaya Yazıldı: 'admin-sistemi/run_admin.py'
[2026-07-22 01:04:12] [INFO] Maksimal AI Analiz Bazaya Yazıldı: 'admin-sistemi/start_dev.bat'
[2026-07-22 01:04:12] [INFO] Maksimal AI Analiz Bazaya Yazıldı: 'admin-sistemi/vite.config.js'
[2026-07-22 01:04:12] [INFO] Maksimal AI Analiz Bazaya Yazıldı: 'admin-sistemi/src/App.jsx'
[2026-07-22 01:04:12] [INFO] Maksimal AI Analiz Bazaya Yazıldı: 'admin-sistemi/src/index.css'
[2026-07-22 01:04:12] [INFO] Maksimal AI Analiz Bazaya Yazıldı: 'admin-sistemi/src/main.jsx'
[2026-07-22 01:04:12] [INFO] Maksimal AI Analiz Bazaya Yazıldı: 'admin-sistemi/src/components/AnimatedLoader.css'
[2026-07-22 01:04:13] [INFO] Maksimal AI Analiz Bazaya Yazıldı: 'admin-sistemi/src/components/AnimatedLoader.css.map'
[2026-07-22 01:04:13] [INFO] Maksimal AI Analiz Bazaya Yazıldı: 'admin-sistemi/src/components/AnimatedLoader.jsx'
[2026-07-22 01:04:13] [INFO] Maksimal AI Analiz Bazaya Yazıldı: 'admin-sistemi/src/components/CreepyButton.css'
[2026-07-22 01:04:13] [INFO] Maksimal AI Analiz Bazaya Yazıldı: 'admin-sistemi/src/components/CreepyButton.jsx'
[2026-07-22 01:04:13] [INFO] Maksimal AI Analiz Bazaya Yazıldı: 'admin-sistemi/src/components/DebugConsole.jsx'
[2026-07-22 01:04:13] [INFO] Maksimal AI Analiz Bazaya Yazıldı: 'admin-sistemi/src/components/DebugToggleButton.jsx'
[2026-07-22 01:04:14] [INFO] Maksimal AI Analiz Bazaya Yazıldı: 'admin-sistemi/src/components/EditEmployeeModal.jsx'
[2026-07-22 01:04:14] [INFO] Maksimal AI Analiz Bazaya Yazıldı: 'admin-sistemi/src/components/EmployeeFormDialog.jsx'
[2026-07-22 01:04:14] [INFO] Maksimal AI Analiz Bazaya Yazıldı: 'admin-sistemi/src/components/ErrorBoundary.jsx'
[2026-07-22 01:04:14] [INFO] Maksimal AI Analiz Bazaya Yazıldı: 'admin-sistemi/src/components/Footer.jsx'
[2026-07-22 01:04:14] [INFO] Maksimal AI Analiz Bazaya Yazıldı: 'admin-sistemi/src/components/LeafTransition.jsx'
[2026-07-22 01:04:14] [INFO] Maksimal AI Analiz Bazaya Yazıldı: 'admin-sistemi/src/components/ProtectedRoute.jsx'
[2026-07-22 01:04:14] [INFO] Maksimal AI Analiz Bazaya Yazıldı: 'admin-sistemi/src/components/RateLimitOverlay.jsx'
[2026-07-22 01:04:15] [INFO] Maksimal AI Analiz Bazaya Yazıldı: 'admin-sistemi/src/components/TableToolbar.jsx'
[2026-07-22 01:04:15] [INFO] Maksimal AI Analiz Bazaya Yazıldı: 'admin-sistemi/src/components/TopBar.jsx'
[2026-07-22 01:04:15] [INFO] Maksimal AI Analiz Bazaya Yazıldı: 'admin-sistemi/src/components/UpdateNotification.jsx'
[2026-07-22 01:04:15] [INFO] Maksimal AI Analiz Bazaya Yazıldı: 'admin-sistemi/src/components/VacationCalendar.jsx'
[2026-07-22 01:04:15] [INFO] Maksimal AI Analiz Bazaya Yazıldı: 'admin-sistemi/src/components/VacationCalendar_backup.jsx'
[2026-07-22 01:04:15] [INFO] Maksimal AI Analiz Bazaya Yazıldı: 'admin-sistemi/src/components/auth/LoginPage.jsx'
[2026-07-22 01:04:15] [INFO] Maksimal AI Analiz Bazaya Yazıldı: 'admin-sistemi/src/components/calendar/CalendarPage.jsx'
[2026-07-22 01:04:16] [INFO] Maksimal AI Analiz Bazaya Yazıldı: 'admin-sistemi/src/components/common/LoadingOverlay.jsx'
[2026-07-22 01:04:16] [INFO] Maksimal AI Analiz Bazaya Yazıldı: 'admin-sistemi/src/components/common/ServerAwakening.jsx'
[2026-07-22 01:04:16] [INFO] Maksimal AI Analiz Bazaya Yazıldı: 'admin-sistemi/src/components/common/SplashScreen.jsx'
[2026-07-22 01:04:16] [INFO] Maksimal AI Analiz Bazaya Yazıldı: 'admin-sistemi/src/components/dashboard/DashboardPage.jsx'
[2026-07-22 01:04:16] [INFO] Maksimal AI Analiz Bazaya Yazıldı: 'admin-sistemi/src/components/employees/EmployeeList.jsx'
[2026-07-22 01:04:16] [INFO] Maksimal AI Analiz Bazaya Yazıldı: 'admin-sistemi/src/components/Games/ExternalGameWindow.jsx'
[2026-07-22 01:04:17] [INFO] Maksimal AI Analiz Bazaya Yazıldı: 'admin-sistemi/src/components/Games/TicTacToe/Board.jsx'
[2026-07-22 01:04:17] [INFO] Maksimal AI Analiz Bazaya Yazıldı: 'admin-sistemi/src/components/Games/TicTacToe/Dice3D.jsx'
[2026-07-22 01:04:17] [INFO] Maksimal AI Analiz Bazaya Yazıldı: 'admin-sistemi/src/components/Games/TicTacToe/DiceOverlay.jsx'
[2026-07-22 01:04:17] [INFO] Maksimal AI Analiz Bazaya Yazıldı: 'admin-sistemi/src/components/Games/TicTacToe/TicTacToe.jsx'
[2026-07-22 01:04:17] [INFO] Maksimal AI Analiz Bazaya Yazıldı: 'admin-sistemi/src/components/layout/AppLayout.jsx'
[2026-07-22 01:04:17] [INFO] Maksimal AI Analiz Bazaya Yazıldı: 'admin-sistemi/src/components/settings/SettingsPage.jsx'
[2026-07-22 01:04:18] [INFO] Maksimal AI Analiz Bazaya Yazıldı: 'admin-sistemi/src/components/Sidebar/EmployeeListSidebar.jsx'
[2026-07-22 01:04:18] [INFO] Maksimal AI Analiz Bazaya Yazıldı: 'admin-sistemi/src/components/Sidebar/IconSidebar.jsx'
[2026-07-22 01:04:18] [INFO] Maksimal AI Analiz Bazaya Yazıldı: 'admin-sistemi/src/components/ThemeSelector/ThemeSelector.jsx'
[2026-07-22 01:04:18] [INFO] Maksimal AI Analiz Bazaya Yazıldı: 'admin-sistemi/src/components/vacations/EditVacationDialog.jsx'
[2026-07-22 01:04:18] [INFO] Maksimal AI Analiz Bazaya Yazıldı: 'admin-sistemi/src/components/vacations/VacationList.jsx'
[2026-07-22 01:04:18] [INFO] Maksimal AI Analiz Bazaya Yazıldı: 'admin-sistemi/src/context/AuthContext.jsx'
[2026-07-22 01:04:18] [INFO] Maksimal AI Analiz Bazaya Yazıldı: 'admin-sistemi/src/context/NotificationContext.jsx'
[2026-07-22 01:04:19] [INFO] Maksimal AI Analiz Bazaya Yazıldı: 'admin-sistemi/src/context/SocketContext.jsx'
[2026-07-22 01:04:22] [INFO] Maksimal AI Analiz Bazaya Yazıldı: 'admin-sistemi/src/context/SoundAssets.js'
[2026-07-22 01:04:22] [INFO] Maksimal AI Analiz Bazaya Yazıldı: 'admin-sistemi/src/context/SoundContext.jsx'
[2026-07-22 01:04:22] [INFO] Maksimal AI Analiz Bazaya Yazıldı: 'admin-sistemi/src/context/ThemeContext.jsx'
[2026-07-22 01:04:22] [INFO] Maksimal AI Analiz Bazaya Yazıldı: 'admin-sistemi/src/layouts/MainLayout.jsx'
[2026-07-22 01:04:23] [INFO] Maksimal AI Analiz Bazaya Yazıldı: 'admin-sistemi/src/pages/AdminDashboard.jsx'
[2026-07-22 01:04:23] [INFO] Maksimal AI Analiz Bazaya Yazıldı: 'admin-sistemi/src/pages/AdminErrorLogs.jsx'
[2026-07-22 01:04:23] [INFO] Maksimal AI Analiz Bazaya Yazıldı: 'admin-sistemi/src/pages/AnimationShowcase.jsx'
[2026-07-22 01:04:23] [INFO] Maksimal AI Analiz Bazaya Yazıldı: 'admin-sistemi/src/pages/ArchivePage.jsx'
[2026-07-22 01:04:23] [INFO] Maksimal AI Analiz Bazaya Yazıldı: 'admin-sistemi/src/pages/CalendarPage.jsx'
[2026-07-22 01:04:23] [INFO] Maksimal AI Analiz Bazaya Yazıldı: 'admin-sistemi/src/pages/CalendarPage_backup.jsx'
[2026-07-22 01:04:24] [INFO] Maksimal AI Analiz Bazaya Yazıldı: 'admin-sistemi/src/pages/ChatPage.jsx'
[2026-07-22 01:04:24] [INFO] Maksimal AI Analiz Bazaya Yazıldı: 'admin-sistemi/src/pages/Dashboard.jsx'
[2026-07-22 01:04:24] [INFO] Maksimal AI Analiz Bazaya Yazıldı: 'admin-sistemi/src/pages/EmployeeDetails.jsx'
[2026-07-22 01:04:24] [INFO] Maksimal AI Analiz Bazaya Yazıldı: 'admin-sistemi/src/pages/Employees.jsx'
[2026-07-22 01:04:24] [INFO] Maksimal AI Analiz Bazaya Yazıldı: 'admin-sistemi/src/pages/Home.css'
[2026-07-22 01:04:24] [INFO] Maksimal AI Analiz Bazaya Yazıldı: 'admin-sistemi/src/pages/Home.jsx'
[2026-07-22 01:04:24] [INFO] Maksimal AI Analiz Bazaya Yazıldı: 'admin-sistemi/src/pages/Login.jsx'
[2026-07-22 01:04:25] [INFO] Maksimal AI Analiz Bazaya Yazıldı: 'admin-sistemi/src/pages/ProfilePage.jsx'
[2026-07-22 01:04:25] [INFO] Maksimal AI Analiz Bazaya Yazıldı: 'admin-sistemi/src/pages/Register.css'
[2026-07-22 01:04:25] [INFO] Maksimal AI Analiz Bazaya Yazıldı: 'admin-sistemi/src/pages/Register.jsx'
[2026-07-22 01:04:25] [INFO] Maksimal AI Analiz Bazaya Yazıldı: 'admin-sistemi/src/pages/ReportsPage.jsx'
[2026-07-22 01:04:25] [INFO] Maksimal AI Analiz Bazaya Yazıldı: 'admin-sistemi/src/pages/SecurityPage.jsx'
[2026-07-22 01:04:25] [INFO] Maksimal AI Analiz Bazaya Yazıldı: 'admin-sistemi/src/pages/SettingsPage.jsx'
[2026-07-22 01:04:26] [INFO] Maksimal AI Analiz Bazaya Yazıldı: 'admin-sistemi/src/pages/SetupCompany.jsx'
[2026-07-22 01:04:26] [INFO] Maksimal AI Analiz Bazaya Yazıldı: 'admin-sistemi/src/pages/TestCalendarPage.jsx'
[2026-07-22 01:04:26] [INFO] Maksimal AI Analiz Bazaya Yazıldı: 'admin-sistemi/src/pages/TestCardDesign.jsx'
[2026-07-22 01:04:26] [INFO] Maksimal AI Analiz Bazaya Yazıldı: 'admin-sistemi/src/pages/TestEmployees.jsx'
[2026-07-22 01:04:26] [INFO] Maksimal AI Analiz Bazaya Yazıldı: 'admin-sistemi/src/pages/TestLottie.jsx'
[2026-07-22 01:04:26] [INFO] Maksimal AI Analiz Bazaya Yazıldı: 'admin-sistemi/src/pages/TestProfilePage.jsx'
[2026-07-22 01:04:27] [INFO] Maksimal AI Analiz Bazaya Yazıldı: 'admin-sistemi/src/pages/VacationRequestsPage.jsx'
[2026-07-22 01:04:27] [INFO] Maksimal AI Analiz Bazaya Yazıldı: 'admin-sistemi/src/pages/AdminTools/AdminClientLogs.jsx'
[2026-07-22 01:04:27] [INFO] Maksimal AI Analiz Bazaya Yazıldı: 'admin-sistemi/src/pages/AdminTools/AdminManagement.jsx'
[2026-07-22 01:04:27] [INFO] Maksimal AI Analiz Bazaya Yazıldı: 'admin-sistemi/src/pages/AdminTools/AdminToolsPage.jsx'
[2026-07-22 01:04:27] [INFO] Maksimal AI Analiz Bazaya Yazıldı: 'admin-sistemi/src/pages/AdminTools/DictionaryManager.jsx'
[2026-07-22 01:04:27] [INFO] Maksimal AI Analiz Bazaya Yazıldı: 'admin-sistemi/src/pages/AdminTools/SystemTestManager.jsx'
[2026-07-22 01:04:28] [INFO] Maksimal AI Analiz Bazaya Yazıldı: 'admin-sistemi/src/pages/Notifications/NotificationsPage.jsx'
[2026-07-22 01:04:28] [INFO] Maksimal AI Analiz Bazaya Yazıldı: 'admin-sistemi/src/services/adminApi.js'
[2026-07-22 01:04:28] [INFO] Maksimal AI Analiz Bazaya Yazıldı: 'admin-sistemi/src/services/api.js'
[2026-07-22 01:04:28] [INFO] Maksimal AI Analiz Bazaya Yazıldı: 'admin-sistemi/src/services/errorReporter.js'
[2026-07-22 01:04:28] [INFO] Maksimal AI Analiz Bazaya Yazıldı: 'admin-sistemi/src/services/logService.js'
[2026-07-22 01:04:28] [INFO] Maksimal AI Analiz Bazaya Yazıldı: 'admin-sistemi/src/services/versionService.js'
[2026-07-22 01:04:28] [INFO] Maksimal AI Analiz Bazaya Yazıldı: 'admin-sistemi/src/test/apiService.test.js'
[2026-07-22 01:04:29] [INFO] Maksimal AI Analiz Bazaya Yazıldı: 'admin-sistemi/src/test/app_health.test.js'
[2026-07-22 01:04:29] [INFO] Maksimal AI Analiz Bazaya Yazıldı: 'admin-sistemi/src/test/login.test.jsx'
[2026-07-22 01:04:29] [INFO] Maksimal AI Analiz Bazaya Yazıldı: 'admin-sistemi/src/test/setup.js'
[2026-07-22 01:04:29] [INFO] Maksimal AI Analiz Bazaya Yazıldı: 'admin-sistemi/src/theme/design-system.css'
[2026-07-22 01:04:29] [INFO] Maksimal AI Analiz Bazaya Yazıldı: 'admin-sistemi/src/theme/theme.js'
[2026-07-22 01:04:29] [INFO] Maksimal AI Analiz Bazaya Yazıldı: 'admin-sistemi/src-tauri/Cargo.lock'
[2026-07-22 01:04:30] [INFO] Maksimal AI Analiz Bazaya Yazıldı: 'admin-sistemi/src-tauri/Cargo.toml'
[2026-07-22 01:04:30] [INFO] Maksimal AI Analiz Bazaya Yazıldı: 'admin-sistemi/src-tauri/build.rs'
[2026-07-22 01:04:30] [INFO] Maksimal AI Analiz Bazaya Yazıldı: 'admin-sistemi/src-tauri/build_err.log'
[2026-07-22 01:04:30] [INFO] Maksimal AI Analiz Bazaya Yazıldı: 'admin-sistemi/src-tauri/custom_api.txt'
[2026-07-22 01:04:30] [INFO] Maksimal AI Analiz Bazaya Yazıldı: 'admin-sistemi/src-tauri/error.log'
[2026-07-22 01:04:30] [INFO] Maksimal AI Analiz Bazaya Yazıldı: 'admin-sistemi/src-tauri/error_utf8.log'
[2026-07-22 01:04:30] [INFO] Maksimal AI Analiz Bazaya Yazıldı: 'admin-sistemi/src-tauri/extract_keys.py'
[2026-07-22 01:04:31] [INFO] Maksimal AI Analiz Bazaya Yazıldı: 'admin-sistemi/src-tauri/private.key'
[2026-07-22 01:04:31] [INFO] Maksimal AI Analiz Bazaya Yazıldı: 'admin-sistemi/src-tauri/public.key'
[2026-07-22 01:04:31] [INFO] Maksimal AI Analiz Bazaya Yazıldı: 'admin-sistemi/src-tauri/tauri.conf.json'
[2026-07-22 01:04:31] [INFO] Maksimal AI Analiz Bazaya Yazıldı: 'admin-sistemi/src-tauri/build/hooks.nsh'
[2026-07-22 01:04:31] [INFO] Maksimal AI Analiz Bazaya Yazıldı: 'admin-sistemi/src-tauri/capabilities/default.json'
[2026-07-22 01:04:31] [INFO] Maksimal AI Analiz Bazaya Yazıldı: 'admin-sistemi/src-tauri/gen/schemas/acl-manifests.json'
[2026-07-22 01:04:31] [INFO] Maksimal AI Analiz Bazaya Yazıldı: 'admin-sistemi/src-tauri/gen/schemas/capabilities.json'
[2026-07-22 01:04:32] [INFO] Maksimal AI Analiz Bazaya Yazıldı: 'admin-sistemi/src-tauri/gen/schemas/desktop-schema.json'
[2026-07-22 01:04:32] [INFO] Maksimal AI Analiz Bazaya Yazıldı: 'admin-sistemi/src-tauri/gen/schemas/windows-schema.json'
[2026-07-22 01:04:32] [INFO] Maksimal AI Analiz Bazaya Yazıldı: 'admin-sistemi/src-tauri/icons/128x128.png'
[2026-07-22 01:04:32] [INFO] Maksimal AI Analiz Bazaya Yazıldı: 'admin-sistemi/src-tauri/icons/128x128@2x.png'
[2026-07-22 01:04:32] [INFO] Maksimal AI Analiz Bazaya Yazıldı: 'admin-sistemi/src-tauri/icons/32x32.png'
[2026-07-22 01:04:33] [INFO] Maksimal AI Analiz Bazaya Yazıldı: 'admin-sistemi/src-tauri/icons/icon.icns'
[2026-07-22 01:04:33] [INFO] Maksimal AI Analiz Bazaya Yazıldı: 'admin-sistemi/src-tauri/icons/icon.ico'
[2026-07-22 01:04:34] [INFO] Maksimal AI Analiz Bazaya Yazıldı: 'admin-sistemi/src-tauri/icons/icon.png'
[2026-07-22 01:04:34] [INFO] Maksimal AI Analiz Bazaya Yazıldı: 'admin-sistemi/src-tauri/icons/icons.icns'
[2026-07-22 01:04:34] [INFO] Maksimal AI Analiz Bazaya Yazıldı: 'admin-sistemi/src-tauri/icons/icons.ico'
[2026-07-22 01:04:35] [INFO] Maksimal AI Analiz Bazaya Yazıldı: 'admin-sistemi/src-tauri/icons/icons.png'
[2026-07-22 01:04:35] [INFO] Maksimal AI Analiz Bazaya Yazıldı: 'admin-sistemi/src-tauri/settings/pre_install.nsh'
[2026-07-22 01:04:35] [INFO] Maksimal AI Analiz Bazaya Yazıldı: 'admin-sistemi/src-tauri/src/main.rs'
[2026-07-22 01:04:35] [INFO] Maksimal AI Analiz Bazaya Yazıldı: 'beledci/MUNDERICAT.md'
[2026-07-22 01:04:35] [INFO] Maksimal AI Analiz Bazaya Yazıldı: 'beledci/README.md'
[2026-07-22 01:04:35] [INFO] Maksimal AI Analiz Bazaya Yazıldı: 'beledci/YENILIKLER_PLAN.md'
[2026-07-22 01:04:36] [INFO] Maksimal AI Analiz Bazaya Yazıldı: 'beledci/YENILIKLER_PLAN_2.md'
[2026-07-22 01:04:44] [INFO] Maksimal AI Analiz Bazaya Yazıldı: 'beledci/beledci.html'
[2026-07-22 01:04:44] [INFO] Maksimal AI Analiz Bazaya Yazıldı: 'beledci/beledci.log'
[2026-07-22 01:04:44] [INFO] Maksimal AI Analiz Bazaya Yazıldı: 'beledci/beledci_generator.py'
[2026-07-22 01:04:49] [INFO] Maksimal AI Analiz Bazaya Yazıldı: 'beledci/beledci_kb.db'
[2026-07-22 01:04:50] [INFO] Maksimal AI Analiz Bazaya Yazıldı: 'beledci/descriptions.json'
[2026-07-22 01:04:50] [INFO] Maksimal AI Analiz Bazaya Yazıldı: 'docs/README.md'
[2026-07-22 01:04:50] [INFO] Maksimal AI Analiz Bazaya Yazıldı: 'github/repo_gui copy.py'
[2026-07-22 01:04:50] [INFO] Maksimal AI Analiz Bazaya Yazıldı: 'github/repo_gui.py'
[2026-07-22 01:04:50] [INFO] Maksimal AI Analiz Bazaya Yazıldı: 'github/repo_logs/log_2026-06-22.txt'
[2026-07-22 01:04:50] [INFO] Maksimal AI Analiz Bazaya Yazıldı: 'github/repo_logs/log_2026-07-01.txt'
[2026-07-22 01:04:51] [INFO] Maksimal AI Analiz Bazaya Yazıldı: 'github/repo_logs/log_2026-07-05.txt'
[2026-07-22 01:04:51] [INFO] Maksimal AI Analiz Bazaya Yazıldı: 'github/repo_logs/log_2026-07-06.txt'
[2026-07-22 01:04:51] [INFO] Maksimal AI Analiz Bazaya Yazıldı: 'github/repo_logs/log_2026-07-07.txt'
[2026-07-22 01:04:51] [INFO] Maksimal AI Analiz Bazaya Yazıldı: 'github/repo_logs/log_2026-07-08.txt'
[2026-07-22 01:04:51] [INFO] Maksimal AI Analiz Bazaya Yazıldı: 'github/repo_logs/log_2026-07-09.txt'
[2026-07-22 01:04:52] [INFO] Maksimal AI Analiz Bazaya Yazıldı: 'github/repo_logs/log_2026-07-10.txt'
[2026-07-22 01:04:52] [INFO] Maksimal AI Analiz Bazaya Yazıldı: 'github/repo_logs/log_2026-07-11.txt'
[2026-07-22 01:04:52] [INFO] Maksimal AI Analiz Bazaya Yazıldı: 'github/repo_logs/log_2026-07-12.txt'
[2026-07-22 01:04:52] [INFO] Maksimal AI Analiz Bazaya Yazıldı: 'github/repo_logs/log_2026-07-13.txt'
[2026-07-22 01:04:53] [INFO] Maksimal AI Analiz Bazaya Yazıldı: 'github/repo_logs/log_2026-07-14.txt'
[2026-07-22 01:04:53] [INFO] Maksimal AI Analiz Bazaya Yazıldı: 'github/repo_logs/log_2026-07-16.txt'
[2026-07-22 01:04:53] [INFO] Maksimal AI Analiz Bazaya Yazıldı: 'github/repo_logs/log_2026-07-19.txt'
[2026-07-22 01:04:53] [INFO] Maksimal AI Analiz Bazaya Yazıldı: 'github/repo_logs/log_2026-07-20.txt'
[2026-07-22 01:04:53] [INFO] Maksimal AI Analiz Bazaya Yazıldı: 'github/repo_logs/log_2026-07-21.txt'
[2026-07-22 01:04:53] [INFO] Maksimal AI Analiz Bazaya Yazıldı: 'mezuniyyet/MIGRATION_GUIDE.md'
[2026-07-22 01:04:53] [INFO] Maksimal AI Analiz Bazaya Yazıldı: 'mezuniyyet/NEXT_AGENT_INSTRUCTIONS.md'
[2026-07-22 01:04:54] [INFO] Maksimal AI Analiz Bazaya Yazıldı: 'mezuniyyet/beledci_mema.md'
[2026-07-22 01:04:54] [INFO] Maksimal AI Analiz Bazaya Yazıldı: 'mezuniyyet/build_and_push_app.py'
[2026-07-22 01:04:54] [INFO] Maksimal AI Analiz Bazaya Yazıldı: 'mezuniyyet/build_log.md'
[2026-07-22 01:04:54] [INFO] Maksimal AI Analiz Bazaya Yazıldı: 'mezuniyyet/custom_api.txt'
[2026-07-22 01:04:54] [INFO] Maksimal AI Analiz Bazaya Yazıldı: 'mezuniyyet/gelecek_planlar.md'
[2026-07-22 01:04:54] [INFO] Maksimal AI Analiz Bazaya Yazıldı: 'mezuniyyet/history_manager.py'
[2026-07-22 01:04:54] [INFO] Maksimal AI Analiz Bazaya Yazıldı: 'mezuniyyet/mema.md'
[2026-07-22 01:04:55] [INFO] Maksimal AI Analiz Bazaya Yazıldı: 'mezuniyyet/mezuniyyet-rust-taurisiz-olan.code-workspace'
[2026-07-22 01:04:55] [INFO] Maksimal AI Analiz Bazaya Yazıldı: 'mezuniyyet/run_app.py'
[2026-07-22 01:04:55] [INFO] Maksimal AI Analiz Bazaya Yazıldı: 'mezuniyyet/tauri_simulator.py'
[2026-07-22 01:04:55] [INFO] Maksimal AI Analiz Bazaya Yazıldı: 'mezuniyyet/test_smart_gate.py'
[2026-07-22 01:04:55] [INFO] Maksimal AI Analiz Bazaya Yazıldı: 'mezuniyyet/update_debug.py'
[2026-07-22 01:04:55] [INFO] Maksimal AI Analiz Bazaya Yazıldı: 'mezuniyyet/cloudflare-gate/wrangler.toml'
[2026-07-22 01:04:56] [INFO] Maksimal AI Analiz Bazaya Yazıldı: 'mezuniyyet/cloudflare-gate/src/index.js'
[2026-07-22 01:04:56] [INFO] Maksimal AI Analiz Bazaya Yazıldı: 'mezuniyyet/dizayn/index.html'
[2026-07-22 01:04:56] [INFO] Maksimal AI Analiz Bazaya Yazıldı: 'mezuniyyet/dizayn/script.js'
[2026-07-22 01:04:56] [INFO] Maksimal AI Analiz Bazaya Yazıldı: 'mezuniyyet/dizayn/style.css'
[2026-07-22 01:04:56] [INFO] Maksimal AI Analiz Bazaya Yazıldı: 'mezuniyyet/docs/MIGRATION_GUIDE.md'
[2026-07-22 01:04:56] [INFO] Maksimal AI Analiz Bazaya Yazıldı: 'mezuniyyet/docs/NEXT_AGENT_INSTRUCTIONS.md'
[2026-07-22 01:04:56] [INFO] Maksimal AI Analiz Bazaya Yazıldı: 'mezuniyyet/docs/beledci_mema.md'
[2026-07-22 01:04:57] [INFO] Maksimal AI Analiz Bazaya Yazıldı: 'mezuniyyet/docs/build_log.md'
[2026-07-22 01:04:57] [INFO] Maksimal AI Analiz Bazaya Yazıldı: 'mezuniyyet/docs/external-games__client__README.md'
[2026-07-22 01:04:57] [INFO] Maksimal AI Analiz Bazaya Yazıldı: 'mezuniyyet/docs/gelecek_planlar.md'
[2026-07-22 01:04:57] [INFO] Maksimal AI Analiz Bazaya Yazıldı: 'mezuniyyet/docs/mema.md'
[2026-07-22 01:04:57] [INFO] Maksimal AI Analiz Bazaya Yazıldı: 'mezuniyyet/docs/tests__README.md'
[2026-07-22 01:04:57] [INFO] Maksimal AI Analiz Bazaya Yazıldı: 'mezuniyyet/docs/tests__TEST_BASLAMA_REHBERI.md'
[2026-07-22 01:04:57] [INFO] Maksimal AI Analiz Bazaya Yazıldı: 'mezuniyyet/external-games/client/README.md'
[2026-07-22 01:04:58] [INFO] Maksimal AI Analiz Bazaya Yazıldı: 'mezuniyyet/external-games/client/eslint.config.js'
[2026-07-22 01:04:58] [INFO] Maksimal AI Analiz Bazaya Yazıldı: 'mezuniyyet/external-games/client/index.html'
[2026-07-22 01:04:58] [INFO] Maksimal AI Analiz Bazaya Yazıldı: 'mezuniyyet/external-games/client/package-lock.json'
[2026-07-22 01:04:58] [INFO] Maksimal AI Analiz Bazaya Yazıldı: 'mezuniyyet/external-games/client/package.json'
[2026-07-22 01:04:58] [INFO] Maksimal AI Analiz Bazaya Yazıldı: 'mezuniyyet/external-games/client/vite.config.js'
[2026-07-22 01:04:58] [INFO] Maksimal AI Analiz Bazaya Yazıldı: 'mezuniyyet/external-games/client/public/favicon.svg'
[2026-07-22 01:04:58] [INFO] Maksimal AI Analiz Bazaya Yazıldı: 'mezuniyyet/external-games/client/public/icons.svg'
[2026-07-22 01:04:59] [INFO] Maksimal AI Analiz Bazaya Yazıldı: 'mezuniyyet/external-games/client/src/App.css'
[2026-07-22 01:04:59] [INFO] Maksimal AI Analiz Bazaya Yazıldı: 'mezuniyyet/external-games/client/src/App.jsx'
[2026-07-22 01:04:59] [INFO] Maksimal AI Analiz Bazaya Yazıldı: 'mezuniyyet/external-games/client/src/SocketContext.jsx'
[2026-07-22 01:04:59] [INFO] Maksimal AI Analiz Bazaya Yazıldı: 'mezuniyyet/external-games/client/src/index.css'
[2026-07-22 01:04:59] [INFO] Maksimal AI Analiz Bazaya Yazıldı: 'mezuniyyet/external-games/client/src/main.jsx'
[2026-07-22 01:04:59] [INFO] Maksimal AI Analiz Bazaya Yazıldı: 'mezuniyyet/external-games/client/src/assets/hero.png'
[2026-07-22 01:04:59] [INFO] Maksimal AI Analiz Bazaya Yazıldı: 'mezuniyyet/external-games/client/src/assets/react.svg'
[2026-07-22 01:05:00] [INFO] Maksimal AI Analiz Bazaya Yazıldı: 'mezuniyyet/external-games/client/src/assets/vite.svg'
[2026-07-22 01:05:00] [INFO] Maksimal AI Analiz Bazaya Yazıldı: 'mezuniyyet/external-games/client/src/components/Games/TicTacToe/Board.jsx'
[2026-07-22 01:05:00] [INFO] Maksimal AI Analiz Bazaya Yazıldı: 'mezuniyyet/external-games/client/src/components/Games/TicTacToe/Dice3D.jsx'
[2026-07-22 01:05:00] [INFO] Maksimal AI Analiz Bazaya Yazıldı: 'mezuniyyet/external-games/client/src/components/Games/TicTacToe/DiceOverlay.jsx'
[2026-07-22 01:05:00] [INFO] Maksimal AI Analiz Bazaya Yazıldı: 'mezuniyyet/external-games/client/src/components/Games/TicTacToe/TicTacToe.jsx'
[2026-07-22 01:05:00] [INFO] Maksimal AI Analiz Bazaya Yazıldı: 'mezuniyyet/external-games/server/index.js'
[2026-07-22 01:05:00] [INFO] Maksimal AI Analiz Bazaya Yazıldı: 'mezuniyyet/external-games/server/package-lock.json'
[2026-07-22 01:05:01] [INFO] Maksimal AI Analiz Bazaya Yazıldı: 'mezuniyyet/external-games/server/package.json'
[2026-07-22 01:05:01] [INFO] Maksimal AI Analiz Bazaya Yazıldı: 'mezuniyyet/external-games/server/unban.js'
[2026-07-22 01:05:01] [INFO] Maksimal AI Analiz Bazaya Yazıldı: 'mezuniyyet/private key game/ssh-key-2026-06-15 (5).key'
[2026-07-22 01:05:01] [INFO] Maksimal AI Analiz Bazaya Yazıldı: 'mezuniyyet/requirements/requirements-dev.txt'
[2026-07-22 01:05:01] [INFO] Maksimal AI Analiz Bazaya Yazıldı: 'mezuniyyet/requirements/requirements-lock.txt'
[2026-07-22 01:05:01] [INFO] Maksimal AI Analiz Bazaya Yazıldı: 'mezuniyyet/requirements/requirements.txt'
[2026-07-22 01:05:01] [INFO] Maksimal AI Analiz Bazaya Yazıldı: 'mezuniyyet/rust-sistemi/add-defender-exclusion.ps1'
[2026-07-22 01:05:02] [INFO] Maksimal AI Analiz Bazaya Yazıldı: 'mezuniyyet/rust-sistemi/custom_api.txt'
[2026-07-22 01:05:02] [INFO] Maksimal AI Analiz Bazaya Yazıldı: 'mezuniyyet/rust-sistemi/dummy_test.txt.sig'
[2026-07-22 01:05:02] [INFO] Maksimal AI Analiz Bazaya Yazıldı: 'mezuniyyet/rust-sistemi/eslint.config.js'
[2026-07-22 01:05:02] [INFO] Maksimal AI Analiz Bazaya Yazıldı: 'mezuniyyet/rust-sistemi/generate_print_designs.cjs'
[2026-07-22 01:05:02] [INFO] Maksimal AI Analiz Bazaya Yazıldı: 'mezuniyyet/rust-sistemi/icon.png'
[2026-07-22 01:05:02] [INFO] Maksimal AI Analiz Bazaya Yazıldı: 'mezuniyyet/rust-sistemi/index.html'
[2026-07-22 01:05:03] [INFO] Maksimal AI Analiz Bazaya Yazıldı: 'mezuniyyet/rust-sistemi/package-lock.json'
[2026-07-22 01:05:03] [INFO] Maksimal AI Analiz Bazaya Yazıldı: 'mezuniyyet/rust-sistemi/package.json'
[2026-07-22 01:05:03] [INFO] Maksimal AI Analiz Bazaya Yazıldı: 'mezuniyyet/rust-sistemi/start_dev.bat'
[2026-07-22 01:05:03] [INFO] Maksimal AI Analiz Bazaya Yazıldı: 'mezuniyyet/rust-sistemi/vite.config.js'
[2026-07-22 01:05:03] [INFO] Maksimal AI Analiz Bazaya Yazıldı: 'mezuniyyet/rust-sistemi/new-api/Cargo.lock'
[2026-07-22 01:05:03] [INFO] Maksimal AI Analiz Bazaya Yazıldı: 'mezuniyyet/rust-sistemi/new-api/Cargo.toml'
[2026-07-22 01:05:03] [INFO] Maksimal AI Analiz Bazaya Yazıldı: 'mezuniyyet/rust-sistemi/new-api/Dockerfile'
[2026-07-22 01:05:04] [INFO] Maksimal AI Analiz Bazaya Yazıldı: 'mezuniyyet/rust-sistemi/new-api/build_and_deploy_api_local.py'
[2026-07-22 01:05:04] [INFO] Maksimal AI Analiz Bazaya Yazıldı: 'mezuniyyet/rust-sistemi/new-api/check2.txt'
[2026-07-22 01:05:04] [INFO] Maksimal AI Analiz Bazaya Yazıldı: 'mezuniyyet/rust-sistemi/new-api/check_errors.txt'
[2026-07-22 01:05:04] [INFO] Maksimal AI Analiz Bazaya Yazıldı: 'mezuniyyet/rust-sistemi/new-api/check_output.txt'
[2026-07-22 01:05:04] [INFO] Maksimal AI Analiz Bazaya Yazıldı: 'mezuniyyet/rust-sistemi/new-api/check_output_utf8.txt'
[2026-07-22 01:05:04] [INFO] Maksimal AI Analiz Bazaya Yazıldı: 'mezuniyyet/rust-sistemi/new-api/check_stderr.txt'
[2026-07-22 01:05:04] [INFO] Maksimal AI Analiz Bazaya Yazıldı: 'mezuniyyet/rust-sistemi/new-api/check_stdout.txt'
[2026-07-22 01:05:05] [INFO] Maksimal AI Analiz Bazaya Yazıldı: 'mezuniyyet/rust-sistemi/new-api/error.log'
[2026-07-22 01:05:05] [INFO] Maksimal AI Analiz Bazaya Yazıldı: 'mezuniyyet/rust-sistemi/new-api/error_ansi.txt'
[2026-07-22 01:05:05] [INFO] Maksimal AI Analiz Bazaya Yazıldı: 'mezuniyyet/rust-sistemi/new-api/errors.log'
[2026-07-22 01:05:05] [INFO] Maksimal AI Analiz Bazaya Yazıldı: 'mezuniyyet/rust-sistemi/new-api/errors.txt'
[2026-07-22 01:05:05] [INFO] Maksimal AI Analiz Bazaya Yazıldı: 'mezuniyyet/rust-sistemi/new-api/errors_json.log'
[2026-07-22 01:05:05] [INFO] Maksimal AI Analiz Bazaya Yazıldı: 'mezuniyyet/rust-sistemi/new-api/errors_utf8.log'
[2026-07-22 01:05:05] [INFO] Maksimal AI Analiz Bazaya Yazıldı: 'mezuniyyet/rust-sistemi/new-api/errors_utf8.txt'
[2026-07-22 01:05:06] [INFO] Maksimal AI Analiz Bazaya Yazıldı: 'mezuniyyet/rust-sistemi/new-api/last_test_run.log'
[2026-07-22 01:05:06] [INFO] Maksimal AI Analiz Bazaya Yazıldı: 'mezuniyyet/rust-sistemi/new-api/read_log.py'
[2026-07-22 01:05:06] [INFO] Maksimal AI Analiz Bazaya Yazıldı: 'mezuniyyet/rust-sistemi/new-api/render.yaml'
[2026-07-22 01:05:06] [INFO] Maksimal AI Analiz Bazaya Yazıldı: 'mezuniyyet/rust-sistemi/new-api/test_results.log'
[2026-07-22 01:05:06] [INFO] Maksimal AI Analiz Bazaya Yazıldı: 'mezuniyyet/rust-sistemi/new-api/tests_output.log'
[2026-07-22 01:05:06] [INFO] Maksimal AI Analiz Bazaya Yazıldı: 'mezuniyyet/rust-sistemi/new-api/logs/client_logs_2026-06-01.jsonl'
[2026-07-22 01:05:06] [INFO] Maksimal AI Analiz Bazaya Yazıldı: 'mezuniyyet/rust-sistemi/new-api/logs/client_logs_2026-06-02.jsonl'
[2026-07-22 01:05:07] [INFO] Maksimal AI Analiz Bazaya Yazıldı: 'mezuniyyet/rust-sistemi/new-api/logs/client_logs_2026-06-03.jsonl'
[2026-07-22 01:05:07] [INFO] Maksimal AI Analiz Bazaya Yazıldı: 'mezuniyyet/rust-sistemi/new-api/logs/client_logs_2026-06-04.jsonl'
[2026-07-22 01:05:07] [INFO] Maksimal AI Analiz Bazaya Yazıldı: 'mezuniyyet/rust-sistemi/new-api/logs/client_logs_2026-06-05.jsonl'
[2026-07-22 01:05:07] [INFO] Maksimal AI Analiz Bazaya Yazıldı: 'mezuniyyet/rust-sistemi/new-api/logs/client_logs_2026-06-08.jsonl'
[2026-07-22 01:05:08] [INFO] Maksimal AI Analiz Bazaya Yazıldı: 'mezuniyyet/rust-sistemi/new-api/logs/client_logs_2026-06-09.jsonl'
[2026-07-22 01:05:08] [INFO] Maksimal AI Analiz Bazaya Yazıldı: 'mezuniyyet/rust-sistemi/new-api/logs/client_logs_2026-06-10.jsonl'
[2026-07-22 01:05:08] [INFO] Maksimal AI Analiz Bazaya Yazıldı: 'mezuniyyet/rust-sistemi/new-api/logs/client_logs_2026-06-11.jsonl'
[2026-07-22 01:05:09] [INFO] Maksimal AI Analiz Bazaya Yazıldı: 'mezuniyyet/rust-sistemi/new-api/logs/client_logs_2026-06-15.jsonl'
[2026-07-22 01:05:09] [INFO] Maksimal AI Analiz Bazaya Yazıldı: 'mezuniyyet/rust-sistemi/new-api/logs/client_logs_2026-06-16.jsonl'
[2026-07-22 01:05:09] [INFO] Maksimal AI Analiz Bazaya Yazıldı: 'mezuniyyet/rust-sistemi/new-api/logs/client_logs_2026-06-19.jsonl'
[2026-07-22 01:05:09] [INFO] Maksimal AI Analiz Bazaya Yazıldı: 'mezuniyyet/rust-sistemi/new-api/logs/client_logs_2026-06-21.jsonl'
[2026-07-22 01:05:09] [INFO] Maksimal AI Analiz Bazaya Yazıldı: 'mezuniyyet/rust-sistemi/new-api/logs/client_logs_2026-06-29.jsonl'
[2026-07-22 01:05:09] [INFO] beledci_generator.py yenilendi! Server avtomatik restart olunur...
[2026-07-22 01:05:10] [INFO] Beledci Maksimal AI Analizator Mühərriki başladıldı.
[2026-07-22 01:05:10] [INFO] SQLite file_analysis bazası yeni sxemlə (OWASP Security, Impact & Code Preview) hazırlandı.
[2026-07-22 01:05:10] [INFO] Maksimal AI Analiz Bazaya Yazıldı: 'mezuniyyet/rust-sistemi/new-api/logs/client_logs_2026-07-10.jsonl'
[2026-07-22 01:05:10] [INFO] Maksimal AI Analiz Bazaya Yazıldı: 'mezuniyyet/rust-sistemi/new-api/logs/client_logs_2026-07-11.jsonl'
[2026-07-22 01:05:11] [INFO] Maksimal AI Analiz Bazaya Yazıldı: 'mezuniyyet/rust-sistemi/new-api/logs/client_logs_2026-07-12.jsonl'
[2026-07-22 01:05:11] [INFO] Maksimal AI Analiz Bazaya Yazıldı: 'mezuniyyet/rust-sistemi/new-api/logs/client_logs_2026-07-20.jsonl'
[2026-07-22 01:05:11] [INFO] Maksimal AI Analiz Bazaya Yazıldı: 'mezuniyyet/rust-sistemi/new-api/logs/client_logs_2026-07-21.jsonl'
[2026-07-22 01:05:11] [INFO] Maksimal AI Analiz Bazaya Yazıldı: 'mezuniyyet/rust-sistemi/new-api/migrations/20240101000000_init.sql'
[2026-07-22 01:05:11] [INFO] Maksimal AI Analiz Bazaya Yazıldı: 'mezuniyyet/rust-sistemi/new-api/migrations/20260107_expand_chat_schema.sql'
[2026-07-22 01:05:11] [INFO] CANLI BELEDCI SERVERI ISLEDIR: http://localhost:8090
[2026-07-22 01:05:11] [INFO] Maksimal AI Analiz Bazaya Yazıldı: 'mezuniyyet/rust-sistemi/new-api/migrations/20260710000000_setup_tokens.sql'
[2026-07-22 01:05:11] [INFO] Maksimal AI Analiz Bazaya Yazıldı: 'mezuniyyet/rust-sistemi/new-api/src/db.rs'
[2026-07-22 01:05:12] [INFO] Maksimal AI Analiz Bazaya Yazıldı: 'mezuniyyet/rust-sistemi/new-api/src/handlers.rs'
[2026-07-22 01:05:12] [INFO] Maksimal AI Analiz Bazaya Yazıldı: 'mezuniyyet/rust-sistemi/new-api/src/main.rs'
[2026-07-22 01:05:12] [INFO] Maksimal AI Analiz Bazaya Yazıldı: 'mezuniyyet/rust-sistemi/new-api/src/migrations.rs'
[2026-07-22 01:05:12] [INFO] Maksimal AI Analiz Bazaya Yazıldı: 'mezuniyyet/rust-sistemi/new-api/src/models.rs'
[2026-07-22 01:05:12] [INFO] Maksimal AI Analiz Bazaya Yazıldı: 'mezuniyyet/rust-sistemi/new-api/src/tests_integration.rs'
[2026-07-22 01:05:12] [INFO] Maksimal AI Analiz Bazaya Yazıldı: 'mezuniyyet/rust-sistemi/new-api/src/utils.rs'
[2026-07-22 01:05:12] [INFO] Maksimal AI Analiz Bazaya Yazıldı: 'mezuniyyet/rust-sistemi/new-api/src/handlers/admin.rs'
[2026-07-22 01:05:13] [INFO] Maksimal AI Analiz Bazaya Yazıldı: 'mezuniyyet/rust-sistemi/new-api/src/handlers/auth.rs'
[2026-07-22 01:05:13] [INFO] Maksimal AI Analiz Bazaya Yazıldı: 'mezuniyyet/rust-sistemi/new-api/src/handlers/business.rs'
[2026-07-22 01:05:13] [INFO] Maksimal AI Analiz Bazaya Yazıldı: 'mezuniyyet/rust-sistemi/new-api/src/handlers/chat.rs'
[2026-07-22 01:05:13] [INFO] Maksimal AI Analiz Bazaya Yazıldı: 'mezuniyyet/rust-sistemi/new-api/src/handlers/client_logs.rs'
[2026-07-22 01:05:13] [INFO] Maksimal AI Analiz Bazaya Yazıldı: 'mezuniyyet/rust-sistemi/new-api/src/handlers/dashboard.rs'
[2026-07-22 01:05:13] [INFO] Maksimal AI Analiz Bazaya Yazıldı: 'mezuniyyet/rust-sistemi/new-api/src/handlers/employees.rs'
[2026-07-22 01:05:13] [INFO] Maksimal AI Analiz Bazaya Yazıldı: 'mezuniyyet/rust-sistemi/new-api/src/handlers/errors.rs'
[2026-07-22 01:05:14] [INFO] Maksimal AI Analiz Bazaya Yazıldı: 'mezuniyyet/rust-sistemi/new-api/src/handlers/notification.rs'
[2026-07-22 01:05:14] [INFO] Maksimal AI Analiz Bazaya Yazıldı: 'mezuniyyet/rust-sistemi/new-api/src/handlers/notifications.rs'
[2026-07-22 01:05:14] [INFO] beledci_generator.py yenilendi! Server avtomatik restart olunur...
[2026-07-22 01:05:14] [INFO] Maksimal AI Analiz Bazaya Yazıldı: 'mezuniyyet/rust-sistemi/new-api/src/handlers/profile.rs'
[2026-07-22 01:05:14] [INFO] Beledci Maksimal AI Analizator Mühərriki başladıldı.
[2026-07-22 01:05:14] [INFO] SQLite file_analysis bazası yeni sxemlə (OWASP Security, Impact & Code Preview) hazırlandı.
[2026-07-22 01:05:14] [INFO] Maksimal AI Analiz Bazaya Yazıldı: 'mezuniyyet/rust-sistemi/new-api/src/handlers/super_admin.rs'
[2026-07-22 01:05:14] [INFO] Maksimal AI Analiz Bazaya Yazıldı: 'mezuniyyet/rust-sistemi/new-api/src/handlers/tenant.rs'
[2026-07-22 01:05:14] [INFO] Maksimal AI Analiz Bazaya Yazıldı: 'mezuniyyet/rust-sistemi/new-api/src/handlers/tenants.rs'
[2026-07-22 01:05:15] [INFO] Maksimal AI Analiz Bazaya Yazıldı: 'mezuniyyet/rust-sistemi/new-api/src/handlers/vacations.rs'
[2026-07-22 01:05:15] [INFO] Maksimal AI Analiz Bazaya Yazıldı: 'mezuniyyet/rust-sistemi/new-api/src/handlers/version.rs'
[2026-07-22 01:05:15] [INFO] Maksimal AI Analiz Bazaya Yazıldı: 'mezuniyyet/rust-sistemi/new-api/src/handlers/websocket.rs'
[2026-07-22 01:05:15] [INFO] Maksimal AI Analiz Bazaya Yazıldı: 'mezuniyyet/rust-sistemi/new-api/src/middleware/admin.rs'
[2026-07-22 01:05:15] [INFO] Maksimal AI Analiz Bazaya Yazıldı: 'mezuniyyet/rust-sistemi/new-api/src/middleware/auth.rs'
[2026-07-22 01:05:15] [INFO] CANLI BELEDCI SERVERI ISLEDIR: http://localhost:8090
[2026-07-22 01:05:15] [INFO] Maksimal AI Analiz Bazaya Yazıldı: 'mezuniyyet/rust-sistemi/new-api/src/middleware/gateway_auth.rs'
[2026-07-22 01:05:15] [INFO] Maksimal AI Analiz Bazaya Yazıldı: 'mezuniyyet/rust-sistemi/new-api/src/middleware/ip.rs'
[2026-07-22 01:05:16] [INFO] Maksimal AI Analiz Bazaya Yazıldı: 'mezuniyyet/rust-sistemi/new-api/src/middleware/logger.rs'
[2026-07-22 01:05:16] [INFO] Maksimal AI Analiz Bazaya Yazıldı: 'mezuniyyet/rust-sistemi/new-api/src/middleware/mod.rs'
[2026-07-22 01:05:16] [INFO] Maksimal AI Analiz Bazaya Yazıldı: 'mezuniyyet/rust-sistemi/new-api/src/middleware/rate_limit.rs'
[2026-07-22 01:05:16] [INFO] Maksimal AI Analiz Bazaya Yazıldı: 'mezuniyyet/rust-sistemi/new-api/src/middleware/rate_limit_tracker.rs'
[2026-07-22 01:05:16] [INFO] Maksimal AI Analiz Bazaya Yazıldı: 'mezuniyyet/rust-sistemi/new-api/src/middleware/server_logger.rs'
[2026-07-22 01:05:16] [INFO] Maksimal AI Analiz Bazaya Yazıldı: 'mezuniyyet/rust-sistemi/public/Airplane.json'
[2026-07-22 01:05:16] [INFO] Maksimal AI Analiz Bazaya Yazıldı: 'mezuniyyet/rust-sistemi/public/calendar_design.html'
[2026-07-22 01:05:17] [INFO] Maksimal AI Analiz Bazaya Yazıldı: 'mezuniyyet/rust-sistemi/public/home_design.html'
[2026-07-22 01:05:17] [INFO] Maksimal AI Analiz Bazaya Yazıldı: 'mezuniyyet/rust-sistemi/public/log_designs.html'
[2026-07-22 01:05:17] [INFO] Maksimal AI Analiz Bazaya Yazıldı: 'mezuniyyet/rust-sistemi/public/splash.html'
[2026-07-22 01:05:17] [INFO] Maksimal AI Analiz Bazaya Yazıldı: 'mezuniyyet/rust-sistemi/public/test_airplane.html'
[2026-07-22 01:05:17] [INFO] Maksimal AI Analiz Bazaya Yazıldı: 'mezuniyyet/rust-sistemi/public/test_lottie.html'
[2026-07-22 01:05:17] [INFO] Maksimal AI Analiz Bazaya Yazıldı: 'mezuniyyet/rust-sistemi/public/test_print.html'
[2026-07-22 01:05:18] [INFO] Maksimal AI Analiz Bazaya Yazıldı: 'mezuniyyet/rust-sistemi/public/splash-animations/lego.html'
[2026-07-22 01:05:18] [INFO] Maksimal AI Analiz Bazaya Yazıldı: 'mezuniyyet/rust-sistemi/public/splash-animations/tree.html'
[2026-07-22 01:05:18] [INFO] Maksimal AI Analiz Bazaya Yazıldı: 'mezuniyyet/rust-sistemi/src/App.jsx'
[2026-07-22 01:05:18] [INFO] Maksimal AI Analiz Bazaya Yazıldı: 'mezuniyyet/rust-sistemi/src/index.css'
[2026-07-22 01:05:18] [INFO] Maksimal AI Analiz Bazaya Yazıldı: 'mezuniyyet/rust-sistemi/src/main.jsx'
[2026-07-22 01:05:18] [INFO] Maksimal AI Analiz Bazaya Yazıldı: 'mezuniyyet/rust-sistemi/src/components/AnimatedLoader.css'
[2026-07-22 01:05:18] [INFO] Maksimal AI Analiz Bazaya Yazıldı: 'mezuniyyet/rust-sistemi/src/components/AnimatedLoader.css.map'
[2026-07-22 01:05:19] [INFO] Maksimal AI Analiz Bazaya Yazıldı: 'mezuniyyet/rust-sistemi/src/components/AnimatedLoader.jsx'
[2026-07-22 01:05:19] [INFO] Maksimal AI Analiz Bazaya Yazıldı: 'mezuniyyet/rust-sistemi/src/components/CardCustomizerOverlay.jsx'
[2026-07-22 01:05:19] [INFO] Maksimal AI Analiz Bazaya Yazıldı: 'mezuniyyet/rust-sistemi/src/components/CreepyButton.css'
[2026-07-22 01:05:19] [INFO] Maksimal AI Analiz Bazaya Yazıldı: 'mezuniyyet/rust-sistemi/src/components/CreepyButton.jsx'
[2026-07-22 01:05:19] [INFO] Maksimal AI Analiz Bazaya Yazıldı: 'mezuniyyet/rust-sistemi/src/components/DebugConsole.jsx'
[2026-07-22 01:05:19] [INFO] Maksimal AI Analiz Bazaya Yazıldı: 'mezuniyyet/rust-sistemi/src/components/DebugToggleButton.jsx'
[2026-07-22 01:05:20] [INFO] Maksimal AI Analiz Bazaya Yazıldı: 'mezuniyyet/rust-sistemi/src/components/EditEmployeeModal.jsx'
[2026-07-22 01:05:20] [INFO] Maksimal AI Analiz Bazaya Yazıldı: 'mezuniyyet/rust-sistemi/src/components/EmployeeFormDialog.jsx'
[2026-07-22 01:05:20] [INFO] Maksimal AI Analiz Bazaya Yazıldı: 'mezuniyyet/rust-sistemi/src/components/ErrorBoundary.jsx'
[2026-07-22 01:05:20] [INFO] Maksimal AI Analiz Bazaya Yazıldı: 'mezuniyyet/rust-sistemi/src/components/Footer.jsx'
[2026-07-22 01:05:20] [INFO] Maksimal AI Analiz Bazaya Yazıldı: 'mezuniyyet/rust-sistemi/src/components/LeafTransition.jsx'
[2026-07-22 01:05:20] [INFO] Maksimal AI Analiz Bazaya Yazıldı: 'mezuniyyet/rust-sistemi/src/components/ProtectedRoute.jsx'
[2026-07-22 01:05:20] [INFO] Maksimal AI Analiz Bazaya Yazıldı: 'mezuniyyet/rust-sistemi/src/components/RateLimitOverlay.jsx'
[2026-07-22 01:05:21] [INFO] Maksimal AI Analiz Bazaya Yazıldı: 'mezuniyyet/rust-sistemi/src/components/TableToolbar.jsx'
[2026-07-22 01:05:21] [INFO] Maksimal AI Analiz Bazaya Yazıldı: 'mezuniyyet/rust-sistemi/src/components/TopBar.jsx'
[2026-07-22 01:05:21] [INFO] Maksimal AI Analiz Bazaya Yazıldı: 'mezuniyyet/rust-sistemi/src/components/UpdateNotification.jsx'
[2026-07-22 01:05:21] [INFO] Maksimal AI Analiz Bazaya Yazıldı: 'mezuniyyet/rust-sistemi/src/components/VacationCalendar.jsx'
[2026-07-22 01:05:21] [INFO] Maksimal AI Analiz Bazaya Yazıldı: 'mezuniyyet/rust-sistemi/src/components/VacationCalendar_backup.jsx'
[2026-07-22 01:05:21] [INFO] Maksimal AI Analiz Bazaya Yazıldı: 'mezuniyyet/rust-sistemi/src/components/auth/LoginPage.jsx'
[2026-07-22 01:05:21] [INFO] Maksimal AI Analiz Bazaya Yazıldı: 'mezuniyyet/rust-sistemi/src/components/calendar/CalendarPage.jsx'
[2026-07-22 01:05:22] [INFO] Maksimal AI Analiz Bazaya Yazıldı: 'mezuniyyet/rust-sistemi/src/components/common/LoadingOverlay.jsx'
[2026-07-22 01:05:22] [INFO] Maksimal AI Analiz Bazaya Yazıldı: 'mezuniyyet/rust-sistemi/src/components/common/ServerAwakening.jsx'
[2026-07-22 01:05:22] [INFO] Maksimal AI Analiz Bazaya Yazıldı: 'mezuniyyet/rust-sistemi/src/components/common/SplashScreen.jsx'
[2026-07-22 01:05:22] [INFO] Maksimal AI Analiz Bazaya Yazıldı: 'mezuniyyet/rust-sistemi/src/components/dashboard/DashboardPage.jsx'
[2026-07-22 01:05:22] [INFO] Maksimal AI Analiz Bazaya Yazıldı: 'mezuniyyet/rust-sistemi/src/components/employees/EmployeeList.jsx'
[2026-07-22 01:05:22] [INFO] Maksimal AI Analiz Bazaya Yazıldı: 'mezuniyyet/rust-sistemi/src/components/Games/ExternalGameWindow.jsx'
[2026-07-22 01:05:22] [INFO] Maksimal AI Analiz Bazaya Yazıldı: 'mezuniyyet/rust-sistemi/src/components/Games/TicTacToe/Board.jsx'
[2026-07-22 01:05:23] [INFO] Maksimal AI Analiz Bazaya Yazıldı: 'mezuniyyet/rust-sistemi/src/components/Games/TicTacToe/Dice3D.jsx'
[2026-07-22 01:05:23] [INFO] Maksimal AI Analiz Bazaya Yazıldı: 'mezuniyyet/rust-sistemi/src/components/Games/TicTacToe/DiceOverlay.jsx'
[2026-07-22 01:05:23] [INFO] Beledci Maksimal AI Analizator Mühərriki başladıldı.
[2026-07-22 01:05:23] [INFO] Maksimal AI Analiz Bazaya Yazıldı: 'mezuniyyet/rust-sistemi/src/components/Games/TicTacToe/TicTacToe.jsx'
[2026-07-22 01:05:23] [INFO] SQLite file_analysis bazası yeni sxemlə (OWASP Security, Impact & Code Preview) hazırlandı.
[2026-07-22 01:05:23] [INFO] Maksimal AI Analiz Bazaya Yazıldı: 'mezuniyyet/rust-sistemi/src/components/layout/AppLayout.jsx'
[2026-07-22 01:05:23] [INFO] Maksimal AI Analiz Bazaya Yazıldı: 'mezuniyyet/rust-sistemi/src/components/settings/SettingsPage.jsx'
[2026-07-22 01:05:23] [INFO] Maksimal AI Analiz Bazaya Yazıldı: 'mezuniyyet/rust-sistemi/src/components/Sidebar/EmployeeListSidebar.jsx'
[2026-07-22 01:05:23] [INFO] Maksimal AI Analiz Bazaya Yazıldı: 'mezuniyyet/rust-sistemi/src/components/Sidebar/IconSidebar.jsx'
[2026-07-22 01:05:24] [INFO] Maksimal AI Analiz Bazaya Yazıldı: 'mezuniyyet/rust-sistemi/src/components/ThemeSelector/ThemeSelector.jsx'
[2026-07-22 01:05:24] [INFO] Maksimal AI Analiz Bazaya Yazıldı: 'mezuniyyet/rust-sistemi/src/components/vacations/EditVacationDialog.jsx'
[2026-07-22 01:05:24] [INFO] Maksimal AI Analiz Bazaya Yazıldı: 'mezuniyyet/rust-sistemi/src/components/vacations/VacationList.jsx'
[2026-07-22 01:05:24] [INFO] Maksimal AI Analiz Bazaya Yazıldı: 'mezuniyyet/rust-sistemi/src/context/AuthContext.jsx'
[2026-07-22 01:05:24] [INFO] Maksimal AI Analiz Bazaya Yazıldı: 'mezuniyyet/rust-sistemi/src/context/NotificationContext.jsx'
[2026-07-22 01:05:24] [INFO] Maksimal AI Analiz Bazaya Yazıldı: 'mezuniyyet/rust-sistemi/src/context/SocketContext.jsx'
[2026-07-22 01:05:24] [INFO] CANLI BELEDCI SERVERI ISLEDIR: http://localhost:8090
[2026-07-22 01:05:27] [INFO] Maksimal AI Analiz Bazaya Yazıldı: 'mezuniyyet/rust-sistemi/src/context/SoundAssets.js'
[2026-07-22 01:05:27] [INFO] Maksimal AI Analiz Bazaya Yazıldı: 'mezuniyyet/rust-sistemi/src/context/SoundContext.jsx'
[2026-07-22 01:05:27] [INFO] Maksimal AI Analiz Bazaya Yazıldı: 'mezuniyyet/rust-sistemi/src/context/ThemeContext.jsx'
[2026-07-22 01:05:27] [INFO] Maksimal AI Analiz Bazaya Yazıldı: 'mezuniyyet/rust-sistemi/src/layouts/MainLayout.jsx'
[2026-07-22 01:05:27] [INFO] Maksimal AI Analiz Bazaya Yazıldı: 'mezuniyyet/rust-sistemi/src/pages/AdminErrorLogs.jsx'
[2026-07-22 01:05:27] [INFO] Maksimal AI Analiz Bazaya Yazıldı: 'mezuniyyet/rust-sistemi/src/pages/AnimationShowcase.jsx'
[2026-07-22 01:05:28] [INFO] Maksimal AI Analiz Bazaya Yazıldı: 'mezuniyyet/rust-sistemi/src/pages/ArchivePage.jsx'
[2026-07-22 01:05:28] [INFO] Maksimal AI Analiz Bazaya Yazıldı: 'mezuniyyet/rust-sistemi/src/pages/CalendarPage.jsx'
[2026-07-22 01:05:28] [INFO] Maksimal AI Analiz Bazaya Yazıldı: 'mezuniyyet/rust-sistemi/src/pages/CalendarPage_backup.jsx'
[2026-07-22 01:05:28] [INFO] Maksimal AI Analiz Bazaya Yazıldı: 'mezuniyyet/rust-sistemi/src/pages/ChatPage.jsx'
[2026-07-22 01:05:28] [INFO] Maksimal AI Analiz Bazaya Yazıldı: 'mezuniyyet/rust-sistemi/src/pages/Dashboard.jsx'
[2026-07-22 01:05:28] [INFO] Maksimal AI Analiz Bazaya Yazıldı: 'mezuniyyet/rust-sistemi/src/pages/EmployeeDetails.jsx'
[2026-07-22 01:05:29] [INFO] Maksimal AI Analiz Bazaya Yazıldı: 'mezuniyyet/rust-sistemi/src/pages/Employees.jsx'
[2026-07-22 01:05:29] [INFO] Maksimal AI Analiz Bazaya Yazıldı: 'mezuniyyet/rust-sistemi/src/pages/Home.css'
[2026-07-22 01:05:29] [INFO] Maksimal AI Analiz Bazaya Yazıldı: 'mezuniyyet/rust-sistemi/src/pages/Home.jsx'
[2026-07-22 01:05:29] [INFO] Maksimal AI Analiz Bazaya Yazıldı: 'mezuniyyet/rust-sistemi/src/pages/Login.jsx'
[2026-07-22 01:05:29] [INFO] Maksimal AI Analiz Bazaya Yazıldı: 'mezuniyyet/rust-sistemi/src/pages/ProfilePage.jsx'
[2026-07-22 01:05:29] [INFO] Maksimal AI Analiz Bazaya Yazıldı: 'mezuniyyet/rust-sistemi/src/pages/Register.css'
[2026-07-22 01:05:29] [INFO] Maksimal AI Analiz Bazaya Yazıldı: 'mezuniyyet/rust-sistemi/src/pages/Register.jsx'
[2026-07-22 01:05:30] [INFO] Maksimal AI Analiz Bazaya Yazıldı: 'mezuniyyet/rust-sistemi/src/pages/ReportsPage.jsx'
[2026-07-22 01:05:30] [INFO] Maksimal AI Analiz Bazaya Yazıldı: 'mezuniyyet/rust-sistemi/src/pages/SecurityPage.jsx'
[2026-07-22 01:05:30] [INFO] Maksimal AI Analiz Bazaya Yazıldı: 'mezuniyyet/rust-sistemi/src/pages/SettingsPage.jsx'
[2026-07-22 01:05:30] [INFO] Maksimal AI Analiz Bazaya Yazıldı: 'mezuniyyet/rust-sistemi/src/pages/SetupCompany.jsx'
[2026-07-22 01:05:30] [INFO] Maksimal AI Analiz Bazaya Yazıldı: 'mezuniyyet/rust-sistemi/src/pages/TestCalendarPage.jsx'
[2026-07-22 01:05:30] [INFO] Maksimal AI Analiz Bazaya Yazıldı: 'mezuniyyet/rust-sistemi/src/pages/TestCardDesign.jsx'
[2026-07-22 01:05:31] [INFO] Maksimal AI Analiz Bazaya Yazıldı: 'mezuniyyet/rust-sistemi/src/pages/TestEmployees.jsx'
[2026-07-22 01:05:31] [INFO] Maksimal AI Analiz Bazaya Yazıldı: 'mezuniyyet/rust-sistemi/src/pages/TestLottie.jsx'
[2026-07-22 01:05:31] [INFO] Maksimal AI Analiz Bazaya Yazıldı: 'mezuniyyet/rust-sistemi/src/pages/TestProfilePage.jsx'
[2026-07-22 01:05:31] [INFO] Maksimal AI Analiz Bazaya Yazıldı: 'mezuniyyet/rust-sistemi/src/pages/VacationRequestsPage.jsx'
[2026-07-22 01:05:31] [INFO] Maksimal AI Analiz Bazaya Yazıldı: 'mezuniyyet/rust-sistemi/src/pages/AdminTools/AdminClientLogs.jsx'
[2026-07-22 01:05:31] [INFO] Maksimal AI Analiz Bazaya Yazıldı: 'mezuniyyet/rust-sistemi/src/pages/AdminTools/AdminManagement.jsx'
[2026-07-22 01:05:31] [INFO] Maksimal AI Analiz Bazaya Yazıldı: 'mezuniyyet/rust-sistemi/src/pages/AdminTools/AdminToolsPage.jsx'
[2026-07-22 01:05:32] [INFO] Maksimal AI Analiz Bazaya Yazıldı: 'mezuniyyet/rust-sistemi/src/pages/AdminTools/DictionaryManager.jsx'
[2026-07-22 01:05:32] [INFO] Maksimal AI Analiz Bazaya Yazıldı: 'mezuniyyet/rust-sistemi/src/pages/AdminTools/SystemTestManager.jsx'
[2026-07-22 01:05:32] [INFO] Maksimal AI Analiz Bazaya Yazıldı: 'mezuniyyet/rust-sistemi/src/pages/Notifications/NotificationsPage.jsx'
[2026-07-22 01:05:32] [INFO] Maksimal AI Analiz Bazaya Yazıldı: 'mezuniyyet/rust-sistemi/src/services/api.js'
[2026-07-22 01:05:32] [INFO] Maksimal AI Analiz Bazaya Yazıldı: 'mezuniyyet/rust-sistemi/src/services/errorReporter.js'
[2026-07-22 01:05:32] [INFO] Maksimal AI Analiz Bazaya Yazıldı: 'mezuniyyet/rust-sistemi/src/services/logService.js'
[2026-07-22 01:05:32] [INFO] Maksimal AI Analiz Bazaya Yazıldı: 'mezuniyyet/rust-sistemi/src/services/versionService.js'
[2026-07-22 01:05:33] [INFO] Maksimal AI Analiz Bazaya Yazıldı: 'mezuniyyet/rust-sistemi/src/test/apiService.test.js'
[2026-07-22 01:05:33] [INFO] Maksimal AI Analiz Bazaya Yazıldı: 'mezuniyyet/rust-sistemi/src/test/app_health.test.js'
[2026-07-22 01:05:33] [INFO] Maksimal AI Analiz Bazaya Yazıldı: 'mezuniyyet/rust-sistemi/src/test/login.test.jsx'
[2026-07-22 01:05:33] [INFO] Maksimal AI Analiz Bazaya Yazıldı: 'mezuniyyet/rust-sistemi/src/test/setup.js'
[2026-07-22 01:05:33] [INFO] Maksimal AI Analiz Bazaya Yazıldı: 'mezuniyyet/rust-sistemi/src/theme/design-system.css'
[2026-07-22 01:05:33] [INFO] Maksimal AI Analiz Bazaya Yazıldı: 'mezuniyyet/rust-sistemi/src/theme/theme.js'
[2026-07-22 01:05:33] [INFO] Maksimal AI Analiz Bazaya Yazıldı: 'mezuniyyet/rust-sistemi/src-tauri/Cargo.lock'
[2026-07-22 01:05:34] [INFO] Maksimal AI Analiz Bazaya Yazıldı: 'mezuniyyet/rust-sistemi/src-tauri/Cargo.toml'
[2026-07-22 01:05:34] [INFO] Maksimal AI Analiz Bazaya Yazıldı: 'mezuniyyet/rust-sistemi/src-tauri/build.rs'
[2026-07-22 01:05:34] [INFO] Maksimal AI Analiz Bazaya Yazıldı: 'mezuniyyet/rust-sistemi/src-tauri/custom_api.txt'
[2026-07-22 01:05:34] [INFO] Maksimal AI Analiz Bazaya Yazıldı: 'mezuniyyet/rust-sistemi/src-tauri/extract_keys.py'
[2026-07-22 01:05:34] [INFO] Maksimal AI Analiz Bazaya Yazıldı: 'mezuniyyet/rust-sistemi/src-tauri/private.key'
[2026-07-22 01:05:34] [INFO] Maksimal AI Analiz Bazaya Yazıldı: 'mezuniyyet/rust-sistemi/src-tauri/public.key'
[2026-07-22 01:05:34] [INFO] Maksimal AI Analiz Bazaya Yazıldı: 'mezuniyyet/rust-sistemi/src-tauri/tauri.conf.json'
[2026-07-22 01:05:35] [INFO] Maksimal AI Analiz Bazaya Yazıldı: 'mezuniyyet/rust-sistemi/src-tauri/build/hooks.nsh'
[2026-07-22 01:05:35] [INFO] Maksimal AI Analiz Bazaya Yazıldı: 'mezuniyyet/rust-sistemi/src-tauri/capabilities/default.json'
[2026-07-22 01:05:35] [INFO] Maksimal AI Analiz Bazaya Yazıldı: 'mezuniyyet/rust-sistemi/src-tauri/gen/schemas/acl-manifests.json'
[2026-07-22 01:05:35] [INFO] Maksimal AI Analiz Bazaya Yazıldı: 'mezuniyyet/rust-sistemi/src-tauri/gen/schemas/capabilities.json'
[2026-07-22 01:05:35] [INFO] Maksimal AI Analiz Bazaya Yazıldı: 'mezuniyyet/rust-sistemi/src-tauri/gen/schemas/desktop-schema.json'
[2026-07-22 01:05:36] [INFO] Maksimal AI Analiz Bazaya Yazıldı: 'mezuniyyet/rust-sistemi/src-tauri/gen/schemas/linux-schema.json'
[2026-07-22 01:05:36] [INFO] Maksimal AI Analiz Bazaya Yazıldı: 'mezuniyyet/rust-sistemi/src-tauri/gen/schemas/windows-schema.json'
[2026-07-22 01:05:36] [INFO] Maksimal AI Analiz Bazaya Yazıldı: 'mezuniyyet/rust-sistemi/src-tauri/icons/128x128.png'
[2026-07-22 01:05:36] [INFO] Maksimal AI Analiz Bazaya Yazıldı: 'mezuniyyet/rust-sistemi/src-tauri/icons/128x128@2x.png'
[2026-07-22 01:05:36] [INFO] Maksimal AI Analiz Bazaya Yazıldı: 'mezuniyyet/rust-sistemi/src-tauri/icons/32x32.png'
[2026-07-22 01:05:37] [INFO] Maksimal AI Analiz Bazaya Yazıldı: 'mezuniyyet/rust-sistemi/src-tauri/icons/icon.icns'
[2026-07-22 01:05:37] [INFO] Maksimal AI Analiz Bazaya Yazıldı: 'mezuniyyet/rust-sistemi/src-tauri/icons/icon.ico'
[2026-07-22 01:05:37] [INFO] Maksimal AI Analiz Bazaya Yazıldı: 'mezuniyyet/rust-sistemi/src-tauri/icons/icon.png'
[2026-07-22 01:05:38] [INFO] Maksimal AI Analiz Bazaya Yazıldı: 'mezuniyyet/rust-sistemi/src-tauri/icons/icons.icns'
[2026-07-22 01:05:38] [INFO] Maksimal AI Analiz Bazaya Yazıldı: 'mezuniyyet/rust-sistemi/src-tauri/icons/icons.ico'
[2026-07-22 01:05:38] [INFO] Maksimal AI Analiz Bazaya Yazıldı: 'mezuniyyet/rust-sistemi/src-tauri/icons/icons.png'
[2026-07-22 01:05:38] [INFO] Maksimal AI Analiz Bazaya Yazıldı: 'mezuniyyet/rust-sistemi/src-tauri/settings/pre_install.nsh'
[2026-07-22 01:05:38] [INFO] Maksimal AI Analiz Bazaya Yazıldı: 'mezuniyyet/rust-sistemi/src-tauri/src/main.rs'
[2026-07-22 01:05:39] [INFO] Maksimal AI Analiz Bazaya Yazıldı: 'mezuniyyet/tests/README.md'
[2026-07-22 01:05:39] [INFO] Maksimal AI Analiz Bazaya Yazıldı: 'mezuniyyet/tests/TEST_BASLAMA_REHBERI.md'
[2026-07-22 01:05:39] [INFO] Maksimal AI Analiz Bazaya Yazıldı: 'mezuniyyet/tests/conftest.py'
[2026-07-22 01:05:39] [INFO] Maksimal AI Analiz Bazaya Yazıldı: 'mezuniyyet/tests/package-lock.json'
[2026-07-22 01:05:39] [INFO] Maksimal AI Analiz Bazaya Yazıldı: 'mezuniyyet/tests/package.json'
[2026-07-22 01:05:39] [INFO] Maksimal AI Analiz Bazaya Yazıldı: 'mezuniyyet/tests/playwright.config.js'
[2026-07-22 01:05:39] [INFO] Maksimal AI Analiz Bazaya Yazıldı: 'mezuniyyet/tests/pytest.ini'
[2026-07-22 01:05:40] [INFO] Maksimal AI Analiz Bazaya Yazıldı: 'mezuniyyet/tests/run_tests.py'
[2026-07-22 01:05:40] [INFO] Maksimal AI Analiz Bazaya Yazıldı: 'mezuniyyet/tests/test_backend.py'
[2026-07-22 01:05:40] [INFO] Maksimal AI Analiz Bazaya Yazıldı: 'mezuniyyet/tests/diagnostics/check_cols.py'
[2026-07-22 01:05:40] [INFO] Maksimal AI Analiz Bazaya Yazıldı: 'mezuniyyet/tests/diagnostics/check_db.py'
[2026-07-22 01:05:40] [INFO] Maksimal AI Analiz Bazaya Yazıldı: 'mezuniyyet/tests/diagnostics/check_db_full.py'
[2026-07-22 01:05:40] [INFO] Maksimal AI Analiz Bazaya Yazıldı: 'mezuniyyet/tests/diagnostics/diagnose_api.py'
[2026-07-22 01:05:40] [INFO] Maksimal AI Analiz Bazaya Yazıldı: 'mezuniyyet/tests/diagnostics/extract_schema.py'
[2026-07-22 01:05:41] [INFO] Maksimal AI Analiz Bazaya Yazıldı: 'mezuniyyet/tests/diagnostics/full_schema.sql'
[2026-07-22 01:05:41] [INFO] Maksimal AI Analiz Bazaya Yazıldı: 'mezuniyyet/tests/diagnostics/get_tenant_db.py'
[2026-07-22 01:05:41] [INFO] Maksimal AI Analiz Bazaya Yazıldı: 'mezuniyyet/tests/diagnostics/launch_multi.py'
[2026-07-22 01:05:41] [INFO] Maksimal AI Analiz Bazaya Yazıldı: 'mezuniyyet/tests/diagnostics/list_tenants.py'
[2026-07-22 01:05:41] [INFO] Maksimal AI Analiz Bazaya Yazıldı: 'mezuniyyet/tests/diagnostics/setup_build_tools.py'
[2026-07-22 01:05:41] [INFO] Maksimal AI Analiz Bazaya Yazıldı: 'mezuniyyet/tests/diagnostics/setup_local_db.py'
[2026-07-22 01:05:42] [INFO] Maksimal AI Analiz Bazaya Yazıldı: 'mezuniyyet/tests/diagnostics/test_official_api.py'
[2026-07-22 01:05:42] [INFO] Maksimal AI Analiz Bazaya Yazıldı: 'mezuniyyet/tests/e2e/test_auth.spec.js'
[2026-07-22 01:05:42] [INFO] Maksimal AI Analiz Bazaya Yazıldı: 'mezuniyyet/tests/e2e/test_dashboard.spec.js'
[2026-07-22 01:05:49] [INFO] Maksimal AI Analiz Bazaya Yazıldı: 'mezuniyyet/tests/playwright-report/index.html'
[2026-07-22 01:05:49] [INFO] Maksimal AI Analiz Bazaya Yazıldı: 'scratch/check_key.py'
[2026-07-22 01:05:49] [INFO] Maksimal AI Analiz Bazaya Yazıldı: 'scratch/cleanup_vm.py'
[2026-07-22 01:05:49] [INFO] Maksimal AI Analiz Bazaya Yazıldı: 'scratch/decode_key.py'
[2026-07-22 01:05:49] [INFO] Maksimal AI Analiz Bazaya Yazıldı: 'scratch/diagnose_vm.py'
[2026-07-22 01:05:49] [INFO] Maksimal AI Analiz Bazaya Yazıldı: 'scratch/increase_swap.py'
[2026-07-22 01:05:49] [INFO] Maksimal AI Analiz Bazaya Yazıldı: 'scratch/install_panel_local.py'
[2026-07-22 01:05:50] [INFO] Maksimal AI Analiz Bazaya Yazıldı: 'scratch/test_sigs.py'
[2026-07-22 01:05:50] [INFO] Maksimal AI Analiz Bazaya Yazıldı: 'scratch/token_check.py'
[2026-07-22 01:05:50] [INFO] Maksimal AI Analiz Bazaya Yazıldı: 'server-repo-rust/README.md'
[2026-07-22 01:05:50] [INFO] Maksimal AI Analiz Bazaya Yazıldı: 'server-repo-rust/build_and_push_masterdeploy_local.py'
[2026-07-22 01:05:50] [INFO] Maksimal AI Analiz Bazaya Yazıldı: 'server-repo-rust/config.json'
[2026-07-22 01:05:50] [INFO] Maksimal AI Analiz Bazaya Yazıldı: 'server-repo-rust/gite_gonder_yeni.py'
[2026-07-22 01:05:51] [INFO] Maksimal AI Analiz Bazaya Yazıldı: 'server-repo-rust/github_repo_manager.py'
[2026-07-22 01:05:51] [INFO] Maksimal AI Analiz Bazaya Yazıldı: 'server-repo-rust/install.ps1'
[2026-07-22 01:05:51] [INFO] Maksimal AI Analiz Bazaya Yazıldı: 'server-repo-rust/install.sh'
[2026-07-22 01:05:51] [INFO] Maksimal AI Analiz Bazaya Yazıldı: 'server-repo-rust/install_remote.sh'
[2026-07-22 01:05:51] [INFO] Maksimal AI Analiz Bazaya Yazıldı: 'server-repo-rust/installer_gui.py'
[2026-07-22 01:05:51] [INFO] Maksimal AI Analiz Bazaya Yazıldı: 'server-repo-rust/installer_gui.py.mybackup'
[2026-07-22 01:05:51] [INFO] Maksimal AI Analiz Bazaya Yazıldı: 'server-repo-rust/remote_installer.py'
[2026-07-22 01:05:52] [INFO] Maksimal AI Analiz Bazaya Yazıldı: 'server-repo-rust/remote_installer.py.mybackup'
[2026-07-22 01:05:52] [INFO] Maksimal AI Analiz Bazaya Yazıldı: 'server-repo-rust/run_project.py'
[2026-07-22 01:05:52] [INFO] Maksimal AI Analiz Bazaya Yazıldı: 'server-repo-rust/run_test_project.py'
[2026-07-22 01:05:52] [INFO] Maksimal AI Analiz Bazaya Yazıldı: 'server-repo-rust/ssh-key-132.key'
[2026-07-22 01:05:52] [INFO] Maksimal AI Analiz Bazaya Yazıldı: 'server-repo-rust/ssh-key-84.key'
[2026-07-22 01:05:53] [INFO] Maksimal AI Analiz Bazaya Yazıldı: 'server-repo-rust/backup_static/app.js'
[2026-07-22 01:05:53] [INFO] Maksimal AI Analiz Bazaya Yazıldı: 'server-repo-rust/backup_static/changelog.json'
[2026-07-22 01:05:53] [INFO] Maksimal AI Analiz Bazaya Yazıldı: 'server-repo-rust/backup_static/docs.json'
[2026-07-22 01:05:53] [INFO] Maksimal AI Analiz Bazaya Yazıldı: 'server-repo-rust/backup_static/index.html'
[2026-07-22 01:05:53] [INFO] Maksimal AI Analiz Bazaya Yazıldı: 'server-repo-rust/backup_static/style.css'
[2026-07-22 01:05:53] [INFO] Maksimal AI Analiz Bazaya Yazıldı: 'server-repo-rust/backup_static/sw.js'
[2026-07-22 01:05:53] [INFO] Maksimal AI Analiz Bazaya Yazıldı: 'server-repo-rust/docs/README.md'
[2026-07-22 01:05:54] [INFO] Maksimal AI Analiz Bazaya Yazıldı: 'server-repo-rust/local_data/masterdeploy.db'
[2026-07-22 01:05:54] [INFO] Maksimal AI Analiz Bazaya Yazıldı: 'server-repo-rust/MasterDeploy-rust/Cargo.lock'
[2026-07-22 01:05:54] [INFO] Maksimal AI Analiz Bazaya Yazıldı: 'server-repo-rust/MasterDeploy-rust/Cargo.toml'
[2026-07-22 01:05:54] [INFO] Maksimal AI Analiz Bazaya Yazıldı: 'server-repo-rust/MasterDeploy-rust/Dockerfile'
[2026-07-22 01:05:57] [INFO] Maksimal AI Analiz Bazaya Yazıldı: 'server-repo-rust/MasterDeploy-rust/masterdeploy.db'
[2026-07-22 01:05:57] [INFO] Maksimal AI Analiz Bazaya Yazıldı: 'server-repo-rust/MasterDeploy-rust/temp_cmd_key_05a3fde7-98f3-4224-8b2d-954d30573792.key'
[2026-07-22 01:05:57] [INFO] Maksimal AI Analiz Bazaya Yazıldı: 'server-repo-rust/MasterDeploy-rust/temp_cmd_key_0ca08041-c84f-411a-ad67-160715bf4b19.key'
[2026-07-22 01:05:57] [INFO] Maksimal AI Analiz Bazaya Yazıldı: 'server-repo-rust/MasterDeploy-rust/temp_cmd_key_4aeb72cb-98b7-4e51-a8ed-7a1ee18f555a.key'
[2026-07-22 01:05:57] [INFO] Maksimal AI Analiz Bazaya Yazıldı: 'server-repo-rust/MasterDeploy-rust/temp_cmd_key_6eee0be5-20c7-4801-9790-e87b0807b713.key'
[2026-07-22 01:05:58] [INFO] Maksimal AI Analiz Bazaya Yazıldı: 'server-repo-rust/MasterDeploy-rust/temp_cmd_key_724a50b3-1a72-48b1-bda1-8a523d1d9c2f.key'
[2026-07-22 01:05:58] [INFO] Maksimal AI Analiz Bazaya Yazıldı: 'server-repo-rust/MasterDeploy-rust/temp_cmd_key_7670fabe-eb24-4ed4-8210-da39973e6866.key'
[2026-07-22 01:05:58] [INFO] Maksimal AI Analiz Bazaya Yazıldı: 'server-repo-rust/MasterDeploy-rust/temp_cmd_key_8b23d8ed-7c0d-4a26-ab14-dd58c7debdd9.key'
[2026-07-22 01:05:58] [INFO] Maksimal AI Analiz Bazaya Yazıldı: 'server-repo-rust/MasterDeploy-rust/temp_cmd_key_99182045-ad07-401c-8ee8-8817652863a8.key'
[2026-07-22 01:05:58] [INFO] Maksimal AI Analiz Bazaya Yazıldı: 'server-repo-rust/MasterDeploy-rust/temp_cmd_key_a2bb0531-ab32-4785-ab9f-1bcdebede0cd.key'
[2026-07-22 01:05:58] [INFO] Maksimal AI Analiz Bazaya Yazıldı: 'server-repo-rust/MasterDeploy-rust/temp_cmd_key_d86f0f92-858c-4f33-a358-860b37188443.key'
[2026-07-22 01:05:58] [INFO] Maksimal AI Analiz Bazaya Yazıldı: 'server-repo-rust/MasterDeploy-rust/temp_deploy_key_a87d4c57-308a-472c-881b-0c9f0993b2d1.key'
[2026-07-22 01:05:59] [INFO] Maksimal AI Analiz Bazaya Yazıldı: 'server-repo-rust/MasterDeploy-rust/temp_deploy_key_d1949937-dc24-4279-ba85-1cfb6b1e4066.key'
[2026-07-22 01:05:59] [INFO] Maksimal AI Analiz Bazaya Yazıldı: 'server-repo-rust/MasterDeploy-rust/temp_deploy_key_e27136e8-bef4-4fc9-96b4-63198d671e26.key'
[2026-07-22 01:05:59] [INFO] Maksimal AI Analiz Bazaya Yazıldı: 'server-repo-rust/MasterDeploy-rust/temp_deploy_key_fdbdecb5-0aed-4bca-8cd1-fceb982ef963.key'
[2026-07-22 01:05:59] [INFO] Maksimal AI Analiz Bazaya Yazıldı: 'server-repo-rust/MasterDeploy-rust/temp_key_2105cacd-efb6-4775-b4dd-5cc8f1b544c0.key'
[2026-07-22 01:05:59] [INFO] Maksimal AI Analiz Bazaya Yazıldı: 'server-repo-rust/MasterDeploy-rust/temp_logs_key_388df376-123a-46a4-a5df-ded3c7557af2.key'
[2026-07-22 01:05:59] [INFO] Maksimal AI Analiz Bazaya Yazıldı: 'server-repo-rust/MasterDeploy-rust/temp_logs_key_aef0ed19-3f3b-48eb-b7fa-c99bcb253e84.key'
[2026-07-22 01:05:59] [INFO] Maksimal AI Analiz Bazaya Yazıldı: 'server-repo-rust/MasterDeploy-rust/temp_logs_key_ea6397bb-6e38-42ad-9d5c-7761b7a06761.key'
[2026-07-22 01:06:00] [INFO] Maksimal AI Analiz Bazaya Yazıldı: 'server-repo-rust/MasterDeploy-rust/src/db.rs'
[2026-07-22 01:06:00] [INFO] Maksimal AI Analiz Bazaya Yazıldı: 'server-repo-rust/MasterDeploy-rust/src/main.rs'
[2026-07-22 01:06:00] [INFO] Maksimal AI Analiz Bazaya Yazıldı: 'server-repo-rust/MasterDeploy-rust/src/models.rs'
[2026-07-22 01:06:00] [INFO] Maksimal AI Analiz Bazaya Yazıldı: 'server-repo-rust/MasterDeploy-rust/src/bin/check_db.rs'
[2026-07-22 01:06:00] [INFO] Maksimal AI Analiz Bazaya Yazıldı: 'server-repo-rust/MasterDeploy-rust/src/plugins/cloudflare.rs'
[2026-07-22 01:06:00] [INFO] Maksimal AI Analiz Bazaya Yazıldı: 'server-repo-rust/MasterDeploy-rust/src/plugins/mod.rs'
[2026-07-22 01:06:00] [INFO] Maksimal AI Analiz Bazaya Yazıldı: 'server-repo-rust/MasterDeploy-rust/src-tauri/Cargo.lock'
[2026-07-22 01:06:01] [INFO] Maksimal AI Analiz Bazaya Yazıldı: 'server-repo-rust/MasterDeploy-rust/src-tauri/Cargo.toml'
[2026-07-22 01:06:01] [INFO] Maksimal AI Analiz Bazaya Yazıldı: 'server-repo-rust/MasterDeploy-rust/src-tauri/build.rs'
[2026-07-22 01:06:01] [INFO] Maksimal AI Analiz Bazaya Yazıldı: 'server-repo-rust/MasterDeploy-rust/src-tauri/tauri.conf.json'
[2026-07-22 01:06:01] [INFO] Maksimal AI Analiz Bazaya Yazıldı: 'server-repo-rust/MasterDeploy-rust/src-tauri/capabilities/default.json'
[2026-07-22 01:06:01] [INFO] Maksimal AI Analiz Bazaya Yazıldı: 'server-repo-rust/MasterDeploy-rust/src-tauri/gen/schemas/acl-manifests.json'
[2026-07-22 01:06:01] [INFO] Maksimal AI Analiz Bazaya Yazıldı: 'server-repo-rust/MasterDeploy-rust/src-tauri/gen/schemas/capabilities.json'
[2026-07-22 01:06:01] [INFO] Maksimal AI Analiz Bazaya Yazıldı: 'server-repo-rust/MasterDeploy-rust/src-tauri/gen/schemas/desktop-schema.json'
[2026-07-22 01:06:02] [INFO] Maksimal AI Analiz Bazaya Yazıldı: 'server-repo-rust/MasterDeploy-rust/src-tauri/gen/schemas/windows-schema.json'
[2026-07-22 01:06:02] [INFO] Maksimal AI Analiz Bazaya Yazıldı: 'server-repo-rust/MasterDeploy-rust/src-tauri/icons/128x128.png'
[2026-07-22 01:06:02] [INFO] Maksimal AI Analiz Bazaya Yazıldı: 'server-repo-rust/MasterDeploy-rust/src-tauri/icons/128x128@2x.png'
[2026-07-22 01:06:02] [INFO] Maksimal AI Analiz Bazaya Yazıldı: 'server-repo-rust/MasterDeploy-rust/src-tauri/icons/32x32.png'
[2026-07-22 01:06:02] [INFO] Maksimal AI Analiz Bazaya Yazıldı: 'server-repo-rust/MasterDeploy-rust/src-tauri/icons/Square107x107Logo.png'
[2026-07-22 01:06:02] [INFO] Maksimal AI Analiz Bazaya Yazıldı: 'server-repo-rust/MasterDeploy-rust/src-tauri/icons/Square142x142Logo.png'
[2026-07-22 01:06:02] [INFO] Maksimal AI Analiz Bazaya Yazıldı: 'server-repo-rust/MasterDeploy-rust/src-tauri/icons/Square150x150Logo.png'
[2026-07-22 01:06:03] [INFO] Maksimal AI Analiz Bazaya Yazıldı: 'server-repo-rust/MasterDeploy-rust/src-tauri/icons/Square284x284Logo.png'
[2026-07-22 01:06:03] [INFO] Maksimal AI Analiz Bazaya Yazıldı: 'server-repo-rust/MasterDeploy-rust/src-tauri/icons/Square30x30Logo.png'
[2026-07-22 01:06:03] [INFO] Maksimal AI Analiz Bazaya Yazıldı: 'server-repo-rust/MasterDeploy-rust/src-tauri/icons/Square310x310Logo.png'
[2026-07-22 01:06:03] [INFO] Maksimal AI Analiz Bazaya Yazıldı: 'server-repo-rust/MasterDeploy-rust/src-tauri/icons/Square44x44Logo.png'
[2026-07-22 01:06:03] [INFO] Maksimal AI Analiz Bazaya Yazıldı: 'server-repo-rust/MasterDeploy-rust/src-tauri/icons/Square71x71Logo.png'
[2026-07-22 01:06:03] [INFO] Maksimal AI Analiz Bazaya Yazıldı: 'server-repo-rust/MasterDeploy-rust/src-tauri/icons/Square89x89Logo.png'
[2026-07-22 01:06:03] [INFO] Maksimal AI Analiz Bazaya Yazıldı: 'server-repo-rust/MasterDeploy-rust/src-tauri/icons/StoreLogo.png'
[2026-07-22 01:06:04] [INFO] Maksimal AI Analiz Bazaya Yazıldı: 'server-repo-rust/MasterDeploy-rust/src-tauri/icons/icon.icns'
[2026-07-22 01:06:04] [INFO] Maksimal AI Analiz Bazaya Yazıldı: 'server-repo-rust/MasterDeploy-rust/src-tauri/icons/icon.ico'
[2026-07-22 01:06:04] [INFO] Maksimal AI Analiz Bazaya Yazıldı: 'server-repo-rust/MasterDeploy-rust/src-tauri/icons/icon.png'
[2026-07-22 01:06:04] [INFO] Maksimal AI Analiz Bazaya Yazıldı: 'server-repo-rust/MasterDeploy-rust/src-tauri/src/lib.rs'
[2026-07-22 01:06:04] [INFO] beledci_generator.py yenilendi! Server avtomatik restart olunur...
[2026-07-22 01:06:04] [INFO] Maksimal AI Analiz Bazaya Yazıldı: 'server-repo-rust/MasterDeploy-rust/src-tauri/src/main.rs'
[2026-07-22 01:06:04] [INFO] beledci_generator.py yenilendi! Server avtomatik restart olunur...
[2026-07-22 01:06:04] [INFO] Maksimal AI Analiz Bazaya Yazıldı: 'server-repo-rust/MasterDeploy-rust/static/app.js'
[2026-07-22 01:06:05] [INFO] Maksimal AI Analiz Bazaya Yazıldı: 'server-repo-rust/MasterDeploy-rust/static/changelog.json'
[2026-07-22 01:06:05] [INFO] Maksimal AI Analiz Bazaya Yazıldı: 'server-repo-rust/MasterDeploy-rust/static/docs.json'
[2026-07-22 01:06:05] [INFO] Maksimal AI Analiz Bazaya Yazıldı: 'server-repo-rust/MasterDeploy-rust/static/favicon.png'
[2026-07-22 01:06:05] [INFO] Maksimal AI Analiz Bazaya Yazıldı: 'server-repo-rust/MasterDeploy-rust/static/index.html'
[2026-07-22 01:06:05] [INFO] Maksimal AI Analiz Bazaya Yazıldı: 'server-repo-rust/MasterDeploy-rust/static/style.css'
[2026-07-22 01:06:05] [INFO] Maksimal AI Analiz Bazaya Yazıldı: 'server-repo-rust/MasterDeploy-rust/static/sw.js'
[2026-07-22 01:06:06] [INFO] Maksimal AI Analiz Bazaya Yazıldı: 'server-repo-rust/test-layihe/Dockerfile'
[2026-07-22 01:06:06] [INFO] Maksimal AI Analiz Bazaya Yazıldı: 'server-repo-rust/test-layihe/database.db'
[2026-07-22 01:06:06] [INFO] Maksimal AI Analiz Bazaya Yazıldı: 'server-repo-rust/test-layihe/index.js'
[2026-07-22 01:06:06] [INFO] Maksimal AI Analiz Bazaya Yazıldı: 'server-repo-rust/test-layihe/package-lock.json'
[2026-07-22 01:06:06] [INFO] Maksimal AI Analiz Bazaya Yazıldı: 'server-repo-rust/test-layihe/package.json'
[2026-07-22 01:06:06] [INFO] Maksimal AI Analiz Bazaya Yazıldı: 'server-repo-rust/test-layihe/public/index.html'
[2026-07-22 01:06:38] [INFO] Beledci Maksimal AI Analizator Mühərriki başladıldı.
[2026-07-22 01:06:38] [INFO] SQLite file_analysis bazası yeni sxemlə (OWASP Security, Impact & Code Preview) hazırlandı.
[2026-07-22 01:06:40] [INFO] CANLI BELEDCI SERVERI ISLEDIR: http://localhost:8090
[2026-07-22 01:07:18] [INFO] Beledci Maksimal AI Analizator Mühərriki başladıldı.
[2026-07-22 01:07:18] [INFO] SQLite file_analysis bazası yeni sxemlə (OWASP Security, Impact & Code Preview) hazırlandı.
[2026-07-22 01:07:20] [INFO] CANLI BELEDCI SERVERI ISLEDIR: http://localhost:8090
[2026-07-22 01:07:38] [INFO] beledci_generator.py yenilendi! Server avtomatik restart olunur...
[2026-07-22 01:07:38] [INFO] beledci_generator.py yenilendi! Server avtomatik restart olunur...
[2026-07-22 01:07:38] [INFO] Beledci Maksimal AI Analizator Mühərriki başladıldı.
[2026-07-22 01:07:38] [INFO] SQLite file_analysis bazası yeni sxemlə (OWASP Security, Impact & Code Preview) hazırlandı.
[2026-07-22 01:07:39] [INFO] CANLI BELEDCI SERVERI ISLEDIR: http://localhost:8090
[2026-07-22 01:07:46] [INFO] Beledci Maksimal AI Analizator Mühərriki başladıldı.
[2026-07-22 01:07:46] [INFO] SQLite file_analysis bazası yeni sxemlə (OWASP Security, Impact & Code Preview) hazırlandı.
[2026-07-22 01:07:47] [INFO] CANLI BELEDCI SERVERI ISLEDIR: http://localhost:8090
[2026-07-22 01:08:11] [INFO] beledci_generator.py yenilendi! Server avtomatik restart olunur...
[2026-07-22 01:08:11] [INFO] beledci_generator.py yenilendi! Server avtomatik restart olunur...
[2026-07-22 01:08:11] [INFO] Beledci Maksimal AI Analizator Mühərriki başladıldı.
[2026-07-22 01:08:11] [INFO] SQLite file_analysis bazası yeni sxemlə (OWASP Security, Impact & Code Preview) hazırlandı.
[2026-07-22 01:08:13] [INFO] CANLI BELEDCI SERVERI ISLEDIR: http://localhost:8090
[2026-07-22 01:08:24] [INFO] Beledci Maksimal AI Analizator Mühərriki başladıldı.
[2026-07-22 01:08:24] [INFO] SQLite file_analysis bazası yeni sxemlə (OWASP Security, Impact & Code Preview) hazırlandı.
[2026-07-22 01:08:26] [INFO] CANLI BELEDCI SERVERI ISLEDIR: http://localhost:8090
[2026-07-22 01:11:54] [INFO] beledci_generator.py yenilendi! Server avtomatik restart olunur...
[2026-07-22 01:11:54] [INFO] beledci_generator.py yenilendi! Server avtomatik restart olunur...
[2026-07-22 01:11:54] [INFO] Beledci Maksimal AI Analizator Mühərriki başladıldı.
[2026-07-22 01:11:54] [INFO] SQLite file_analysis bazası yeni sxemlə (OWASP Security, Impact & Code Preview) hazırlandı.
[2026-07-22 01:11:55] [INFO] CANLI BELEDCI SERVERI ISLEDIR: http://localhost:8090
[2026-07-22 01:12:01] [INFO] beledci_generator.py yenilendi! Server avtomatik restart olunur...
[2026-07-22 01:12:01] [INFO] Beledci Maksimal AI Analizator Mühərriki başladıldı.
[2026-07-22 01:12:01] [INFO] SQLite file_analysis bazası yeni sxemlə (OWASP Security, Impact & Code Preview) hazırlandı.
[2026-07-22 01:12:03] [INFO] CANLI BELEDCI SERVERI ISLEDIR: http://localhost:8090
[2026-07-22 01:12:08] [INFO] beledci_generator.py yenilendi! Server avtomatik restart olunur...
[2026-07-22 01:12:08] [INFO] Beledci Maksimal AI Analizator Mühərriki başladıldı.
[2026-07-22 01:12:08] [INFO] SQLite file_analysis bazası yeni sxemlə (OWASP Security, Impact & Code Preview) hazırlandı.
[2026-07-22 01:12:09] [INFO] CANLI BELEDCI SERVERI ISLEDIR: http://localhost:8090
[2026-07-22 01:12:14] [INFO] beledci_generator.py yenilendi! Server avtomatik restart olunur...
[2026-07-22 01:12:14] [INFO] Beledci Maksimal AI Analizator Mühərriki başladıldı.
[2026-07-22 01:12:14] [INFO] SQLite file_analysis bazası yeni sxemlə (OWASP Security, Impact & Code Preview) hazırlandı.
[2026-07-22 01:12:16] [INFO] CANLI BELEDCI SERVERI ISLEDIR: http://localhost:8090
[2026-07-22 01:12:22] [INFO] beledci_generator.py yenilendi! Server avtomatik restart olunur...
[2026-07-22 01:12:23] [INFO] Beledci Maksimal AI Analizator Mühərriki başladıldı.
[2026-07-22 01:12:23] [INFO] SQLite file_analysis bazası yeni sxemlə (OWASP Security, Impact & Code Preview) hazırlandı.
[2026-07-22 01:12:24] [INFO] CANLI BELEDCI SERVERI ISLEDIR: http://localhost:8090
[2026-07-22 01:12:51] [INFO] Beledci Maksimal AI Analizator Mühərriki başladıldı.
[2026-07-22 01:12:51] [INFO] SQLite file_analysis bazası yeni sxemlə (OWASP Security, Impact & Code Preview) hazırlandı.
[2026-07-22 01:12:51] [INFO] Maksimal AI Analiz Bazaya Yazıldı: 'README.md'
[2026-07-22 01:12:51] [INFO] Maksimal AI Analiz Bazaya Yazıldı: 'config.json'
[2026-07-22 01:12:51] [INFO] Maksimal AI Analiz Bazaya Yazıldı: 'index.html'
[2026-07-22 01:12:51] [INFO] Maksimal AI Analiz Bazaya Yazıldı: 'masterdeploy_remote_84.db'
[2026-07-22 01:12:51] [INFO] Maksimal AI Analiz Bazaya Yazıldı: 'mezuniyyet-rust-taurisiz-olan.code-workspace'
[2026-07-22 01:12:52] [INFO] Maksimal AI Analiz Bazaya Yazıldı: 'test_release.json'
[2026-07-22 01:12:52] [INFO] Maksimal AI Analiz Bazaya Yazıldı: 'admin-sistemi/add-defender-exclusion.ps1'
[2026-07-22 01:12:52] [INFO] Maksimal AI Analiz Bazaya Yazıldı: 'admin-sistemi/custom_api.txt'
[2026-07-22 01:12:52] [INFO] Maksimal AI Analiz Bazaya Yazıldı: 'admin-sistemi/eslint.config.js'
[2026-07-22 01:12:52] [INFO] Maksimal AI Analiz Bazaya Yazıldı: 'admin-sistemi/generate_print_designs.cjs'
[2026-07-22 01:12:52] [INFO] Maksimal AI Analiz Bazaya Yazıldı: 'admin-sistemi/icon.png'
[2026-07-22 01:12:53] [INFO] Maksimal AI Analiz Bazaya Yazıldı: 'admin-sistemi/index.html'
[2026-07-22 01:12:53] [INFO] Maksimal AI Analiz Bazaya Yazıldı: 'admin-sistemi/package-lock.json'
[2026-07-22 01:12:53] [INFO] Maksimal AI Analiz Bazaya Yazıldı: 'admin-sistemi/package.json'
[2026-07-22 01:12:53] [INFO] Maksimal AI Analiz Bazaya Yazıldı: 'admin-sistemi/run_admin.py'
[2026-07-22 01:12:53] [INFO] Maksimal AI Analiz Bazaya Yazıldı: 'admin-sistemi/start_dev.bat'
[2026-07-22 01:12:53] [INFO] Maksimal AI Analiz Bazaya Yazıldı: 'admin-sistemi/vite.config.js'
[2026-07-22 01:12:53] [INFO] Maksimal AI Analiz Bazaya Yazıldı: 'admin-sistemi/src/App.jsx'
[2026-07-22 01:12:54] [INFO] Maksimal AI Analiz Bazaya Yazıldı: 'admin-sistemi/src/index.css'
[2026-07-22 01:12:54] [INFO] Maksimal AI Analiz Bazaya Yazıldı: 'admin-sistemi/src/main.jsx'
[2026-07-22 01:12:54] [INFO] Maksimal AI Analiz Bazaya Yazıldı: 'admin-sistemi/src/components/AnimatedLoader.css'
[2026-07-22 01:12:54] [INFO] Maksimal AI Analiz Bazaya Yazıldı: 'admin-sistemi/src/components/AnimatedLoader.css.map'
[2026-07-22 01:12:54] [INFO] Maksimal AI Analiz Bazaya Yazıldı: 'admin-sistemi/src/components/AnimatedLoader.jsx'
[2026-07-22 01:12:55] [INFO] Maksimal AI Analiz Bazaya Yazıldı: 'admin-sistemi/src/components/CreepyButton.css'
[2026-07-22 01:12:55] [INFO] Maksimal AI Analiz Bazaya Yazıldı: 'admin-sistemi/src/components/CreepyButton.jsx'
[2026-07-22 01:12:55] [INFO] Maksimal AI Analiz Bazaya Yazıldı: 'admin-sistemi/src/components/DebugConsole.jsx'
[2026-07-22 01:12:55] [INFO] Maksimal AI Analiz Bazaya Yazıldı: 'admin-sistemi/src/components/DebugToggleButton.jsx'
[2026-07-22 01:12:55] [INFO] Maksimal AI Analiz Bazaya Yazıldı: 'admin-sistemi/src/components/EditEmployeeModal.jsx'
[2026-07-22 01:12:55] [INFO] Maksimal AI Analiz Bazaya Yazıldı: 'admin-sistemi/src/components/EmployeeFormDialog.jsx'
[2026-07-22 01:12:55] [INFO] Maksimal AI Analiz Bazaya Yazıldı: 'admin-sistemi/src/components/ErrorBoundary.jsx'
[2026-07-22 01:12:56] [INFO] Maksimal AI Analiz Bazaya Yazıldı: 'admin-sistemi/src/components/Footer.jsx'
[2026-07-22 01:12:56] [INFO] Maksimal AI Analiz Bazaya Yazıldı: 'admin-sistemi/src/components/LeafTransition.jsx'
[2026-07-22 01:12:56] [INFO] Maksimal AI Analiz Bazaya Yazıldı: 'admin-sistemi/src/components/ProtectedRoute.jsx'
[2026-07-22 01:12:56] [INFO] Maksimal AI Analiz Bazaya Yazıldı: 'admin-sistemi/src/components/RateLimitOverlay.jsx'
[2026-07-22 01:12:56] [INFO] Maksimal AI Analiz Bazaya Yazıldı: 'admin-sistemi/src/components/TableToolbar.jsx'
[2026-07-22 01:12:56] [INFO] Maksimal AI Analiz Bazaya Yazıldı: 'admin-sistemi/src/components/TopBar.jsx'
[2026-07-22 01:12:56] [INFO] Maksimal AI Analiz Bazaya Yazıldı: 'admin-sistemi/src/components/UpdateNotification.jsx'
[2026-07-22 01:12:57] [INFO] Maksimal AI Analiz Bazaya Yazıldı: 'admin-sistemi/src/components/VacationCalendar.jsx'
[2026-07-22 01:12:57] [INFO] Maksimal AI Analiz Bazaya Yazıldı: 'admin-sistemi/src/components/VacationCalendar_backup.jsx'
[2026-07-22 01:12:57] [INFO] Maksimal AI Analiz Bazaya Yazıldı: 'admin-sistemi/src/components/auth/LoginPage.jsx'
[2026-07-22 01:12:57] [INFO] Maksimal AI Analiz Bazaya Yazıldı: 'admin-sistemi/src/components/calendar/CalendarPage.jsx'
[2026-07-22 01:12:57] [INFO] Maksimal AI Analiz Bazaya Yazıldı: 'admin-sistemi/src/components/common/LoadingOverlay.jsx'
[2026-07-22 01:12:57] [INFO] Maksimal AI Analiz Bazaya Yazıldı: 'admin-sistemi/src/components/common/ServerAwakening.jsx'
[2026-07-22 01:12:58] [INFO] Maksimal AI Analiz Bazaya Yazıldı: 'admin-sistemi/src/components/common/SplashScreen.jsx'
[2026-07-22 01:12:58] [INFO] Maksimal AI Analiz Bazaya Yazıldı: 'admin-sistemi/src/components/dashboard/DashboardPage.jsx'
[2026-07-22 01:12:58] [INFO] Maksimal AI Analiz Bazaya Yazıldı: 'admin-sistemi/src/components/employees/EmployeeList.jsx'
[2026-07-22 01:12:58] [INFO] Maksimal AI Analiz Bazaya Yazıldı: 'admin-sistemi/src/components/Games/ExternalGameWindow.jsx'
[2026-07-22 01:12:58] [INFO] Maksimal AI Analiz Bazaya Yazıldı: 'admin-sistemi/src/components/Games/TicTacToe/Board.jsx'
[2026-07-22 01:12:58] [INFO] Maksimal AI Analiz Bazaya Yazıldı: 'admin-sistemi/src/components/Games/TicTacToe/Dice3D.jsx'
[2026-07-22 01:12:59] [INFO] Maksimal AI Analiz Bazaya Yazıldı: 'admin-sistemi/src/components/Games/TicTacToe/DiceOverlay.jsx'
[2026-07-22 01:12:59] [INFO] Maksimal AI Analiz Bazaya Yazıldı: 'admin-sistemi/src/components/Games/TicTacToe/TicTacToe.jsx'
[2026-07-22 01:12:59] [INFO] Maksimal AI Analiz Bazaya Yazıldı: 'admin-sistemi/src/components/layout/AppLayout.jsx'
[2026-07-22 01:12:59] [INFO] Maksimal AI Analiz Bazaya Yazıldı: 'admin-sistemi/src/components/settings/SettingsPage.jsx'
[2026-07-22 01:12:59] [INFO] Maksimal AI Analiz Bazaya Yazıldı: 'admin-sistemi/src/components/Sidebar/EmployeeListSidebar.jsx'
[2026-07-22 01:12:59] [INFO] Maksimal AI Analiz Bazaya Yazıldı: 'admin-sistemi/src/components/Sidebar/IconSidebar.jsx'
[2026-07-22 01:12:59] [INFO] Maksimal AI Analiz Bazaya Yazıldı: 'admin-sistemi/src/components/ThemeSelector/ThemeSelector.jsx'
[2026-07-22 01:13:00] [INFO] Maksimal AI Analiz Bazaya Yazıldı: 'admin-sistemi/src/components/vacations/EditVacationDialog.jsx'
[2026-07-22 01:13:00] [INFO] Maksimal AI Analiz Bazaya Yazıldı: 'admin-sistemi/src/components/vacations/VacationList.jsx'
[2026-07-22 01:13:00] [INFO] Maksimal AI Analiz Bazaya Yazıldı: 'admin-sistemi/src/context/AuthContext.jsx'
[2026-07-22 01:13:00] [INFO] Maksimal AI Analiz Bazaya Yazıldı: 'admin-sistemi/src/context/NotificationContext.jsx'
[2026-07-22 01:13:00] [INFO] Maksimal AI Analiz Bazaya Yazıldı: 'admin-sistemi/src/context/SocketContext.jsx'
[2026-07-22 01:13:04] [INFO] Maksimal AI Analiz Bazaya Yazıldı: 'admin-sistemi/src/context/SoundAssets.js'
[2026-07-22 01:13:04] [INFO] Maksimal AI Analiz Bazaya Yazıldı: 'admin-sistemi/src/context/SoundContext.jsx'
[2026-07-22 01:13:04] [INFO] Maksimal AI Analiz Bazaya Yazıldı: 'admin-sistemi/src/context/ThemeContext.jsx'
[2026-07-22 01:13:04] [INFO] Maksimal AI Analiz Bazaya Yazıldı: 'admin-sistemi/src/layouts/MainLayout.jsx'
[2026-07-22 01:13:05] [INFO] Maksimal AI Analiz Bazaya Yazıldı: 'admin-sistemi/src/pages/AdminDashboard.jsx'
[2026-07-22 01:13:05] [INFO] Maksimal AI Analiz Bazaya Yazıldı: 'admin-sistemi/src/pages/AdminErrorLogs.jsx'
[2026-07-22 01:13:05] [INFO] Maksimal AI Analiz Bazaya Yazıldı: 'admin-sistemi/src/pages/AnimationShowcase.jsx'
[2026-07-22 01:13:05] [INFO] Maksimal AI Analiz Bazaya Yazıldı: 'admin-sistemi/src/pages/ArchivePage.jsx'
[2026-07-22 01:13:05] [INFO] Maksimal AI Analiz Bazaya Yazıldı: 'admin-sistemi/src/pages/CalendarPage.jsx'
[2026-07-22 01:13:05] [INFO] Maksimal AI Analiz Bazaya Yazıldı: 'admin-sistemi/src/pages/CalendarPage_backup.jsx'
[2026-07-22 01:13:06] [INFO] Maksimal AI Analiz Bazaya Yazıldı: 'admin-sistemi/src/pages/ChatPage.jsx'
[2026-07-22 01:13:06] [INFO] Maksimal AI Analiz Bazaya Yazıldı: 'admin-sistemi/src/pages/Dashboard.jsx'
[2026-07-22 01:13:06] [INFO] Maksimal AI Analiz Bazaya Yazıldı: 'admin-sistemi/src/pages/EmployeeDetails.jsx'
[2026-07-22 01:13:06] [INFO] Maksimal AI Analiz Bazaya Yazıldı: 'admin-sistemi/src/pages/Employees.jsx'
[2026-07-22 01:13:06] [INFO] Maksimal AI Analiz Bazaya Yazıldı: 'admin-sistemi/src/pages/Home.css'
[2026-07-22 01:13:06] [INFO] Maksimal AI Analiz Bazaya Yazıldı: 'admin-sistemi/src/pages/Home.jsx'
[2026-07-22 01:13:07] [INFO] Maksimal AI Analiz Bazaya Yazıldı: 'admin-sistemi/src/pages/Login.jsx'
[2026-07-22 01:13:07] [INFO] Maksimal AI Analiz Bazaya Yazıldı: 'admin-sistemi/src/pages/ProfilePage.jsx'
[2026-07-22 01:13:07] [INFO] Maksimal AI Analiz Bazaya Yazıldı: 'admin-sistemi/src/pages/Register.css'
[2026-07-22 01:13:07] [INFO] Maksimal AI Analiz Bazaya Yazıldı: 'admin-sistemi/src/pages/Register.jsx'
[2026-07-22 01:13:07] [INFO] Maksimal AI Analiz Bazaya Yazıldı: 'admin-sistemi/src/pages/ReportsPage.jsx'
[2026-07-22 01:13:07] [INFO] Maksimal AI Analiz Bazaya Yazıldı: 'admin-sistemi/src/pages/SecurityPage.jsx'
[2026-07-22 01:13:08] [INFO] Maksimal AI Analiz Bazaya Yazıldı: 'admin-sistemi/src/pages/SettingsPage.jsx'
[2026-07-22 01:13:08] [INFO] Maksimal AI Analiz Bazaya Yazıldı: 'admin-sistemi/src/pages/SetupCompany.jsx'
[2026-07-22 01:13:08] [INFO] Maksimal AI Analiz Bazaya Yazıldı: 'admin-sistemi/src/pages/TestCalendarPage.jsx'
[2026-07-22 01:13:08] [INFO] Maksimal AI Analiz Bazaya Yazıldı: 'admin-sistemi/src/pages/TestCardDesign.jsx'
[2026-07-22 01:13:08] [INFO] Maksimal AI Analiz Bazaya Yazıldı: 'admin-sistemi/src/pages/TestEmployees.jsx'
[2026-07-22 01:13:08] [INFO] Maksimal AI Analiz Bazaya Yazıldı: 'admin-sistemi/src/pages/TestLottie.jsx'
[2026-07-22 01:13:08] [INFO] Maksimal AI Analiz Bazaya Yazıldı: 'admin-sistemi/src/pages/TestProfilePage.jsx'
[2026-07-22 01:13:09] [INFO] Maksimal AI Analiz Bazaya Yazıldı: 'admin-sistemi/src/pages/VacationRequestsPage.jsx'
[2026-07-22 01:13:09] [INFO] Maksimal AI Analiz Bazaya Yazıldı: 'admin-sistemi/src/pages/AdminTools/AdminClientLogs.jsx'
[2026-07-22 01:13:09] [INFO] Maksimal AI Analiz Bazaya Yazıldı: 'admin-sistemi/src/pages/AdminTools/AdminManagement.jsx'
[2026-07-22 01:13:09] [INFO] Maksimal AI Analiz Bazaya Yazıldı: 'admin-sistemi/src/pages/AdminTools/AdminToolsPage.jsx'
[2026-07-22 01:13:09] [INFO] Maksimal AI Analiz Bazaya Yazıldı: 'admin-sistemi/src/pages/AdminTools/DictionaryManager.jsx'
[2026-07-22 01:13:09] [INFO] Maksimal AI Analiz Bazaya Yazıldı: 'admin-sistemi/src/pages/AdminTools/SystemTestManager.jsx'
[2026-07-22 01:13:10] [INFO] Maksimal AI Analiz Bazaya Yazıldı: 'admin-sistemi/src/pages/Notifications/NotificationsPage.jsx'
[2026-07-22 01:13:10] [INFO] Maksimal AI Analiz Bazaya Yazıldı: 'admin-sistemi/src/services/adminApi.js'
[2026-07-22 01:13:10] [INFO] Maksimal AI Analiz Bazaya Yazıldı: 'admin-sistemi/src/services/api.js'
[2026-07-22 01:13:10] [INFO] Maksimal AI Analiz Bazaya Yazıldı: 'admin-sistemi/src/services/errorReporter.js'
[2026-07-22 01:13:10] [INFO] Maksimal AI Analiz Bazaya Yazıldı: 'admin-sistemi/src/services/logService.js'
[2026-07-22 01:13:10] [INFO] Maksimal AI Analiz Bazaya Yazıldı: 'admin-sistemi/src/services/versionService.js'
[2026-07-22 01:13:10] [INFO] Maksimal AI Analiz Bazaya Yazıldı: 'admin-sistemi/src/test/apiService.test.js'
[2026-07-22 01:13:11] [INFO] Maksimal AI Analiz Bazaya Yazıldı: 'admin-sistemi/src/test/app_health.test.js'
[2026-07-22 01:13:11] [INFO] Maksimal AI Analiz Bazaya Yazıldı: 'admin-sistemi/src/test/login.test.jsx'
[2026-07-22 01:13:11] [INFO] Maksimal AI Analiz Bazaya Yazıldı: 'admin-sistemi/src/test/setup.js'
[2026-07-22 01:13:11] [INFO] Maksimal AI Analiz Bazaya Yazıldı: 'admin-sistemi/src/theme/design-system.css'
[2026-07-22 01:13:11] [INFO] Maksimal AI Analiz Bazaya Yazıldı: 'admin-sistemi/src/theme/theme.js'
[2026-07-22 01:13:11] [INFO] Maksimal AI Analiz Bazaya Yazıldı: 'admin-sistemi/src-tauri/Cargo.lock'
[2026-07-22 01:13:12] [INFO] Maksimal AI Analiz Bazaya Yazıldı: 'admin-sistemi/src-tauri/Cargo.toml'
[2026-07-22 01:13:12] [INFO] Maksimal AI Analiz Bazaya Yazıldı: 'admin-sistemi/src-tauri/build.rs'
[2026-07-22 01:13:12] [INFO] Maksimal AI Analiz Bazaya Yazıldı: 'admin-sistemi/src-tauri/build_err.log'
[2026-07-22 01:13:12] [INFO] Maksimal AI Analiz Bazaya Yazıldı: 'admin-sistemi/src-tauri/custom_api.txt'
[2026-07-22 01:13:12] [INFO] Maksimal AI Analiz Bazaya Yazıldı: 'admin-sistemi/src-tauri/error.log'
[2026-07-22 01:13:12] [INFO] Maksimal AI Analiz Bazaya Yazıldı: 'admin-sistemi/src-tauri/error_utf8.log'
[2026-07-22 01:13:12] [INFO] Maksimal AI Analiz Bazaya Yazıldı: 'admin-sistemi/src-tauri/extract_keys.py'
[2026-07-22 01:13:13] [INFO] Maksimal AI Analiz Bazaya Yazıldı: 'admin-sistemi/src-tauri/private.key'
[2026-07-22 01:13:13] [INFO] Maksimal AI Analiz Bazaya Yazıldı: 'admin-sistemi/src-tauri/public.key'
[2026-07-22 01:13:13] [INFO] Maksimal AI Analiz Bazaya Yazıldı: 'admin-sistemi/src-tauri/tauri.conf.json'
[2026-07-22 01:13:13] [INFO] Maksimal AI Analiz Bazaya Yazıldı: 'admin-sistemi/src-tauri/build/hooks.nsh'
[2026-07-22 01:13:13] [INFO] Maksimal AI Analiz Bazaya Yazıldı: 'admin-sistemi/src-tauri/capabilities/default.json'
[2026-07-22 01:13:13] [INFO] Maksimal AI Analiz Bazaya Yazıldı: 'admin-sistemi/src-tauri/gen/schemas/acl-manifests.json'
[2026-07-22 01:13:14] [INFO] Maksimal AI Analiz Bazaya Yazıldı: 'admin-sistemi/src-tauri/gen/schemas/capabilities.json'
[2026-07-22 01:13:14] [INFO] Maksimal AI Analiz Bazaya Yazıldı: 'admin-sistemi/src-tauri/gen/schemas/desktop-schema.json'
[2026-07-22 01:13:14] [INFO] Maksimal AI Analiz Bazaya Yazıldı: 'admin-sistemi/src-tauri/gen/schemas/windows-schema.json'
[2026-07-22 01:13:14] [INFO] Maksimal AI Analiz Bazaya Yazıldı: 'admin-sistemi/src-tauri/icons/128x128.png'
[2026-07-22 01:13:15] [INFO] Maksimal AI Analiz Bazaya Yazıldı: 'admin-sistemi/src-tauri/icons/128x128@2x.png'
[2026-07-22 01:13:15] [INFO] Maksimal AI Analiz Bazaya Yazıldı: 'admin-sistemi/src-tauri/icons/32x32.png'
[2026-07-22 01:13:15] [INFO] Maksimal AI Analiz Bazaya Yazıldı: 'admin-sistemi/src-tauri/icons/icon.icns'
[2026-07-22 01:13:16] [INFO] Maksimal AI Analiz Bazaya Yazıldı: 'admin-sistemi/src-tauri/icons/icon.ico'
[2026-07-22 01:13:16] [INFO] Maksimal AI Analiz Bazaya Yazıldı: 'admin-sistemi/src-tauri/icons/icon.png'
[2026-07-22 01:13:17] [INFO] Maksimal AI Analiz Bazaya Yazıldı: 'admin-sistemi/src-tauri/icons/icons.icns'
[2026-07-22 01:13:17] [INFO] Maksimal AI Analiz Bazaya Yazıldı: 'admin-sistemi/src-tauri/icons/icons.ico'
[2026-07-22 01:13:17] [INFO] Maksimal AI Analiz Bazaya Yazıldı: 'admin-sistemi/src-tauri/icons/icons.png'
[2026-07-22 01:13:17] [INFO] Maksimal AI Analiz Bazaya Yazıldı: 'admin-sistemi/src-tauri/settings/pre_install.nsh'
[2026-07-22 01:13:17] [INFO] Maksimal AI Analiz Bazaya Yazıldı: 'admin-sistemi/src-tauri/src/main.rs'
[2026-07-22 01:13:18] [INFO] Maksimal AI Analiz Bazaya Yazıldı: 'beledci/MUNDERICAT.md'
[2026-07-22 01:13:18] [INFO] Maksimal AI Analiz Bazaya Yazıldı: 'beledci/README.md'
[2026-07-22 01:13:18] [INFO] Maksimal AI Analiz Bazaya Yazıldı: 'beledci/YENILIKLER_PLAN.md'
[2026-07-22 01:13:18] [INFO] Maksimal AI Analiz Bazaya Yazıldı: 'beledci/YENILIKLER_PLAN_2.md'
[2026-07-22 01:13:29] [INFO] Maksimal AI Analiz Bazaya Yazıldı: 'beledci/beledci.html'
[2026-07-22 01:13:30] [INFO] Maksimal AI Analiz Bazaya Yazıldı: 'beledci/beledci.log'
[2026-07-22 01:13:30] [INFO] Maksimal AI Analiz Bazaya Yazıldı: 'beledci/beledci_generator.py'
[2026-07-22 01:13:35] [INFO] Maksimal AI Analiz Bazaya Yazıldı: 'beledci/beledci_kb.db'
[2026-07-22 01:13:36] [INFO] Maksimal AI Analiz Bazaya Yazıldı: 'beledci/descriptions.json'
[2026-07-22 01:13:36] [INFO] Maksimal AI Analiz Bazaya Yazıldı: 'docs/README.md'
[2026-07-22 01:13:36] [INFO] Maksimal AI Analiz Bazaya Yazıldı: 'github/repo_gui copy.py'
[2026-07-22 01:13:36] [INFO] Maksimal AI Analiz Bazaya Yazıldı: 'github/repo_gui.py'
[2026-07-22 01:13:36] [INFO] Maksimal AI Analiz Bazaya Yazıldı: 'github/repo_logs/log_2026-06-22.txt'
[2026-07-22 01:13:36] [INFO] Maksimal AI Analiz Bazaya Yazıldı: 'github/repo_logs/log_2026-07-01.txt'
[2026-07-22 01:13:36] [INFO] Maksimal AI Analiz Bazaya Yazıldı: 'github/repo_logs/log_2026-07-05.txt'
[2026-07-22 01:13:37] [INFO] Maksimal AI Analiz Bazaya Yazıldı: 'github/repo_logs/log_2026-07-06.txt'
[2026-07-22 01:13:37] [INFO] Maksimal AI Analiz Bazaya Yazıldı: 'github/repo_logs/log_2026-07-07.txt'
[2026-07-22 01:13:37] [INFO] Maksimal AI Analiz Bazaya Yazıldı: 'github/repo_logs/log_2026-07-08.txt'
[2026-07-22 01:13:37] [INFO] Maksimal AI Analiz Bazaya Yazıldı: 'github/repo_logs/log_2026-07-09.txt'
[2026-07-22 01:13:38] [INFO] Maksimal AI Analiz Bazaya Yazıldı: 'github/repo_logs/log_2026-07-10.txt'
[2026-07-22 01:13:38] [INFO] Maksimal AI Analiz Bazaya Yazıldı: 'github/repo_logs/log_2026-07-11.txt'
[2026-07-22 01:13:38] [INFO] Maksimal AI Analiz Bazaya Yazıldı: 'github/repo_logs/log_2026-07-12.txt'
[2026-07-22 01:13:38] [INFO] Maksimal AI Analiz Bazaya Yazıldı: 'github/repo_logs/log_2026-07-13.txt'
[2026-07-22 01:13:39] [INFO] Maksimal AI Analiz Bazaya Yazıldı: 'github/repo_logs/log_2026-07-14.txt'
[2026-07-22 01:13:39] [INFO] Maksimal AI Analiz Bazaya Yazıldı: 'github/repo_logs/log_2026-07-16.txt'
[2026-07-22 01:13:39] [INFO] Maksimal AI Analiz Bazaya Yazıldı: 'github/repo_logs/log_2026-07-19.txt'
[2026-07-22 01:13:39] [INFO] Maksimal AI Analiz Bazaya Yazıldı: 'github/repo_logs/log_2026-07-20.txt'
[2026-07-22 01:13:39] [INFO] Maksimal AI Analiz Bazaya Yazıldı: 'github/repo_logs/log_2026-07-21.txt'
[2026-07-22 01:13:39] [INFO] Maksimal AI Analiz Bazaya Yazıldı: 'mezuniyyet/MIGRATION_GUIDE.md'
[2026-07-22 01:13:40] [INFO] Maksimal AI Analiz Bazaya Yazıldı: 'mezuniyyet/NEXT_AGENT_INSTRUCTIONS.md'
[2026-07-22 01:13:40] [INFO] Maksimal AI Analiz Bazaya Yazıldı: 'mezuniyyet/beledci_mema.md'
[2026-07-22 01:13:40] [INFO] Maksimal AI Analiz Bazaya Yazıldı: 'mezuniyyet/build_and_push_app.py'
[2026-07-22 01:13:40] [INFO] Maksimal AI Analiz Bazaya Yazıldı: 'mezuniyyet/build_log.md'
[2026-07-22 01:13:40] [INFO] Maksimal AI Analiz Bazaya Yazıldı: 'mezuniyyet/custom_api.txt'
[2026-07-22 01:13:40] [INFO] Maksimal AI Analiz Bazaya Yazıldı: 'mezuniyyet/gelecek_planlar.md'
[2026-07-22 01:13:41] [INFO] Maksimal AI Analiz Bazaya Yazıldı: 'mezuniyyet/history_manager.py'
[2026-07-22 01:13:41] [INFO] Maksimal AI Analiz Bazaya Yazıldı: 'mezuniyyet/mema.md'
[2026-07-22 01:13:41] [INFO] Maksimal AI Analiz Bazaya Yazıldı: 'mezuniyyet/mezuniyyet-rust-taurisiz-olan.code-workspace'
[2026-07-22 01:13:41] [INFO] Maksimal AI Analiz Bazaya Yazıldı: 'mezuniyyet/run_app.py'
[2026-07-22 01:13:41] [INFO] Maksimal AI Analiz Bazaya Yazıldı: 'mezuniyyet/tauri_simulator.py'
[2026-07-22 01:13:41] [INFO] Maksimal AI Analiz Bazaya Yazıldı: 'mezuniyyet/test_smart_gate.py'
[2026-07-22 01:13:41] [INFO] Maksimal AI Analiz Bazaya Yazıldı: 'mezuniyyet/update_debug.py'
[2026-07-22 01:13:42] [INFO] Maksimal AI Analiz Bazaya Yazıldı: 'mezuniyyet/cloudflare-gate/wrangler.toml'
[2026-07-22 01:13:42] [INFO] Maksimal AI Analiz Bazaya Yazıldı: 'mezuniyyet/cloudflare-gate/src/index.js'
[2026-07-22 01:13:42] [INFO] Maksimal AI Analiz Bazaya Yazıldı: 'mezuniyyet/dizayn/index.html'
[2026-07-22 01:13:42] [INFO] Maksimal AI Analiz Bazaya Yazıldı: 'mezuniyyet/dizayn/script.js'
[2026-07-22 01:13:42] [INFO] Maksimal AI Analiz Bazaya Yazıldı: 'mezuniyyet/dizayn/style.css'
[2026-07-22 01:13:42] [INFO] Maksimal AI Analiz Bazaya Yazıldı: 'mezuniyyet/docs/MIGRATION_GUIDE.md'
[2026-07-22 01:13:43] [INFO] Maksimal AI Analiz Bazaya Yazıldı: 'mezuniyyet/docs/NEXT_AGENT_INSTRUCTIONS.md'
[2026-07-22 01:13:43] [INFO] Maksimal AI Analiz Bazaya Yazıldı: 'mezuniyyet/docs/beledci_mema.md'
[2026-07-22 01:13:43] [INFO] Maksimal AI Analiz Bazaya Yazıldı: 'mezuniyyet/docs/build_log.md'
[2026-07-22 01:13:43] [INFO] Maksimal AI Analiz Bazaya Yazıldı: 'mezuniyyet/docs/external-games__client__README.md'
[2026-07-22 01:13:43] [INFO] Maksimal AI Analiz Bazaya Yazıldı: 'mezuniyyet/docs/gelecek_planlar.md'
[2026-07-22 01:13:43] [INFO] Maksimal AI Analiz Bazaya Yazıldı: 'mezuniyyet/docs/mema.md'
[2026-07-22 01:13:43] [INFO] Maksimal AI Analiz Bazaya Yazıldı: 'mezuniyyet/docs/tests__README.md'
[2026-07-22 01:13:44] [INFO] Maksimal AI Analiz Bazaya Yazıldı: 'mezuniyyet/docs/tests__TEST_BASLAMA_REHBERI.md'
[2026-07-22 01:13:44] [INFO] Maksimal AI Analiz Bazaya Yazıldı: 'mezuniyyet/external-games/client/README.md'
[2026-07-22 01:13:44] [INFO] Maksimal AI Analiz Bazaya Yazıldı: 'mezuniyyet/external-games/client/eslint.config.js'
[2026-07-22 01:13:44] [INFO] Maksimal AI Analiz Bazaya Yazıldı: 'mezuniyyet/external-games/client/index.html'
[2026-07-22 01:13:44] [INFO] Maksimal AI Analiz Bazaya Yazıldı: 'mezuniyyet/external-games/client/package-lock.json'
[2026-07-22 01:13:44] [INFO] Maksimal AI Analiz Bazaya Yazıldı: 'mezuniyyet/external-games/client/package.json'
[2026-07-22 01:13:45] [INFO] Maksimal AI Analiz Bazaya Yazıldı: 'mezuniyyet/external-games/client/vite.config.js'
[2026-07-22 01:13:45] [INFO] Maksimal AI Analiz Bazaya Yazıldı: 'mezuniyyet/external-games/client/public/favicon.svg'
[2026-07-22 01:13:45] [INFO] Maksimal AI Analiz Bazaya Yazıldı: 'mezuniyyet/external-games/client/public/icons.svg'
[2026-07-22 01:13:45] [INFO] Maksimal AI Analiz Bazaya Yazıldı: 'mezuniyyet/external-games/client/src/App.css'
[2026-07-22 01:13:45] [INFO] Maksimal AI Analiz Bazaya Yazıldı: 'mezuniyyet/external-games/client/src/App.jsx'
[2026-07-22 01:13:45] [INFO] Maksimal AI Analiz Bazaya Yazıldı: 'mezuniyyet/external-games/client/src/SocketContext.jsx'
[2026-07-22 01:13:45] [INFO] Maksimal AI Analiz Bazaya Yazıldı: 'mezuniyyet/external-games/client/src/index.css'
[2026-07-22 01:13:46] [INFO] Maksimal AI Analiz Bazaya Yazıldı: 'mezuniyyet/external-games/client/src/main.jsx'
[2026-07-22 01:13:46] [INFO] Maksimal AI Analiz Bazaya Yazıldı: 'mezuniyyet/external-games/client/src/assets/hero.png'
[2026-07-22 01:13:46] [INFO] Maksimal AI Analiz Bazaya Yazıldı: 'mezuniyyet/external-games/client/src/assets/react.svg'
[2026-07-22 01:13:46] [INFO] Maksimal AI Analiz Bazaya Yazıldı: 'mezuniyyet/external-games/client/src/assets/vite.svg'
[2026-07-22 01:13:46] [INFO] Maksimal AI Analiz Bazaya Yazıldı: 'mezuniyyet/external-games/client/src/components/Games/TicTacToe/Board.jsx'
[2026-07-22 01:13:46] [INFO] Maksimal AI Analiz Bazaya Yazıldı: 'mezuniyyet/external-games/client/src/components/Games/TicTacToe/Dice3D.jsx'
[2026-07-22 01:13:47] [INFO] Maksimal AI Analiz Bazaya Yazıldı: 'mezuniyyet/external-games/client/src/components/Games/TicTacToe/DiceOverlay.jsx'
[2026-07-22 01:13:47] [INFO] Maksimal AI Analiz Bazaya Yazıldı: 'mezuniyyet/external-games/client/src/components/Games/TicTacToe/TicTacToe.jsx'
[2026-07-22 01:13:47] [INFO] Maksimal AI Analiz Bazaya Yazıldı: 'mezuniyyet/external-games/server/index.js'
[2026-07-22 01:13:47] [INFO] Maksimal AI Analiz Bazaya Yazıldı: 'mezuniyyet/external-games/server/package-lock.json'
[2026-07-22 01:13:47] [INFO] Maksimal AI Analiz Bazaya Yazıldı: 'mezuniyyet/external-games/server/package.json'
[2026-07-22 01:13:47] [INFO] Maksimal AI Analiz Bazaya Yazıldı: 'mezuniyyet/external-games/server/unban.js'
[2026-07-22 01:13:47] [INFO] Maksimal AI Analiz Bazaya Yazıldı: 'mezuniyyet/private key game/ssh-key-2026-06-15 (5).key'
[2026-07-22 01:13:48] [INFO] Maksimal AI Analiz Bazaya Yazıldı: 'mezuniyyet/requirements/requirements-dev.txt'
[2026-07-22 01:13:48] [INFO] Maksimal AI Analiz Bazaya Yazıldı: 'mezuniyyet/requirements/requirements-lock.txt'
[2026-07-22 01:13:48] [INFO] Maksimal AI Analiz Bazaya Yazıldı: 'mezuniyyet/requirements/requirements.txt'
[2026-07-22 01:13:48] [INFO] Maksimal AI Analiz Bazaya Yazıldı: 'mezuniyyet/rust-sistemi/add-defender-exclusion.ps1'
[2026-07-22 01:13:48] [INFO] Maksimal AI Analiz Bazaya Yazıldı: 'mezuniyyet/rust-sistemi/custom_api.txt'
[2026-07-22 01:13:48] [INFO] Maksimal AI Analiz Bazaya Yazıldı: 'mezuniyyet/rust-sistemi/dummy_test.txt.sig'
[2026-07-22 01:13:49] [INFO] Maksimal AI Analiz Bazaya Yazıldı: 'mezuniyyet/rust-sistemi/eslint.config.js'
[2026-07-22 01:13:49] [INFO] Maksimal AI Analiz Bazaya Yazıldı: 'mezuniyyet/rust-sistemi/generate_print_designs.cjs'
[2026-07-22 01:13:49] [INFO] Maksimal AI Analiz Bazaya Yazıldı: 'mezuniyyet/rust-sistemi/icon.png'
[2026-07-22 01:13:49] [INFO] Maksimal AI Analiz Bazaya Yazıldı: 'mezuniyyet/rust-sistemi/index.html'
[2026-07-22 01:13:49] [INFO] Maksimal AI Analiz Bazaya Yazıldı: 'mezuniyyet/rust-sistemi/package-lock.json'
[2026-07-22 01:13:49] [INFO] Maksimal AI Analiz Bazaya Yazıldı: 'mezuniyyet/rust-sistemi/package.json'
[2026-07-22 01:13:49] [INFO] Maksimal AI Analiz Bazaya Yazıldı: 'mezuniyyet/rust-sistemi/start_dev.bat'
[2026-07-22 01:13:50] [INFO] Maksimal AI Analiz Bazaya Yazıldı: 'mezuniyyet/rust-sistemi/vite.config.js'
[2026-07-22 01:13:50] [INFO] Maksimal AI Analiz Bazaya Yazıldı: 'mezuniyyet/rust-sistemi/new-api/Cargo.lock'
[2026-07-22 01:13:50] [INFO] Maksimal AI Analiz Bazaya Yazıldı: 'mezuniyyet/rust-sistemi/new-api/Cargo.toml'
[2026-07-22 01:13:50] [INFO] Maksimal AI Analiz Bazaya Yazıldı: 'mezuniyyet/rust-sistemi/new-api/Dockerfile'
[2026-07-22 01:13:50] [INFO] Maksimal AI Analiz Bazaya Yazıldı: 'mezuniyyet/rust-sistemi/new-api/build_and_deploy_api_local.py'
[2026-07-22 01:13:50] [INFO] Maksimal AI Analiz Bazaya Yazıldı: 'mezuniyyet/rust-sistemi/new-api/check2.txt'
[2026-07-22 01:13:51] [INFO] Maksimal AI Analiz Bazaya Yazıldı: 'mezuniyyet/rust-sistemi/new-api/check_errors.txt'
[2026-07-22 01:13:51] [INFO] Maksimal AI Analiz Bazaya Yazıldı: 'mezuniyyet/rust-sistemi/new-api/check_output.txt'
[2026-07-22 01:13:51] [INFO] Maksimal AI Analiz Bazaya Yazıldı: 'mezuniyyet/rust-sistemi/new-api/check_output_utf8.txt'
[2026-07-22 01:13:51] [INFO] Maksimal AI Analiz Bazaya Yazıldı: 'mezuniyyet/rust-sistemi/new-api/check_stderr.txt'
[2026-07-22 01:13:51] [INFO] Maksimal AI Analiz Bazaya Yazıldı: 'mezuniyyet/rust-sistemi/new-api/check_stdout.txt'
[2026-07-22 01:13:51] [INFO] Maksimal AI Analiz Bazaya Yazıldı: 'mezuniyyet/rust-sistemi/new-api/error.log'
[2026-07-22 01:13:51] [INFO] Maksimal AI Analiz Bazaya Yazıldı: 'mezuniyyet/rust-sistemi/new-api/error_ansi.txt'
[2026-07-22 01:13:52] [INFO] Maksimal AI Analiz Bazaya Yazıldı: 'mezuniyyet/rust-sistemi/new-api/errors.log'
[2026-07-22 01:13:52] [INFO] Maksimal AI Analiz Bazaya Yazıldı: 'mezuniyyet/rust-sistemi/new-api/errors.txt'
[2026-07-22 01:13:52] [INFO] Maksimal AI Analiz Bazaya Yazıldı: 'mezuniyyet/rust-sistemi/new-api/errors_json.log'
[2026-07-22 01:13:52] [INFO] Maksimal AI Analiz Bazaya Yazıldı: 'mezuniyyet/rust-sistemi/new-api/errors_utf8.log'
[2026-07-22 01:13:52] [INFO] Maksimal AI Analiz Bazaya Yazıldı: 'mezuniyyet/rust-sistemi/new-api/errors_utf8.txt'
[2026-07-22 01:13:52] [INFO] Maksimal AI Analiz Bazaya Yazıldı: 'mezuniyyet/rust-sistemi/new-api/last_test_run.log'
[2026-07-22 01:13:52] [INFO] Maksimal AI Analiz Bazaya Yazıldı: 'mezuniyyet/rust-sistemi/new-api/read_log.py'
[2026-07-22 01:13:53] [INFO] Maksimal AI Analiz Bazaya Yazıldı: 'mezuniyyet/rust-sistemi/new-api/render.yaml'
[2026-07-22 01:13:53] [INFO] Maksimal AI Analiz Bazaya Yazıldı: 'mezuniyyet/rust-sistemi/new-api/test_results.log'
[2026-07-22 01:13:53] [INFO] Maksimal AI Analiz Bazaya Yazıldı: 'mezuniyyet/rust-sistemi/new-api/tests_output.log'
[2026-07-22 01:13:53] [INFO] Maksimal AI Analiz Bazaya Yazıldı: 'mezuniyyet/rust-sistemi/new-api/logs/client_logs_2026-06-01.jsonl'
[2026-07-22 01:13:53] [INFO] Maksimal AI Analiz Bazaya Yazıldı: 'mezuniyyet/rust-sistemi/new-api/logs/client_logs_2026-06-02.jsonl'
[2026-07-22 01:13:54] [INFO] Maksimal AI Analiz Bazaya Yazıldı: 'mezuniyyet/rust-sistemi/new-api/logs/client_logs_2026-06-03.jsonl'
[2026-07-22 01:13:54] [INFO] Maksimal AI Analiz Bazaya Yazıldı: 'mezuniyyet/rust-sistemi/new-api/logs/client_logs_2026-06-04.jsonl'
[2026-07-22 01:13:54] [INFO] Maksimal AI Analiz Bazaya Yazıldı: 'mezuniyyet/rust-sistemi/new-api/logs/client_logs_2026-06-05.jsonl'
[2026-07-22 01:13:54] [INFO] Maksimal AI Analiz Bazaya Yazıldı: 'mezuniyyet/rust-sistemi/new-api/logs/client_logs_2026-06-08.jsonl'
[2026-07-22 01:13:54] [INFO] Maksimal AI Analiz Bazaya Yazıldı: 'mezuniyyet/rust-sistemi/new-api/logs/client_logs_2026-06-09.jsonl'
[2026-07-22 01:13:55] [INFO] Maksimal AI Analiz Bazaya Yazıldı: 'mezuniyyet/rust-sistemi/new-api/logs/client_logs_2026-06-10.jsonl'
[2026-07-22 01:13:55] [INFO] Maksimal AI Analiz Bazaya Yazıldı: 'mezuniyyet/rust-sistemi/new-api/logs/client_logs_2026-06-11.jsonl'
[2026-07-22 01:13:55] [INFO] Maksimal AI Analiz Bazaya Yazıldı: 'mezuniyyet/rust-sistemi/new-api/logs/client_logs_2026-06-15.jsonl'
[2026-07-22 01:13:55] [INFO] Maksimal AI Analiz Bazaya Yazıldı: 'mezuniyyet/rust-sistemi/new-api/logs/client_logs_2026-06-16.jsonl'
[2026-07-22 01:13:56] [INFO] Maksimal AI Analiz Bazaya Yazıldı: 'mezuniyyet/rust-sistemi/new-api/logs/client_logs_2026-06-19.jsonl'
[2026-07-22 01:13:56] [INFO] Maksimal AI Analiz Bazaya Yazıldı: 'mezuniyyet/rust-sistemi/new-api/logs/client_logs_2026-06-21.jsonl'
[2026-07-22 01:13:56] [INFO] Maksimal AI Analiz Bazaya Yazıldı: 'mezuniyyet/rust-sistemi/new-api/logs/client_logs_2026-06-29.jsonl'
[2026-07-22 01:13:56] [INFO] Maksimal AI Analiz Bazaya Yazıldı: 'mezuniyyet/rust-sistemi/new-api/logs/client_logs_2026-07-10.jsonl'
[2026-07-22 01:13:57] [INFO] Maksimal AI Analiz Bazaya Yazıldı: 'mezuniyyet/rust-sistemi/new-api/logs/client_logs_2026-07-11.jsonl'
[2026-07-22 01:13:57] [INFO] Maksimal AI Analiz Bazaya Yazıldı: 'mezuniyyet/rust-sistemi/new-api/logs/client_logs_2026-07-12.jsonl'
[2026-07-22 01:13:57] [INFO] Maksimal AI Analiz Bazaya Yazıldı: 'mezuniyyet/rust-sistemi/new-api/logs/client_logs_2026-07-20.jsonl'
[2026-07-22 01:13:57] [INFO] Maksimal AI Analiz Bazaya Yazıldı: 'mezuniyyet/rust-sistemi/new-api/logs/client_logs_2026-07-21.jsonl'
[2026-07-22 01:13:58] [INFO] Maksimal AI Analiz Bazaya Yazıldı: 'mezuniyyet/rust-sistemi/new-api/migrations/20240101000000_init.sql'
[2026-07-22 01:13:58] [INFO] Maksimal AI Analiz Bazaya Yazıldı: 'mezuniyyet/rust-sistemi/new-api/migrations/20260107_expand_chat_schema.sql'
[2026-07-22 01:13:58] [INFO] Maksimal AI Analiz Bazaya Yazıldı: 'mezuniyyet/rust-sistemi/new-api/migrations/20260710000000_setup_tokens.sql'
[2026-07-22 01:13:58] [INFO] Maksimal AI Analiz Bazaya Yazıldı: 'mezuniyyet/rust-sistemi/new-api/src/db.rs'
[2026-07-22 01:13:58] [INFO] Maksimal AI Analiz Bazaya Yazıldı: 'mezuniyyet/rust-sistemi/new-api/src/handlers.rs'
[2026-07-22 01:13:58] [INFO] Maksimal AI Analiz Bazaya Yazıldı: 'mezuniyyet/rust-sistemi/new-api/src/main.rs'
[2026-07-22 01:13:58] [INFO] Maksimal AI Analiz Bazaya Yazıldı: 'mezuniyyet/rust-sistemi/new-api/src/migrations.rs'
[2026-07-22 01:13:59] [INFO] Maksimal AI Analiz Bazaya Yazıldı: 'mezuniyyet/rust-sistemi/new-api/src/models.rs'
[2026-07-22 01:13:59] [INFO] Maksimal AI Analiz Bazaya Yazıldı: 'mezuniyyet/rust-sistemi/new-api/src/tests_integration.rs'
[2026-07-22 01:13:59] [INFO] Maksimal AI Analiz Bazaya Yazıldı: 'mezuniyyet/rust-sistemi/new-api/src/utils.rs'
[2026-07-22 01:13:59] [INFO] Maksimal AI Analiz Bazaya Yazıldı: 'mezuniyyet/rust-sistemi/new-api/src/handlers/admin.rs'
[2026-07-22 01:13:59] [INFO] Maksimal AI Analiz Bazaya Yazıldı: 'mezuniyyet/rust-sistemi/new-api/src/handlers/auth.rs'
[2026-07-22 01:13:59] [INFO] Maksimal AI Analiz Bazaya Yazıldı: 'mezuniyyet/rust-sistemi/new-api/src/handlers/business.rs'
[2026-07-22 01:13:59] [INFO] Maksimal AI Analiz Bazaya Yazıldı: 'mezuniyyet/rust-sistemi/new-api/src/handlers/chat.rs'
[2026-07-22 01:14:00] [INFO] Maksimal AI Analiz Bazaya Yazıldı: 'mezuniyyet/rust-sistemi/new-api/src/handlers/client_logs.rs'
[2026-07-22 01:14:00] [INFO] Maksimal AI Analiz Bazaya Yazıldı: 'mezuniyyet/rust-sistemi/new-api/src/handlers/dashboard.rs'
[2026-07-22 01:14:00] [INFO] Maksimal AI Analiz Bazaya Yazıldı: 'mezuniyyet/rust-sistemi/new-api/src/handlers/employees.rs'
[2026-07-22 01:14:00] [INFO] Maksimal AI Analiz Bazaya Yazıldı: 'mezuniyyet/rust-sistemi/new-api/src/handlers/errors.rs'
[2026-07-22 01:14:00] [INFO] Maksimal AI Analiz Bazaya Yazıldı: 'mezuniyyet/rust-sistemi/new-api/src/handlers/notification.rs'
[2026-07-22 01:14:00] [INFO] Maksimal AI Analiz Bazaya Yazıldı: 'mezuniyyet/rust-sistemi/new-api/src/handlers/notifications.rs'
[2026-07-22 01:14:00] [INFO] Maksimal AI Analiz Bazaya Yazıldı: 'mezuniyyet/rust-sistemi/new-api/src/handlers/profile.rs'
[2026-07-22 01:14:01] [INFO] Maksimal AI Analiz Bazaya Yazıldı: 'mezuniyyet/rust-sistemi/new-api/src/handlers/super_admin.rs'
[2026-07-22 01:14:01] [INFO] Maksimal AI Analiz Bazaya Yazıldı: 'mezuniyyet/rust-sistemi/new-api/src/handlers/tenant.rs'
[2026-07-22 01:14:01] [INFO] Maksimal AI Analiz Bazaya Yazıldı: 'mezuniyyet/rust-sistemi/new-api/src/handlers/tenants.rs'
[2026-07-22 01:14:01] [INFO] Maksimal AI Analiz Bazaya Yazıldı: 'mezuniyyet/rust-sistemi/new-api/src/handlers/vacations.rs'
[2026-07-22 01:14:01] [INFO] Maksimal AI Analiz Bazaya Yazıldı: 'mezuniyyet/rust-sistemi/new-api/src/handlers/version.rs'
[2026-07-22 01:14:01] [INFO] Maksimal AI Analiz Bazaya Yazıldı: 'mezuniyyet/rust-sistemi/new-api/src/handlers/websocket.rs'
[2026-07-22 01:14:02] [INFO] Maksimal AI Analiz Bazaya Yazıldı: 'mezuniyyet/rust-sistemi/new-api/src/middleware/admin.rs'
[2026-07-22 01:14:02] [INFO] Maksimal AI Analiz Bazaya Yazıldı: 'mezuniyyet/rust-sistemi/new-api/src/middleware/auth.rs'
[2026-07-22 01:14:02] [INFO] Maksimal AI Analiz Bazaya Yazıldı: 'mezuniyyet/rust-sistemi/new-api/src/middleware/gateway_auth.rs'
[2026-07-22 01:14:02] [INFO] Maksimal AI Analiz Bazaya Yazıldı: 'mezuniyyet/rust-sistemi/new-api/src/middleware/ip.rs'
[2026-07-22 01:14:02] [INFO] Maksimal AI Analiz Bazaya Yazıldı: 'mezuniyyet/rust-sistemi/new-api/src/middleware/logger.rs'
[2026-07-22 01:14:02] [INFO] Maksimal AI Analiz Bazaya Yazıldı: 'mezuniyyet/rust-sistemi/new-api/src/middleware/mod.rs'
[2026-07-22 01:14:02] [INFO] Maksimal AI Analiz Bazaya Yazıldı: 'mezuniyyet/rust-sistemi/new-api/src/middleware/rate_limit.rs'
[2026-07-22 01:14:02] [INFO] Maksimal AI Analiz Bazaya Yazıldı: 'mezuniyyet/rust-sistemi/new-api/src/middleware/rate_limit_tracker.rs'
[2026-07-22 01:14:03] [INFO] Maksimal AI Analiz Bazaya Yazıldı: 'mezuniyyet/rust-sistemi/new-api/src/middleware/server_logger.rs'
[2026-07-22 01:14:03] [INFO] Maksimal AI Analiz Bazaya Yazıldı: 'mezuniyyet/rust-sistemi/public/Airplane.json'
[2026-07-22 01:14:03] [INFO] Maksimal AI Analiz Bazaya Yazıldı: 'mezuniyyet/rust-sistemi/public/calendar_design.html'
[2026-07-22 01:14:03] [INFO] Maksimal AI Analiz Bazaya Yazıldı: 'mezuniyyet/rust-sistemi/public/home_design.html'
[2026-07-22 01:14:03] [INFO] Maksimal AI Analiz Bazaya Yazıldı: 'mezuniyyet/rust-sistemi/public/log_designs.html'
[2026-07-22 01:14:03] [INFO] Maksimal AI Analiz Bazaya Yazıldı: 'mezuniyyet/rust-sistemi/public/splash.html'
[2026-07-22 01:14:04] [INFO] Maksimal AI Analiz Bazaya Yazıldı: 'mezuniyyet/rust-sistemi/public/test_airplane.html'
[2026-07-22 01:14:04] [INFO] Maksimal AI Analiz Bazaya Yazıldı: 'mezuniyyet/rust-sistemi/public/test_lottie.html'
[2026-07-22 01:14:04] [INFO] Maksimal AI Analiz Bazaya Yazıldı: 'mezuniyyet/rust-sistemi/public/test_print.html'
[2026-07-22 01:14:04] [INFO] Maksimal AI Analiz Bazaya Yazıldı: 'mezuniyyet/rust-sistemi/public/splash-animations/lego.html'
[2026-07-22 01:14:04] [INFO] Maksimal AI Analiz Bazaya Yazıldı: 'mezuniyyet/rust-sistemi/public/splash-animations/tree.html'
[2026-07-22 01:14:04] [INFO] Maksimal AI Analiz Bazaya Yazıldı: 'mezuniyyet/rust-sistemi/src/App.jsx'
[2026-07-22 01:14:04] [INFO] Maksimal AI Analiz Bazaya Yazıldı: 'mezuniyyet/rust-sistemi/src/index.css'
[2026-07-22 01:14:05] [INFO] Maksimal AI Analiz Bazaya Yazıldı: 'mezuniyyet/rust-sistemi/src/main.jsx'
[2026-07-22 01:14:05] [INFO] Maksimal AI Analiz Bazaya Yazıldı: 'mezuniyyet/rust-sistemi/src/components/AnimatedLoader.css'
[2026-07-22 01:14:05] [INFO] Maksimal AI Analiz Bazaya Yazıldı: 'mezuniyyet/rust-sistemi/src/components/AnimatedLoader.css.map'
[2026-07-22 01:14:05] [INFO] Maksimal AI Analiz Bazaya Yazıldı: 'mezuniyyet/rust-sistemi/src/components/AnimatedLoader.jsx'
[2026-07-22 01:14:05] [INFO] Maksimal AI Analiz Bazaya Yazıldı: 'mezuniyyet/rust-sistemi/src/components/CardCustomizerOverlay.jsx'
[2026-07-22 01:14:05] [INFO] Maksimal AI Analiz Bazaya Yazıldı: 'mezuniyyet/rust-sistemi/src/components/CreepyButton.css'
[2026-07-22 01:14:06] [INFO] Maksimal AI Analiz Bazaya Yazıldı: 'mezuniyyet/rust-sistemi/src/components/CreepyButton.jsx'
[2026-07-22 01:14:06] [INFO] Maksimal AI Analiz Bazaya Yazıldı: 'mezuniyyet/rust-sistemi/src/components/DebugConsole.jsx'
[2026-07-22 01:14:06] [INFO] Maksimal AI Analiz Bazaya Yazıldı: 'mezuniyyet/rust-sistemi/src/components/DebugToggleButton.jsx'
[2026-07-22 01:14:06] [INFO] Maksimal AI Analiz Bazaya Yazıldı: 'mezuniyyet/rust-sistemi/src/components/EditEmployeeModal.jsx'
[2026-07-22 01:14:06] [INFO] Maksimal AI Analiz Bazaya Yazıldı: 'mezuniyyet/rust-sistemi/src/components/EmployeeFormDialog.jsx'
[2026-07-22 01:14:06] [INFO] Maksimal AI Analiz Bazaya Yazıldı: 'mezuniyyet/rust-sistemi/src/components/ErrorBoundary.jsx'
[2026-07-22 01:14:06] [INFO] Maksimal AI Analiz Bazaya Yazıldı: 'mezuniyyet/rust-sistemi/src/components/Footer.jsx'
[2026-07-22 01:14:07] [INFO] Maksimal AI Analiz Bazaya Yazıldı: 'mezuniyyet/rust-sistemi/src/components/LeafTransition.jsx'
[2026-07-22 01:14:07] [INFO] Maksimal AI Analiz Bazaya Yazıldı: 'mezuniyyet/rust-sistemi/src/components/ProtectedRoute.jsx'
[2026-07-22 01:14:07] [INFO] Maksimal AI Analiz Bazaya Yazıldı: 'mezuniyyet/rust-sistemi/src/components/RateLimitOverlay.jsx'
[2026-07-22 01:14:07] [INFO] Maksimal AI Analiz Bazaya Yazıldı: 'mezuniyyet/rust-sistemi/src/components/TableToolbar.jsx'
[2026-07-22 01:14:07] [INFO] Maksimal AI Analiz Bazaya Yazıldı: 'mezuniyyet/rust-sistemi/src/components/TopBar.jsx'
[2026-07-22 01:14:07] [INFO] Maksimal AI Analiz Bazaya Yazıldı: 'mezuniyyet/rust-sistemi/src/components/UpdateNotification.jsx'
[2026-07-22 01:14:07] [INFO] Maksimal AI Analiz Bazaya Yazıldı: 'mezuniyyet/rust-sistemi/src/components/VacationCalendar.jsx'
[2026-07-22 01:14:08] [INFO] Maksimal AI Analiz Bazaya Yazıldı: 'mezuniyyet/rust-sistemi/src/components/VacationCalendar_backup.jsx'
[2026-07-22 01:14:08] [INFO] Maksimal AI Analiz Bazaya Yazıldı: 'mezuniyyet/rust-sistemi/src/components/auth/LoginPage.jsx'
[2026-07-22 01:14:08] [INFO] Maksimal AI Analiz Bazaya Yazıldı: 'mezuniyyet/rust-sistemi/src/components/calendar/CalendarPage.jsx'
[2026-07-22 01:14:08] [INFO] Maksimal AI Analiz Bazaya Yazıldı: 'mezuniyyet/rust-sistemi/src/components/common/LoadingOverlay.jsx'
[2026-07-22 01:14:08] [INFO] Maksimal AI Analiz Bazaya Yazıldı: 'mezuniyyet/rust-sistemi/src/components/common/ServerAwakening.jsx'
[2026-07-22 01:14:08] [INFO] Maksimal AI Analiz Bazaya Yazıldı: 'mezuniyyet/rust-sistemi/src/components/common/SplashScreen.jsx'
[2026-07-22 01:14:08] [INFO] Maksimal AI Analiz Bazaya Yazıldı: 'mezuniyyet/rust-sistemi/src/components/dashboard/DashboardPage.jsx'
[2026-07-22 01:14:09] [INFO] Maksimal AI Analiz Bazaya Yazıldı: 'mezuniyyet/rust-sistemi/src/components/employees/EmployeeList.jsx'
[2026-07-22 01:14:09] [INFO] Maksimal AI Analiz Bazaya Yazıldı: 'mezuniyyet/rust-sistemi/src/components/Games/ExternalGameWindow.jsx'
[2026-07-22 01:14:09] [INFO] Maksimal AI Analiz Bazaya Yazıldı: 'mezuniyyet/rust-sistemi/src/components/Games/TicTacToe/Board.jsx'
[2026-07-22 01:14:09] [INFO] Maksimal AI Analiz Bazaya Yazıldı: 'mezuniyyet/rust-sistemi/src/components/Games/TicTacToe/Dice3D.jsx'
[2026-07-22 01:14:09] [INFO] Maksimal AI Analiz Bazaya Yazıldı: 'mezuniyyet/rust-sistemi/src/components/Games/TicTacToe/DiceOverlay.jsx'
[2026-07-22 01:14:09] [INFO] Maksimal AI Analiz Bazaya Yazıldı: 'mezuniyyet/rust-sistemi/src/components/Games/TicTacToe/TicTacToe.jsx'
[2026-07-22 01:14:09] [INFO] Maksimal AI Analiz Bazaya Yazıldı: 'mezuniyyet/rust-sistemi/src/components/layout/AppLayout.jsx'
[2026-07-22 01:14:10] [INFO] Maksimal AI Analiz Bazaya Yazıldı: 'mezuniyyet/rust-sistemi/src/components/settings/SettingsPage.jsx'
[2026-07-22 01:14:10] [INFO] Maksimal AI Analiz Bazaya Yazıldı: 'mezuniyyet/rust-sistemi/src/components/Sidebar/EmployeeListSidebar.jsx'
[2026-07-22 01:14:10] [INFO] Maksimal AI Analiz Bazaya Yazıldı: 'mezuniyyet/rust-sistemi/src/components/Sidebar/IconSidebar.jsx'
[2026-07-22 01:14:10] [INFO] Maksimal AI Analiz Bazaya Yazıldı: 'mezuniyyet/rust-sistemi/src/components/ThemeSelector/ThemeSelector.jsx'
[2026-07-22 01:14:10] [INFO] Maksimal AI Analiz Bazaya Yazıldı: 'mezuniyyet/rust-sistemi/src/components/vacations/EditVacationDialog.jsx'
[2026-07-22 01:14:10] [INFO] Maksimal AI Analiz Bazaya Yazıldı: 'mezuniyyet/rust-sistemi/src/components/vacations/VacationList.jsx'
[2026-07-22 01:14:10] [INFO] Maksimal AI Analiz Bazaya Yazıldı: 'mezuniyyet/rust-sistemi/src/context/AuthContext.jsx'
[2026-07-22 01:14:11] [INFO] Maksimal AI Analiz Bazaya Yazıldı: 'mezuniyyet/rust-sistemi/src/context/NotificationContext.jsx'
[2026-07-22 01:14:11] [INFO] Maksimal AI Analiz Bazaya Yazıldı: 'mezuniyyet/rust-sistemi/src/context/SocketContext.jsx'
[2026-07-22 01:14:13] [INFO] Maksimal AI Analiz Bazaya Yazıldı: 'mezuniyyet/rust-sistemi/src/context/SoundAssets.js'
[2026-07-22 01:14:13] [INFO] Maksimal AI Analiz Bazaya Yazıldı: 'mezuniyyet/rust-sistemi/src/context/SoundContext.jsx'
[2026-07-22 01:14:13] [INFO] Maksimal AI Analiz Bazaya Yazıldı: 'mezuniyyet/rust-sistemi/src/context/ThemeContext.jsx'
[2026-07-22 01:14:14] [INFO] Maksimal AI Analiz Bazaya Yazıldı: 'mezuniyyet/rust-sistemi/src/layouts/MainLayout.jsx'
[2026-07-22 01:14:14] [INFO] Maksimal AI Analiz Bazaya Yazıldı: 'mezuniyyet/rust-sistemi/src/pages/AdminErrorLogs.jsx'
[2026-07-22 01:14:14] [INFO] Maksimal AI Analiz Bazaya Yazıldı: 'mezuniyyet/rust-sistemi/src/pages/AnimationShowcase.jsx'
[2026-07-22 01:14:14] [INFO] Maksimal AI Analiz Bazaya Yazıldı: 'mezuniyyet/rust-sistemi/src/pages/ArchivePage.jsx'
[2026-07-22 01:14:14] [INFO] Maksimal AI Analiz Bazaya Yazıldı: 'mezuniyyet/rust-sistemi/src/pages/CalendarPage.jsx'
[2026-07-22 01:14:14] [INFO] Maksimal AI Analiz Bazaya Yazıldı: 'mezuniyyet/rust-sistemi/src/pages/CalendarPage_backup.jsx'
[2026-07-22 01:14:15] [INFO] Maksimal AI Analiz Bazaya Yazıldı: 'mezuniyyet/rust-sistemi/src/pages/ChatPage.jsx'
[2026-07-22 01:14:15] [INFO] Maksimal AI Analiz Bazaya Yazıldı: 'mezuniyyet/rust-sistemi/src/pages/Dashboard.jsx'
[2026-07-22 01:14:15] [INFO] Maksimal AI Analiz Bazaya Yazıldı: 'mezuniyyet/rust-sistemi/src/pages/EmployeeDetails.jsx'
[2026-07-22 01:14:15] [INFO] Maksimal AI Analiz Bazaya Yazıldı: 'mezuniyyet/rust-sistemi/src/pages/Employees.jsx'
[2026-07-22 01:14:15] [INFO] Maksimal AI Analiz Bazaya Yazıldı: 'mezuniyyet/rust-sistemi/src/pages/Home.css'
[2026-07-22 01:14:15] [INFO] Maksimal AI Analiz Bazaya Yazıldı: 'mezuniyyet/rust-sistemi/src/pages/Home.jsx'
[2026-07-22 01:14:15] [INFO] Maksimal AI Analiz Bazaya Yazıldı: 'mezuniyyet/rust-sistemi/src/pages/Login.jsx'
[2026-07-22 01:14:16] [INFO] Maksimal AI Analiz Bazaya Yazıldı: 'mezuniyyet/rust-sistemi/src/pages/ProfilePage.jsx'
[2026-07-22 01:14:16] [INFO] Maksimal AI Analiz Bazaya Yazıldı: 'mezuniyyet/rust-sistemi/src/pages/Register.css'
[2026-07-22 01:14:16] [INFO] Maksimal AI Analiz Bazaya Yazıldı: 'mezuniyyet/rust-sistemi/src/pages/Register.jsx'
[2026-07-22 01:14:16] [INFO] Maksimal AI Analiz Bazaya Yazıldı: 'mezuniyyet/rust-sistemi/src/pages/ReportsPage.jsx'
[2026-07-22 01:14:16] [INFO] Maksimal AI Analiz Bazaya Yazıldı: 'mezuniyyet/rust-sistemi/src/pages/SecurityPage.jsx'
[2026-07-22 01:14:16] [INFO] Maksimal AI Analiz Bazaya Yazıldı: 'mezuniyyet/rust-sistemi/src/pages/SettingsPage.jsx'
[2026-07-22 01:14:17] [INFO] Maksimal AI Analiz Bazaya Yazıldı: 'mezuniyyet/rust-sistemi/src/pages/SetupCompany.jsx'
[2026-07-22 01:14:17] [INFO] Maksimal AI Analiz Bazaya Yazıldı: 'mezuniyyet/rust-sistemi/src/pages/TestCalendarPage.jsx'
[2026-07-22 01:14:17] [INFO] Maksimal AI Analiz Bazaya Yazıldı: 'mezuniyyet/rust-sistemi/src/pages/TestCardDesign.jsx'
[2026-07-22 01:14:17] [INFO] Maksimal AI Analiz Bazaya Yazıldı: 'mezuniyyet/rust-sistemi/src/pages/TestEmployees.jsx'
[2026-07-22 01:14:17] [INFO] Maksimal AI Analiz Bazaya Yazıldı: 'mezuniyyet/rust-sistemi/src/pages/TestLottie.jsx'
[2026-07-22 01:14:17] [INFO] Maksimal AI Analiz Bazaya Yazıldı: 'mezuniyyet/rust-sistemi/src/pages/TestProfilePage.jsx'
[2026-07-22 01:14:17] [INFO] Maksimal AI Analiz Bazaya Yazıldı: 'mezuniyyet/rust-sistemi/src/pages/VacationRequestsPage.jsx'
[2026-07-22 01:14:18] [INFO] Maksimal AI Analiz Bazaya Yazıldı: 'mezuniyyet/rust-sistemi/src/pages/AdminTools/AdminClientLogs.jsx'
[2026-07-22 01:14:18] [INFO] Maksimal AI Analiz Bazaya Yazıldı: 'mezuniyyet/rust-sistemi/src/pages/AdminTools/AdminManagement.jsx'
[2026-07-22 01:14:18] [INFO] Maksimal AI Analiz Bazaya Yazıldı: 'mezuniyyet/rust-sistemi/src/pages/AdminTools/AdminToolsPage.jsx'
[2026-07-22 01:14:18] [INFO] Maksimal AI Analiz Bazaya Yazıldı: 'mezuniyyet/rust-sistemi/src/pages/AdminTools/DictionaryManager.jsx'
[2026-07-22 01:14:18] [INFO] Maksimal AI Analiz Bazaya Yazıldı: 'mezuniyyet/rust-sistemi/src/pages/AdminTools/SystemTestManager.jsx'
[2026-07-22 01:14:18] [INFO] Maksimal AI Analiz Bazaya Yazıldı: 'mezuniyyet/rust-sistemi/src/pages/Notifications/NotificationsPage.jsx'
[2026-07-22 01:14:18] [INFO] Maksimal AI Analiz Bazaya Yazıldı: 'mezuniyyet/rust-sistemi/src/services/api.js'
[2026-07-22 01:14:19] [INFO] Maksimal AI Analiz Bazaya Yazıldı: 'mezuniyyet/rust-sistemi/src/services/errorReporter.js'
[2026-07-22 01:14:19] [INFO] Maksimal AI Analiz Bazaya Yazıldı: 'mezuniyyet/rust-sistemi/src/services/logService.js'
[2026-07-22 01:14:19] [INFO] Maksimal AI Analiz Bazaya Yazıldı: 'mezuniyyet/rust-sistemi/src/services/versionService.js'
[2026-07-22 01:14:19] [INFO] Maksimal AI Analiz Bazaya Yazıldı: 'mezuniyyet/rust-sistemi/src/test/apiService.test.js'
[2026-07-22 01:14:19] [INFO] Maksimal AI Analiz Bazaya Yazıldı: 'mezuniyyet/rust-sistemi/src/test/app_health.test.js'
[2026-07-22 01:14:19] [INFO] Maksimal AI Analiz Bazaya Yazıldı: 'mezuniyyet/rust-sistemi/src/test/login.test.jsx'
[2026-07-22 01:14:19] [INFO] Maksimal AI Analiz Bazaya Yazıldı: 'mezuniyyet/rust-sistemi/src/test/setup.js'
[2026-07-22 01:14:20] [INFO] Maksimal AI Analiz Bazaya Yazıldı: 'mezuniyyet/rust-sistemi/src/theme/design-system.css'
[2026-07-22 01:14:20] [INFO] Maksimal AI Analiz Bazaya Yazıldı: 'mezuniyyet/rust-sistemi/src/theme/theme.js'
[2026-07-22 01:14:20] [INFO] Maksimal AI Analiz Bazaya Yazıldı: 'mezuniyyet/rust-sistemi/src-tauri/Cargo.lock'
[2026-07-22 01:14:20] [INFO] Maksimal AI Analiz Bazaya Yazıldı: 'mezuniyyet/rust-sistemi/src-tauri/Cargo.toml'
[2026-07-22 01:14:20] [INFO] Maksimal AI Analiz Bazaya Yazıldı: 'mezuniyyet/rust-sistemi/src-tauri/build.rs'
[2026-07-22 01:14:20] [INFO] Maksimal AI Analiz Bazaya Yazıldı: 'mezuniyyet/rust-sistemi/src-tauri/custom_api.txt'
[2026-07-22 01:14:20] [INFO] Maksimal AI Analiz Bazaya Yazıldı: 'mezuniyyet/rust-sistemi/src-tauri/extract_keys.py'
[2026-07-22 01:14:21] [INFO] Maksimal AI Analiz Bazaya Yazıldı: 'mezuniyyet/rust-sistemi/src-tauri/private.key'
[2026-07-22 01:14:21] [INFO] Maksimal AI Analiz Bazaya Yazıldı: 'mezuniyyet/rust-sistemi/src-tauri/public.key'
[2026-07-22 01:14:21] [INFO] Maksimal AI Analiz Bazaya Yazıldı: 'mezuniyyet/rust-sistemi/src-tauri/tauri.conf.json'
[2026-07-22 01:14:21] [INFO] Maksimal AI Analiz Bazaya Yazıldı: 'mezuniyyet/rust-sistemi/src-tauri/build/hooks.nsh'
[2026-07-22 01:14:21] [INFO] Maksimal AI Analiz Bazaya Yazıldı: 'mezuniyyet/rust-sistemi/src-tauri/capabilities/default.json'
[2026-07-22 01:14:21] [INFO] Maksimal AI Analiz Bazaya Yazıldı: 'mezuniyyet/rust-sistemi/src-tauri/gen/schemas/acl-manifests.json'
[2026-07-22 01:14:21] [INFO] Maksimal AI Analiz Bazaya Yazıldı: 'mezuniyyet/rust-sistemi/src-tauri/gen/schemas/capabilities.json'
[2026-07-22 01:14:22] [INFO] Maksimal AI Analiz Bazaya Yazıldı: 'mezuniyyet/rust-sistemi/src-tauri/gen/schemas/desktop-schema.json'
[2026-07-22 01:14:22] [INFO] Maksimal AI Analiz Bazaya Yazıldı: 'mezuniyyet/rust-sistemi/src-tauri/gen/schemas/linux-schema.json'
[2026-07-22 01:14:22] [INFO] Maksimal AI Analiz Bazaya Yazıldı: 'mezuniyyet/rust-sistemi/src-tauri/gen/schemas/windows-schema.json'
[2026-07-22 01:14:22] [INFO] Maksimal AI Analiz Bazaya Yazıldı: 'mezuniyyet/rust-sistemi/src-tauri/icons/128x128.png'
[2026-07-22 01:14:23] [INFO] Maksimal AI Analiz Bazaya Yazıldı: 'mezuniyyet/rust-sistemi/src-tauri/icons/128x128@2x.png'
[2026-07-22 01:14:23] [INFO] Maksimal AI Analiz Bazaya Yazıldı: 'mezuniyyet/rust-sistemi/src-tauri/icons/32x32.png'
[2026-07-22 01:14:23] [INFO] Maksimal AI Analiz Bazaya Yazıldı: 'mezuniyyet/rust-sistemi/src-tauri/icons/icon.icns'
[2026-07-22 01:14:23] [INFO] Maksimal AI Analiz Bazaya Yazıldı: 'mezuniyyet/rust-sistemi/src-tauri/icons/icon.ico'
[2026-07-22 01:14:24] [INFO] Maksimal AI Analiz Bazaya Yazıldı: 'mezuniyyet/rust-sistemi/src-tauri/icons/icon.png'
[2026-07-22 01:14:24] [INFO] Maksimal AI Analiz Bazaya Yazıldı: 'mezuniyyet/rust-sistemi/src-tauri/icons/icons.icns'
[2026-07-22 01:14:24] [INFO] Maksimal AI Analiz Bazaya Yazıldı: 'mezuniyyet/rust-sistemi/src-tauri/icons/icons.ico'
[2026-07-22 01:14:25] [INFO] Maksimal AI Analiz Bazaya Yazıldı: 'mezuniyyet/rust-sistemi/src-tauri/icons/icons.png'
[2026-07-22 01:14:25] [INFO] Maksimal AI Analiz Bazaya Yazıldı: 'mezuniyyet/rust-sistemi/src-tauri/settings/pre_install.nsh'
[2026-07-22 01:14:25] [INFO] Maksimal AI Analiz Bazaya Yazıldı: 'mezuniyyet/rust-sistemi/src-tauri/src/main.rs'
[2026-07-22 01:14:25] [INFO] Maksimal AI Analiz Bazaya Yazıldı: 'mezuniyyet/tests/README.md'
[2026-07-22 01:14:25] [INFO] Maksimal AI Analiz Bazaya Yazıldı: 'mezuniyyet/tests/TEST_BASLAMA_REHBERI.md'
[2026-07-22 01:14:25] [INFO] Maksimal AI Analiz Bazaya Yazıldı: 'mezuniyyet/tests/conftest.py'
[2026-07-22 01:14:26] [INFO] Maksimal AI Analiz Bazaya Yazıldı: 'mezuniyyet/tests/package-lock.json'
[2026-07-22 01:14:26] [INFO] Maksimal AI Analiz Bazaya Yazıldı: 'mezuniyyet/tests/package.json'
[2026-07-22 01:14:26] [INFO] Maksimal AI Analiz Bazaya Yazıldı: 'mezuniyyet/tests/playwright.config.js'
[2026-07-22 01:14:26] [INFO] Maksimal AI Analiz Bazaya Yazıldı: 'mezuniyyet/tests/pytest.ini'
[2026-07-22 01:14:26] [INFO] Maksimal AI Analiz Bazaya Yazıldı: 'mezuniyyet/tests/run_tests.py'
[2026-07-22 01:14:26] [INFO] Maksimal AI Analiz Bazaya Yazıldı: 'mezuniyyet/tests/test_backend.py'
[2026-07-22 01:14:26] [INFO] Maksimal AI Analiz Bazaya Yazıldı: 'mezuniyyet/tests/diagnostics/check_cols.py'
[2026-07-22 01:14:27] [INFO] Maksimal AI Analiz Bazaya Yazıldı: 'mezuniyyet/tests/diagnostics/check_db.py'
[2026-07-22 01:14:27] [INFO] Maksimal AI Analiz Bazaya Yazıldı: 'mezuniyyet/tests/diagnostics/check_db_full.py'
[2026-07-22 01:14:27] [INFO] Maksimal AI Analiz Bazaya Yazıldı: 'mezuniyyet/tests/diagnostics/diagnose_api.py'
[2026-07-22 01:14:27] [INFO] Maksimal AI Analiz Bazaya Yazıldı: 'mezuniyyet/tests/diagnostics/extract_schema.py'
[2026-07-22 01:14:27] [INFO] Maksimal AI Analiz Bazaya Yazıldı: 'mezuniyyet/tests/diagnostics/full_schema.sql'
[2026-07-22 01:14:27] [INFO] Maksimal AI Analiz Bazaya Yazıldı: 'mezuniyyet/tests/diagnostics/get_tenant_db.py'
[2026-07-22 01:14:27] [INFO] Maksimal AI Analiz Bazaya Yazıldı: 'mezuniyyet/tests/diagnostics/launch_multi.py'
[2026-07-22 01:14:28] [INFO] Maksimal AI Analiz Bazaya Yazıldı: 'mezuniyyet/tests/diagnostics/list_tenants.py'
[2026-07-22 01:14:28] [INFO] Maksimal AI Analiz Bazaya Yazıldı: 'mezuniyyet/tests/diagnostics/setup_build_tools.py'
[2026-07-22 01:14:28] [INFO] Maksimal AI Analiz Bazaya Yazıldı: 'mezuniyyet/tests/diagnostics/setup_local_db.py'
[2026-07-22 01:14:28] [INFO] Maksimal AI Analiz Bazaya Yazıldı: 'mezuniyyet/tests/diagnostics/test_official_api.py'
[2026-07-22 01:14:28] [INFO] Maksimal AI Analiz Bazaya Yazıldı: 'mezuniyyet/tests/e2e/test_auth.spec.js'
[2026-07-22 01:14:28] [INFO] Maksimal AI Analiz Bazaya Yazıldı: 'mezuniyyet/tests/e2e/test_dashboard.spec.js'
[2026-07-22 01:14:35] [INFO] Maksimal AI Analiz Bazaya Yazıldı: 'mezuniyyet/tests/playwright-report/index.html'
[2026-07-22 01:14:35] [INFO] Maksimal AI Analiz Bazaya Yazıldı: 'scratch/check_key.py'
[2026-07-22 01:14:35] [INFO] Maksimal AI Analiz Bazaya Yazıldı: 'scratch/cleanup_vm.py'
[2026-07-22 01:14:36] [INFO] Maksimal AI Analiz Bazaya Yazıldı: 'scratch/decode_key.py'
[2026-07-22 01:14:36] [INFO] Maksimal AI Analiz Bazaya Yazıldı: 'scratch/diagnose_vm.py'
[2026-07-22 01:14:36] [INFO] Maksimal AI Analiz Bazaya Yazıldı: 'scratch/increase_swap.py'
[2026-07-22 01:14:36] [INFO] Maksimal AI Analiz Bazaya Yazıldı: 'scratch/install_panel_local.py'
[2026-07-22 01:14:36] [INFO] Maksimal AI Analiz Bazaya Yazıldı: 'scratch/test_sigs.py'
[2026-07-22 01:14:36] [INFO] Maksimal AI Analiz Bazaya Yazıldı: 'scratch/token_check.py'
[2026-07-22 01:14:36] [INFO] Maksimal AI Analiz Bazaya Yazıldı: 'server-repo-rust/README.md'
[2026-07-22 01:14:37] [INFO] Maksimal AI Analiz Bazaya Yazıldı: 'server-repo-rust/build_and_push_masterdeploy_local.py'
[2026-07-22 01:14:37] [INFO] Maksimal AI Analiz Bazaya Yazıldı: 'server-repo-rust/config.json'
[2026-07-22 01:14:37] [INFO] Maksimal AI Analiz Bazaya Yazıldı: 'server-repo-rust/gite_gonder_yeni.py'
[2026-07-22 01:14:37] [INFO] Maksimal AI Analiz Bazaya Yazıldı: 'server-repo-rust/github_repo_manager.py'
[2026-07-22 01:14:37] [INFO] Maksimal AI Analiz Bazaya Yazıldı: 'server-repo-rust/install.ps1'
[2026-07-22 01:14:37] [INFO] Maksimal AI Analiz Bazaya Yazıldı: 'server-repo-rust/install.sh'
[2026-07-22 01:14:37] [INFO] Maksimal AI Analiz Bazaya Yazıldı: 'server-repo-rust/install_remote.sh'
[2026-07-22 01:14:38] [INFO] Maksimal AI Analiz Bazaya Yazıldı: 'server-repo-rust/installer_gui.py'
[2026-07-22 01:14:38] [INFO] Maksimal AI Analiz Bazaya Yazıldı: 'server-repo-rust/installer_gui.py.mybackup'
[2026-07-22 01:14:38] [INFO] Maksimal AI Analiz Bazaya Yazıldı: 'server-repo-rust/remote_installer.py'
[2026-07-22 01:14:38] [INFO] Maksimal AI Analiz Bazaya Yazıldı: 'server-repo-rust/remote_installer.py.mybackup'
[2026-07-22 01:14:38] [INFO] Maksimal AI Analiz Bazaya Yazıldı: 'server-repo-rust/run_project.py'
[2026-07-22 01:14:38] [INFO] Maksimal AI Analiz Bazaya Yazıldı: 'server-repo-rust/run_test_project.py'
[2026-07-22 01:14:39] [INFO] Maksimal AI Analiz Bazaya Yazıldı: 'server-repo-rust/ssh-key-132.key'
[2026-07-22 01:14:39] [INFO] Maksimal AI Analiz Bazaya Yazıldı: 'server-repo-rust/ssh-key-84.key'
[2026-07-22 01:14:39] [INFO] Maksimal AI Analiz Bazaya Yazıldı: 'server-repo-rust/backup_static/app.js'
[2026-07-22 01:14:39] [INFO] Maksimal AI Analiz Bazaya Yazıldı: 'server-repo-rust/backup_static/changelog.json'
[2026-07-22 01:14:39] [INFO] Maksimal AI Analiz Bazaya Yazıldı: 'server-repo-rust/backup_static/docs.json'
[2026-07-22 01:14:39] [INFO] Maksimal AI Analiz Bazaya Yazıldı: 'server-repo-rust/backup_static/index.html'
[2026-07-22 01:14:40] [INFO] Maksimal AI Analiz Bazaya Yazıldı: 'server-repo-rust/backup_static/style.css'
[2026-07-22 01:14:40] [INFO] Maksimal AI Analiz Bazaya Yazıldı: 'server-repo-rust/backup_static/sw.js'
[2026-07-22 01:14:40] [INFO] Maksimal AI Analiz Bazaya Yazıldı: 'server-repo-rust/docs/README.md'
[2026-07-22 01:14:40] [INFO] Maksimal AI Analiz Bazaya Yazıldı: 'server-repo-rust/local_data/masterdeploy.db'
[2026-07-22 01:14:40] [INFO] Maksimal AI Analiz Bazaya Yazıldı: 'server-repo-rust/MasterDeploy-rust/Cargo.lock'
[2026-07-22 01:14:40] [INFO] Maksimal AI Analiz Bazaya Yazıldı: 'server-repo-rust/MasterDeploy-rust/Cargo.toml'
[2026-07-22 01:14:41] [INFO] Maksimal AI Analiz Bazaya Yazıldı: 'server-repo-rust/MasterDeploy-rust/Dockerfile'
